"cts","date","GPS (Lat.) [deg]","GPS (Long.) [deg]","GPS (Alt.) [m]","GPS (2D speed) [m/s]","GPS (3D speed) [m/s]","fix","precision"
0.000000, 2025-11-11T21:09:20.195Z, 42.291976, -71.262683, 48.719000, 0.136000, 0.090000, 3, 208
55.611111, 2025-11-11T21:09:20.250Z, 42.291977, -71.262684, 48.731000, 0.038000, 0.140000, 3, 208
111.222222, 2025-11-11T21:09:20.306Z, 42.291977, -71.262684, 48.718000, 0.020000, 0.040000, 3, 208
166.833333, 2025-11-11T21:09:20.361Z, 42.291977, -71.262683, 48.709000, 0.170000, 0.030000, 3, 208
222.444444, 2025-11-11T21:09:20.417Z, 42.291977, -71.262683, 48.705000, 0.197000, 0.170000, 3, 208
278.055556, 2025-11-11T21:09:20.473Z, 42.291978, -71.262683, 48.684000, 0.196000, 0.200000, 3, 208
333.666667, 2025-11-11T21:09:20.528Z, 42.291978, -71.262683, 48.672000, 0.170000, 0.200000, 3, 208
389.277778, 2025-11-11T21:09:20.584Z, 42.291978, -71.262683, 48.685000, 0.155000, 0.170000, 3, 208
444.888889, 2025-11-11T21:09:20.639Z, 42.291978, -71.262683, 48.685000, 0.157000, 0.160000, 3, 208
500.500000, 2025-11-11T21:09:20.695Z, 42.291978, -71.262683, 48.680000, 0.164000, 0.160000, 3, 208
556.111111, 2025-11-11T21:09:20.751Z, 42.291978, -71.262683, 48.677000, 0.215000, 0.170000, 3, 208
611.722222, 2025-11-11T21:09:20.806Z, 42.291979, -71.262683, 48.698000, 0.279000, 0.220000, 3, 208
667.333333, 2025-11-11T21:09:20.862Z, 42.291979, -71.262684, 48.691000, 0.384000, 0.280000, 3, 208
722.944444, 2025-11-11T21:09:20.917Z, 42.291979, -71.262684, 48.692000, 0.369000, 0.390000, 3, 208
778.555556, 2025-11-11T21:09:20.973Z, 42.291979, -71.262683, 48.685000, 0.286000, 0.370000, 3, 208
834.166667, 2025-11-11T21:09:21.029Z, 42.291979, -71.262682, 48.700000, 0.314000, 0.290000, 3, 208
889.777778, 2025-11-11T21:09:21.084Z, 42.291978, -71.262682, 48.679000, 0.383000, 0.320000, 3, 208
945.388889, 2025-11-11T21:09:21.140Z, 42.291978, -71.262682, 48.683000, 0.276000, 0.390000, 3, 208
1001.000000, 2025-11-11T21:09:22.505Z, 42.291978, -71.262683, 48.666000, 0.093000, 0.280000, 3, 208
1056.611111, 2025-11-11T21:09:22.560Z, 42.291979, -71.262684, 48.654000, 0.190000, 0.100000, 3, 208
1112.222222, 2025-11-11T21:09:22.616Z, 42.291979, -71.262684, 48.644000, 0.190000, 0.200000, 3, 208
1167.833333, 2025-11-11T21:09:22.671Z, 42.291978, -71.262683, 48.708000, 0.069000, 0.200000, 3, 208
1223.444444, 2025-11-11T21:09:22.727Z, 42.291978, -71.262683, 48.746000, 0.091000, 0.080000, 3, 208
1279.055556, 2025-11-11T21:09:22.783Z, 42.291978, -71.262683, 48.734000, 0.120000, 0.100000, 3, 208
1334.666667, 2025-11-11T21:09:22.838Z, 42.291978, -71.262684, 48.656000, 0.152000, 0.120000, 3, 208
1390.277778, 2025-11-11T21:09:22.894Z, 42.291978, -71.262684, 48.674000, 0.134000, 0.160000, 3, 208
1445.888889, 2025-11-11T21:09:22.949Z, 42.291979, -71.262683, 48.661000, 0.080000, 0.140000, 3, 208
1501.500000, 2025-11-11T21:09:23.005Z, 42.291979, -71.262683, 48.676000, 0.070000, 0.100000, 3, 208
1557.111111, 2025-11-11T21:09:23.061Z, 42.291980, -71.262682, 48.706000, 0.239000, 0.090000, 3, 208
1612.722222, 2025-11-11T21:09:23.116Z, 42.291979, -71.262683, 48.728000, 0.116000, 0.240000, 3, 208
1668.333333, 2025-11-11T21:09:23.172Z, 42.291979, -71.262683, 48.770000, 0.070000, 0.120000, 3, 208
1723.944444, 2025-11-11T21:09:23.227Z, 42.291979, -71.262683, 48.724000, 0.074000, 0.080000, 3, 208
1779.555556, 2025-11-11T21:09:23.283Z, 42.291979, -71.262682, 48.712000, 0.147000, 0.080000, 3, 208
1835.166667, 2025-11-11T21:09:23.339Z, 42.291979, -71.262682, 48.704000, 0.149000, 0.150000, 3, 208
1890.777778, 2025-11-11T21:09:23.394Z, 42.291980, -71.262682, 48.697000, 0.154000, 0.160000, 3, 208
1946.388889, 2025-11-11T21:09:23.450Z, 42.291980, -71.262682, 48.691000, 0.204000, 0.160000, 3, 208
2002.000000, 2025-11-11T21:09:23.550Z, 42.291980, -71.262682, 48.688000, 0.207000, 0.210000, 3, 208
2057.611111, 2025-11-11T21:09:23.605Z, 42.291980, -71.262682, 48.695000, 0.241000, 0.210000, 3, 208
2113.222222, 2025-11-11T21:09:23.661Z, 42.291980, -71.262682, 48.669000, 0.213000, 0.250000, 3, 208
2168.833333, 2025-11-11T21:09:23.716Z, 42.291981, -71.262682, 48.675000, 0.220000, 0.220000, 3, 208
2224.444444, 2025-11-11T21:09:23.772Z, 42.291981, -71.262682, 48.606000, 0.280000, 0.230000, 3, 208
2280.055556, 2025-11-11T21:09:23.828Z, 42.291981, -71.262682, 48.564000, 0.295000, 0.290000, 3, 208
2335.666667, 2025-11-11T21:09:23.883Z, 42.291982, -71.262682, 48.490000, 0.297000, 0.300000, 3, 208
2391.277778, 2025-11-11T21:09:23.939Z, 42.291982, -71.262682, 48.450000, 0.307000, 0.310000, 3, 208
2446.888889, 2025-11-11T21:09:23.994Z, 42.291983, -71.262682, 48.382000, 0.292000, 0.320000, 3, 208
2502.500000, 2025-11-11T21:09:24.050Z, 42.291983, -71.262682, 48.346000, 0.300000, 0.320000, 3, 208
2558.111111, 2025-11-11T21:09:24.106Z, 42.291983, -71.262682, 48.329000, 0.279000, 0.330000, 3, 208
2613.722222, 2025-11-11T21:09:24.161Z, 42.291983, -71.262682, 48.339000, 0.232000, 0.310000, 3, 208
2669.333333, 2025-11-11T21:09:24.217Z, 42.291983, -71.262682, 48.362000, 0.201000, 0.260000, 3, 208
2724.944444, 2025-11-11T21:09:24.272Z, 42.291982, -71.262682, 48.388000, 0.197000, 0.230000, 3, 208
2780.555556, 2025-11-11T21:09:24.328Z, 42.291982, -71.262682, 48.404000, 0.178000, 0.230000, 3, 208
2836.166667, 2025-11-11T21:09:24.384Z, 42.291982, -71.262682, 48.432000, 0.193000, 0.210000, 3, 208
2891.777778, 2025-11-11T21:09:24.439Z, 42.291982, -71.262682, 48.433000, 0.142000, 0.220000, 3, 208
2947.388889, 2025-11-11T21:09:24.495Z, 42.291981, -71.262682, 48.451000, 0.101000, 0.180000, 3, 208
3003.000000, 2025-11-11T21:09:24.540Z, 42.291981, -71.262683, 48.501000, 0.138000, 0.140000, 3, 208
3055.684211, 2025-11-11T21:09:24.592Z, 42.291981, -71.262683, 48.524000, 0.160000, 0.160000, 3, 208
3108.368421, 2025-11-11T21:09:24.645Z, 42.291980, -71.262682, 48.599000, 0.074000, 0.180000, 3, 208
3161.052632, 2025-11-11T21:09:24.698Z, 42.291980, -71.262682, 48.596000, 0.074000, 0.100000, 3, 208
3213.736842, 2025-11-11T21:09:24.750Z, 42.291980, -71.262682, 48.646000, 0.078000, 0.100000, 3, 208
3266.421053, 2025-11-11T21:09:24.803Z, 42.291981, -71.262682, 48.650000, 0.035000, 0.090000, 3, 208
3319.105263, 2025-11-11T21:09:24.856Z, 42.291981, -71.262681, 48.688000, 0.132000, 0.050000, 3, 208
3371.789474, 2025-11-11T21:09:24.908Z, 42.291981, -71.262681, 48.590000, 0.131000, 0.130000, 3, 208
3424.473684, 2025-11-11T21:09:24.961Z, 42.291982, -71.262681, 48.495000, 0.147000, 0.140000, 3, 208
3477.157895, 2025-11-11T21:09:25.014Z, 42.291982, -71.262681, 48.540000, 0.332000, 0.160000, 3, 208
3529.842105, 2025-11-11T21:09:25.066Z, 42.291983, -71.262680, 48.618000, 0.527000, 0.340000, 3, 208
3582.526316, 2025-11-11T21:09:25.119Z, 42.291983, -71.262679, 48.635000, 0.556000, 0.530000, 3, 208
3635.210526, 2025-11-11T21:09:25.172Z, 42.291984, -71.262681, 48.484000, 0.481000, 0.560000, 3, 208
3687.894737, 2025-11-11T21:09:25.224Z, 42.291984, -71.262681, 48.466000, 0.448000, 0.480000, 3, 208
3740.578947, 2025-11-11T21:09:25.277Z, 42.291984, -71.262681, 48.531000, 0.395000, 0.450000, 3, 208
3793.263158, 2025-11-11T21:09:25.330Z, 42.291983, -71.262681, 48.562000, 0.358000, 0.400000, 3, 208
3845.947368, 2025-11-11T21:09:25.382Z, 42.291984, -71.262681, 48.495000, 0.450000, 0.360000, 3, 208
3898.631579, 2025-11-11T21:09:25.435Z, 42.291985, -71.262681, 48.411000, 0.513000, 0.450000, 3, 208
3951.315789, 2025-11-11T21:09:25.488Z, 42.291985, -71.262681, 48.392000, 0.463000, 0.520000, 3, 208
4004.000000, 2025-11-11T21:09:25.530Z, 42.291985, -71.262681, 48.463000, 0.531000, 0.470000, 3, 208
4059.611111, 2025-11-11T21:09:25.585Z, 42.291985, -71.262681, 48.428000, 0.480000, 0.530000, 3, 208
4115.222222, 2025-11-11T21:09:25.641Z, 42.291986, -71.262681, 48.355000, 0.386000, 0.480000, 3, 208
4170.833333, 2025-11-11T21:09:25.696Z, 42.291986, -71.262681, 48.365000, 0.335000, 0.390000, 3, 208
4226.444444, 2025-11-11T21:09:25.752Z, 42.291986, -71.262680, 48.384000, 0.327000, 0.340000, 3, 208
4282.055556, 2025-11-11T21:09:25.808Z, 42.291986, -71.262680, 48.327000, 0.296000, 0.330000, 3, 208
4337.666667, 2025-11-11T21:09:25.863Z, 42.291986, -71.262680, 48.258000, 0.382000, 0.300000, 3, 208
4393.277778, 2025-11-11T21:09:25.919Z, 42.291987, -71.262680, 48.213000, 0.438000, 0.390000, 3, 208
4448.888889, 2025-11-11T21:09:25.974Z, 42.291987, -71.262680, 48.171000, 0.476000, 0.450000, 3, 208
4504.500000, 2025-11-11T21:09:26.030Z, 42.291988, -71.262680, 48.098000, 0.420000, 0.490000, 3, 208
4560.111111, 2025-11-11T21:09:26.086Z, 42.291988, -71.262681, 48.048000, 0.442000, 0.430000, 3, 208
4615.722222, 2025-11-11T21:09:26.141Z, 42.291988, -71.262681, 47.987000, 0.408000, 0.460000, 3, 208
4671.333333, 2025-11-11T21:09:26.197Z, 42.291988, -71.262681, 47.975000, 0.365000, 0.430000, 3, 208
4726.944444, 2025-11-11T21:09:26.252Z, 42.291989, -71.262681, 47.932000, 0.327000, 0.380000, 3, 208
4782.555556, 2025-11-11T21:09:26.308Z, 42.291989, -71.262681, 47.893000, 0.306000, 0.350000, 3, 208
4838.166667, 2025-11-11T21:09:26.364Z, 42.291989, -71.262681, 47.787000, 0.341000, 0.320000, 3, 208
4893.777778, 2025-11-11T21:09:26.419Z, 42.291990, -71.262682, 47.720000, 0.334000, 0.360000, 3, 208
4949.388889, 2025-11-11T21:09:26.475Z, 42.291990, -71.262682, 47.668000, 0.263000, 0.360000, 3, 208
5005.000000, 2025-11-11T21:09:26.575Z, 42.291990, -71.262682, 47.636000, 0.195000, 0.290000, 3, 278
5060.611111, 2025-11-11T21:09:26.630Z, 42.291990, -71.262683, 47.578000, 0.147000, 0.230000, 3, 278
5116.222222, 2025-11-11T21:09:26.686Z, 42.291990, -71.262683, 47.531000, 0.163000, 0.200000, 3, 278
5171.833333, 2025-11-11T21:09:26.741Z, 42.291990, -71.262683, 47.549000, 0.133000, 0.210000, 3, 278
5227.444444, 2025-11-11T21:09:26.797Z, 42.291990, -71.262683, 47.592000, 0.189000, 0.180000, 3, 278
5283.055556, 2025-11-11T21:09:26.853Z, 42.291991, -71.262683, 47.508000, 0.360000, 0.220000, 3, 278
5338.666667, 2025-11-11T21:09:26.908Z, 42.291991, -71.262684, 47.489000, 0.250000, 0.380000, 3, 278
5394.277778, 2025-11-11T21:09:26.964Z, 42.291990, -71.262684, 47.499000, 0.182000, 0.280000, 3, 278
5449.888889, 2025-11-11T21:09:27.019Z, 42.291990, -71.262684, 47.481000, 0.153000, 0.220000, 3, 278
5505.500000, 2025-11-11T21:09:27.075Z, 42.291991, -71.262684, 47.439000, 0.162000, 0.190000, 3, 278
5561.111111, 2025-11-11T21:09:27.131Z, 42.291991, -71.262684, 47.398000, 0.183000, 0.200000, 3, 278
5616.722222, 2025-11-11T21:09:27.186Z, 42.291991, -71.262685, 47.368000, 0.193000, 0.220000, 3, 278
5672.333333, 2025-11-11T21:09:27.242Z, 42.291991, -71.262685, 47.358000, 0.147000, 0.230000, 3, 278
5727.944444, 2025-11-11T21:09:27.297Z, 42.291991, -71.262685, 47.349000, 0.107000, 0.190000, 3, 278
5783.555556, 2025-11-11T21:09:27.353Z, 42.291992, -71.262685, 47.347000, 0.159000, 0.170000, 3, 278
5839.166667, 2025-11-11T21:09:27.409Z, 42.291991, -71.262686, 47.334000, 0.113000, 0.200000, 3, 278
5894.777778, 2025-11-11T21:09:27.464Z, 42.291992, -71.262685, 47.342000, 0.158000, 0.170000, 3, 278
5950.388889, 2025-11-11T21:09:27.520Z, 42.291992, -71.262685, 47.350000, 0.158000, 0.200000, 3, 278
6006.000000, 2025-11-11T21:09:27.510Z, 42.291992, -71.262686, 47.352000, 0.103000, 0.200000, 3, 278
6061.611111, 2025-11-11T21:09:27.565Z, 42.291991, -71.262686, 47.356000, 0.037000, 0.160000, 3, 278
6117.222222, 2025-11-11T21:09:27.621Z, 42.291991, -71.262686, 47.355000, 0.029000, 0.120000, 3, 278
6172.833333, 2025-11-11T21:09:27.676Z, 42.291991, -71.262686, 47.376000, 0.047000, 0.120000, 3, 278
6228.444444, 2025-11-11T21:09:27.732Z, 42.291991, -71.262686, 47.381000, 0.094000, 0.120000, 3, 278
6284.055556, 2025-11-11T21:09:27.788Z, 42.291991, -71.262686, 47.389000, 0.071000, 0.140000, 3, 278
6339.666667, 2025-11-11T21:09:27.843Z, 42.291990, -71.262687, 47.396000, 0.126000, 0.120000, 3, 278
6395.277778, 2025-11-11T21:09:27.899Z, 42.291990, -71.262687, 47.405000, 0.096000, 0.160000, 3, 278
6450.888889, 2025-11-11T21:09:27.954Z, 42.291990, -71.262687, 47.396000, 0.090000, 0.140000, 3, 278
6506.500000, 2025-11-11T21:09:28.010Z, 42.291990, -71.262687, 47.390000, 0.140000, 0.130000, 3, 278
6562.111111, 2025-11-11T21:09:28.066Z, 42.291990, -71.262687, 47.392000, 0.086000, 0.170000, 3, 278
6617.722222, 2025-11-11T21:09:28.121Z, 42.291990, -71.262687, 47.391000, 0.080000, 0.130000, 3, 278
6673.333333, 2025-11-11T21:09:28.177Z, 42.291990, -71.262687, 47.372000, 0.120000, 0.120000, 3, 278
6728.944444, 2025-11-11T21:09:28.232Z, 42.291990, -71.262688, 47.360000, 0.103000, 0.150000, 3, 278
6784.555556, 2025-11-11T21:09:28.288Z, 42.291990, -71.262688, 47.344000, 0.124000, 0.140000, 3, 278
6840.166667, 2025-11-11T21:09:28.344Z, 42.291990, -71.262688, 47.336000, 0.041000, 0.160000, 3, 278
6895.777778, 2025-11-11T21:09:28.399Z, 42.291990, -71.262688, 47.329000, 0.039000, 0.100000, 3, 278
6951.388889, 2025-11-11T21:09:28.455Z, 42.291990, -71.262688, 47.319000, 0.022000, 0.100000, 3, 278
7007.000000, 2025-11-11T21:09:28.555Z, 42.291990, -71.262688, 47.305000, 0.021000, 0.090000, 3, 278
7059.684211, 2025-11-11T21:09:28.607Z, 42.291991, -71.262688, 47.327000, 0.055000, 0.100000, 3, 278
7112.368421, 2025-11-11T21:09:28.660Z, 42.291991, -71.262688, 47.343000, 0.100000, 0.100000, 3, 278
7165.052632, 2025-11-11T21:09:28.713Z, 42.291991, -71.262688, 47.362000, 0.104000, 0.130000, 3, 278
7217.736842, 2025-11-11T21:09:28.765Z, 42.291990, -71.262688, 47.384000, 0.083000, 0.130000, 3, 278
7270.421053, 2025-11-11T21:09:28.818Z, 42.291991, -71.262688, 47.389000, 0.093000, 0.110000, 3, 278
7323.105263, 2025-11-11T21:09:28.871Z, 42.291991, -71.262687, 47.392000, 0.071000, 0.120000, 3, 278
7375.789474, 2025-11-11T21:09:28.923Z, 42.291990, -71.262687, 47.395000, 0.040000, 0.100000, 3, 278
7428.473684, 2025-11-11T21:09:28.976Z, 42.291990, -71.262687, 47.398000, 0.051000, 0.080000, 3, 278
7481.157895, 2025-11-11T21:09:29.029Z, 42.291990, -71.262687, 47.402000, 0.071000, 0.090000, 3, 278
7533.842105, 2025-11-11T21:09:29.081Z, 42.291990, -71.262687, 47.415000, 0.028000, 0.100000, 3, 278
7586.526316, 2025-11-11T21:09:29.134Z, 42.291990, -71.262687, 47.435000, 0.013000, 0.080000, 3, 278
7639.210526, 2025-11-11T21:09:29.187Z, 42.291990, -71.262687, 47.451000, 0.014000, 0.070000, 3, 278
7691.894737, 2025-11-11T21:09:29.239Z, 42.291990, -71.262687, 47.473000, 0.026000, 0.070000, 3, 278
7744.578947, 2025-11-11T21:09:29.292Z, 42.291990, -71.262687, 47.494000, 0.017000, 0.060000, 3, 278
7797.263158, 2025-11-11T21:09:29.345Z, 42.291990, -71.262687, 47.511000, 0.039000, 0.060000, 3, 278
7849.947368, 2025-11-11T21:09:29.397Z, 42.291990, -71.262687, 47.478000, 0.040000, 0.060000, 3, 278
7902.631579, 2025-11-11T21:09:29.450Z, 42.291990, -71.262687, 47.486000, 0.010000, 0.070000, 3, 278
7955.315789, 2025-11-11T21:09:29.503Z, 42.291990, -71.262687, 47.491000, 0.033000, 0.060000, 3, 278
8008.000000, 2025-11-11T21:09:29.545Z, 42.291990, -71.262687, 47.493000, 0.016000, 0.060000, 3, 208
8063.611111, 2025-11-11T21:09:29.600Z, 42.291990, -71.262687, 47.493000, 0.031000, 0.050000, 3, 208
8119.222222, 2025-11-11T21:09:29.656Z, 42.291990, -71.262687, 47.495000, 0.033000, 0.060000, 3, 208
8174.833333, 2025-11-11T21:09:29.711Z, 42.291990, -71.262687, 47.499000, 0.010000, 0.060000, 3, 208
8230.444444, 2025-11-11T21:09:29.767Z, 42.291989, -71.262687, 47.509000, 0.039000, 0.050000, 3, 208
8286.055556, 2025-11-11T21:09:29.823Z, 42.291989, -71.262688, 47.509000, 0.059000, 0.060000, 3, 208
8341.666667, 2025-11-11T21:09:29.878Z, 42.291989, -71.262687, 47.522000, 0.089000, 0.080000, 3, 208
8397.277778, 2025-11-11T21:09:29.934Z, 42.291989, -71.262688, 47.549000, 0.049000, 0.100000, 3, 208
8452.888889, 2025-11-11T21:09:29.989Z, 42.291989, -71.262688, 47.544000, 0.044000, 0.060000, 3, 208
8508.500000, 2025-11-11T21:09:30.045Z, 42.291989, -71.262687, 47.551000, 0.018000, 0.060000, 3, 208
8564.111111, 2025-11-11T21:09:30.101Z, 42.291989, -71.262688, 47.539000, 0.036000, 0.040000, 3, 208
8619.722222, 2025-11-11T21:09:30.156Z, 42.291989, -71.262688, 47.523000, 0.047000, 0.050000, 3, 208
8675.333333, 2025-11-11T21:09:30.212Z, 42.291989, -71.262688, 47.502000, 0.058000, 0.060000, 3, 208
8730.944444, 2025-11-11T21:09:30.267Z, 42.291990, -71.262688, 47.489000, 0.039000, 0.080000, 3, 208
8786.555556, 2025-11-11T21:09:30.323Z, 42.291990, -71.262688, 47.476000, 0.061000, 0.060000, 3, 208
8842.166667, 2025-11-11T21:09:30.379Z, 42.291990, -71.262688, 47.451000, 0.063000, 0.080000, 3, 208
8897.777778, 2025-11-11T21:09:30.434Z, 42.291989, -71.262688, 47.487000, 0.045000, 0.080000, 3, 208
8953.388889, 2025-11-11T21:09:30.490Z, 42.291989, -71.262688, 47.464000, 0.027000, 0.060000, 3, 208
9009.000000, 2025-11-11T21:09:30.535Z, 42.291990, -71.262688, 47.445000, 0.054000, 0.050000, 3, 213
9064.611111, 2025-11-11T21:09:30.590Z, 42.291990, -71.262688, 47.414000, 0.064000, 0.080000, 3, 213
9120.222222, 2025-11-11T21:09:30.646Z, 42.291990, -71.262688, 47.425000, 0.008000, 0.080000, 3, 213
9175.833333, 2025-11-11T21:09:30.701Z, 42.291990, -71.262688, 47.398000, 0.086000, 0.050000, 3, 213
9231.444444, 2025-11-11T21:09:30.757Z, 42.291990, -71.262688, 47.394000, 0.062000, 0.100000, 3, 213
9287.055556, 2025-11-11T21:09:30.813Z, 42.291990, -71.262688, 47.406000, 0.073000, 0.080000, 3, 213
9342.666667, 2025-11-11T21:09:30.868Z, 42.291990, -71.262688, 47.414000, 0.067000, 0.090000, 3, 213
9398.277778, 2025-11-11T21:09:30.924Z, 42.291990, -71.262688, 47.432000, 0.095000, 0.090000, 3, 213
9453.888889, 2025-11-11T21:09:30.979Z, 42.291990, -71.262688, 47.439000, 0.025000, 0.110000, 3, 213
9509.500000, 2025-11-11T21:09:31.035Z, 42.291989, -71.262688, 47.450000, 0.051000, 0.060000, 3, 213
9565.111111, 2025-11-11T21:09:31.091Z, 42.291989, -71.262688, 47.465000, 0.022000, 0.080000, 3, 213
9620.722222, 2025-11-11T21:09:31.146Z, 42.291989, -71.262688, 47.468000, 0.042000, 0.060000, 3, 213
9676.333333, 2025-11-11T21:09:31.202Z, 42.291989, -71.262688, 47.497000, 0.011000, 0.070000, 3, 213
9731.944444, 2025-11-11T21:09:31.257Z, 42.291989, -71.262688, 47.511000, 0.018000, 0.050000, 3, 213
9787.555556, 2025-11-11T21:09:31.313Z, 42.291989, -71.262688, 47.509000, 0.036000, 0.050000, 3, 213
9843.166667, 2025-11-11T21:09:31.369Z, 42.291989, -71.262688, 47.512000, 0.050000, 0.060000, 3, 213
9898.777778, 2025-11-11T21:09:31.424Z, 42.291989, -71.262688, 47.520000, 0.031000, 0.070000, 3, 213
9954.388889, 2025-11-11T21:09:31.480Z, 42.291989, -71.262688, 47.531000, 0.031000, 0.060000, 3, 213
10010.000000, 2025-11-11T21:09:31.580Z, 42.291989, -71.262688, 47.523000, 0.068000, 0.060000, 3, 213
10065.611111, 2025-11-11T21:09:31.635Z, 42.291989, -71.262688, 47.520000, 0.095000, 0.080000, 3, 213
10121.222222, 2025-11-11T21:09:31.691Z, 42.291989, -71.262688, 47.486000, 0.095000, 0.110000, 3, 213
10176.833333, 2025-11-11T21:09:31.746Z, 42.291988, -71.262688, 47.441000, 0.214000, 0.110000, 3, 213
10232.444444, 2025-11-11T21:09:31.802Z, 42.291988, -71.262686, 47.316000, 0.388000, 0.230000, 3, 213
10288.055556, 2025-11-11T21:09:31.858Z, 42.291988, -71.262686, 47.290000, 0.380000, 0.400000, 3, 213
10343.666667, 2025-11-11T21:09:31.913Z, 42.291988, -71.262686, 47.253000, 0.351000, 0.400000, 3, 213
10399.277778, 2025-11-11T21:09:31.969Z, 42.291988, -71.262686, 47.260000, 0.325000, 0.370000, 3, 213
10454.888889, 2025-11-11T21:09:32.024Z, 42.291988, -71.262686, 47.260000, 0.282000, 0.350000, 3, 213
10510.500000, 2025-11-11T21:09:32.080Z, 42.291988, -71.262688, 47.376000, 0.033000, 0.310000, 3, 213
10566.111111, 2025-11-11T21:09:32.136Z, 42.291989, -71.262688, 47.362000, 0.044000, 0.090000, 3, 213
10621.722222, 2025-11-11T21:09:32.191Z, 42.291989, -71.262688, 47.374000, 0.039000, 0.100000, 3, 213
10677.333333, 2025-11-11T21:09:32.247Z, 42.291989, -71.262688, 47.388000, 0.098000, 0.090000, 3, 213
10732.944444, 2025-11-11T21:09:32.302Z, 42.291989, -71.262689, 47.402000, 0.136000, 0.130000, 3, 213
10788.555556, 2025-11-11T21:09:32.358Z, 42.291990, -71.262689, 47.435000, 0.269000, 0.160000, 3, 213
10844.166667, 2025-11-11T21:09:32.414Z, 42.291990, -71.262690, 47.465000, 0.315000, 0.280000, 3, 213
10899.777778, 2025-11-11T21:09:32.469Z, 42.291990, -71.262690, 47.488000, 0.333000, 0.320000, 3, 213
10955.388889, 2025-11-11T21:09:32.525Z, 42.291990, -71.262691, 47.504000, 0.362000, 0.340000, 3, 213
11011.000000, 2025-11-11T21:09:32.570Z, 42.291990, -71.262691, 47.552000, 0.400000, 0.360000, 3, 213
11066.611111, 2025-11-11T21:09:32.625Z, 42.291991, -71.262692, 47.570000, 0.463000, 0.400000, 3, 213
11122.222222, 2025-11-11T21:09:32.681Z, 42.291991, -71.262692, 47.592000, 0.524000, 0.460000, 3, 213
11177.833333, 2025-11-11T21:09:32.736Z, 42.291991, -71.262693, 47.710000, 0.597000, 0.520000, 3, 213
11233.444444, 2025-11-11T21:09:32.792Z, 42.291991, -71.262693, 47.729000, 0.574000, 0.600000, 3, 213
11289.055556, 2025-11-11T21:09:32.848Z, 42.291991, -71.262693, 47.732000, 0.541000, 0.570000, 3, 213
11344.666667, 2025-11-11T21:09:32.903Z, 42.291991, -71.262693, 47.727000, 0.488000, 0.540000, 3, 213
11400.277778, 2025-11-11T21:09:32.959Z, 42.291991, -71.262693, 47.686000, 0.399000, 0.490000, 3, 213
11455.888889, 2025-11-11T21:09:33.014Z, 42.291991, -71.262693, 47.695000, 0.396000, 0.400000, 3, 213
11511.500000, 2025-11-11T21:09:33.070Z, 42.291991, -71.262693, 47.713000, 0.383000, 0.400000, 3, 213
11567.111111, 2025-11-11T21:09:33.126Z, 42.291990, -71.262692, 47.732000, 0.286000, 0.380000, 3, 213
11622.722222, 2025-11-11T21:09:33.181Z, 42.291990, -71.262692, 47.717000, 0.243000, 0.290000, 3, 213
11678.333333, 2025-11-11T21:09:33.237Z, 42.291990, -71.262692, 47.671000, 0.221000, 0.240000, 3, 213
11733.944444, 2025-11-11T21:09:33.292Z, 42.291990, -71.262692, 47.622000, 0.220000, 0.220000, 3, 213
11789.555556, 2025-11-11T21:09:33.348Z, 42.291990, -71.262692, 47.583000, 0.205000, 0.220000, 3, 213
11845.166667, 2025-11-11T21:09:33.404Z, 42.291990, -71.262692, 47.601000, 0.121000, 0.210000, 3, 213
11900.777778, 2025-11-11T21:09:33.459Z, 42.291990, -71.262692, 47.627000, 0.112000, 0.120000, 3, 213
11956.388889, 2025-11-11T21:09:33.515Z, 42.291989, -71.262692, 47.660000, 0.063000, 0.110000, 3, 213
12012.000000, 2025-11-11T21:09:33.560Z, 42.291989, -71.262692, 47.646000, 0.097000, 0.060000, 3, 213
12064.684211, 2025-11-11T21:09:33.612Z, 42.291989, -71.262692, 47.636000, 0.084000, 0.100000, 3, 213
12117.368421, 2025-11-11T21:09:33.665Z, 42.291989, -71.262692, 47.630000, 0.096000, 0.090000, 3, 213
12170.052632, 2025-11-11T21:09:33.718Z, 42.291989, -71.262692, 47.652000, 0.079000, 0.100000, 3, 213
12222.736842, 2025-11-11T21:09:33.770Z, 42.291989, -71.262692, 47.675000, 0.074000, 0.080000, 3, 213
12275.421053, 2025-11-11T21:09:33.823Z, 42.291989, -71.262692, 47.683000, 0.053000, 0.070000, 3, 213
12328.105263, 2025-11-11T21:09:33.876Z, 42.291989, -71.262692, 47.700000, 0.035000, 0.050000, 3, 213
12380.789474, 2025-11-11T21:09:33.928Z, 42.291989, -71.262691, 47.707000, 0.004000, 0.040000, 3, 213
12433.473684, 2025-11-11T21:09:33.981Z, 42.291989, -71.262692, 47.683000, 0.052000, 0.010000, 3, 213
12486.157895, 2025-11-11T21:09:34.034Z, 42.291989, -71.262692, 47.677000, 0.064000, 0.050000, 3, 213
12538.842105, 2025-11-11T21:09:34.086Z, 42.291988, -71.262691, 47.671000, 0.074000, 0.060000, 3, 213
12591.526316, 2025-11-11T21:09:34.139Z, 42.291989, -71.262691, 47.561000, 0.034000, 0.070000, 3, 213
12644.210526, 2025-11-11T21:09:34.192Z, 42.291989, -71.262691, 47.507000, 0.117000, 0.050000, 3, 213
12696.894737, 2025-11-11T21:09:34.244Z, 42.291988, -71.262691, 47.479000, 0.186000, 0.120000, 3, 213
12749.578947, 2025-11-11T21:09:34.297Z, 42.291989, -71.262691, 47.369000, 0.216000, 0.190000, 3, 213
12802.263158, 2025-11-11T21:09:34.350Z, 42.291989, -71.262691, 47.293000, 0.253000, 0.230000, 3, 213
12854.947368, 2025-11-11T21:09:34.402Z, 42.291989, -71.262691, 47.255000, 0.259000, 0.270000, 3, 213
12907.631579, 2025-11-11T21:09:34.455Z, 42.291988, -71.262691, 47.229000, 0.281000, 0.280000, 3, 213
12960.315789, 2025-11-11T21:09:34.508Z, 42.291988, -71.262691, 47.223000, 0.301000, 0.300000, 3, 213
13013.000000, 2025-11-11T21:09:34.605Z, 42.291988, -71.262691, 47.157000, 0.285000, 0.310000, 3, 213
13068.611111, 2025-11-11T21:09:34.660Z, 42.291988, -71.262691, 47.127000, 0.266000, 0.310000, 3, 213
13124.222222, 2025-11-11T21:09:34.716Z, 42.291988, -71.262691, 47.140000, 0.231000, 0.290000, 3, 213
13179.833333, 2025-11-11T21:09:34.771Z, 42.291988, -71.262691, 47.156000, 0.204000, 0.250000, 3, 213
13235.444444, 2025-11-11T21:09:34.827Z, 42.291988, -71.262691, 47.148000, 0.169000, 0.230000, 3, 213
13291.055556, 2025-11-11T21:09:34.883Z, 42.291988, -71.262691, 47.142000, 0.146000, 0.200000, 3, 213
13346.666667, 2025-11-11T21:09:34.938Z, 42.291988, -71.262691, 47.143000, 0.136000, 0.180000, 3, 213
13402.277778, 2025-11-11T21:09:34.994Z, 42.291988, -71.262691, 47.177000, 0.168000, 0.170000, 3, 213
13457.888889, 2025-11-11T21:09:35.049Z, 42.291988, -71.262691, 47.153000, 0.104000, 0.190000, 3, 213
13513.500000, 2025-11-11T21:09:35.105Z, 42.291988, -71.262692, 47.124000, 0.100000, 0.130000, 3, 213
13569.111111, 2025-11-11T21:09:35.161Z, 42.291988, -71.262692, 47.091000, 0.160000, 0.140000, 3, 213
13624.722222, 2025-11-11T21:09:35.216Z, 42.291988, -71.262692, 47.104000, 0.135000, 0.190000, 3, 213
13680.333333, 2025-11-11T21:09:35.272Z, 42.291989, -71.262692, 47.286000, 0.075000, 0.160000, 3, 213
13735.944444, 2025-11-11T21:09:35.327Z, 42.291989, -71.262692, 47.264000, 0.077000, 0.090000, 3, 213
13791.555556, 2025-11-11T21:09:35.383Z, 42.291989, -71.262692, 47.250000, 0.031000, 0.090000, 3, 213
13847.166667, 2025-11-11T21:09:35.439Z, 42.291988, -71.262692, 47.176000, 0.061000, 0.060000, 3, 213
13902.777778, 2025-11-11T21:09:35.494Z, 42.291988, -71.262692, 47.137000, 0.092000, 0.090000, 3, 213
13958.388889, 2025-11-11T21:09:35.550Z, 42.291989, -71.262692, 47.107000, 0.040000, 0.120000, 3, 213
14014.000000, 2025-11-11T21:09:35.540Z, 42.291989, -71.262693, 47.134000, 0.009000, 0.090000, 3, 213
14069.611111, 2025-11-11T21:09:35.595Z, 42.291989, -71.262693, 47.154000, 0.067000, 0.070000, 3, 213
14125.222222, 2025-11-11T21:09:35.651Z, 42.291989, -71.262693, 47.155000, 0.050000, 0.090000, 3, 213
14180.833333, 2025-11-11T21:09:35.706Z, 42.291989, -71.262693, 47.138000, 0.014000, 0.080000, 3, 213
14236.444444, 2025-11-11T21:09:35.762Z, 42.291989, -71.262693, 47.081000, 0.040000, 0.070000, 3, 213
14292.055556, 2025-11-11T21:09:35.818Z, 42.291989, -71.262693, 47.065000, 0.079000, 0.090000, 3, 213
14347.666667, 2025-11-11T21:09:35.873Z, 42.291989, -71.262693, 47.044000, 0.075000, 0.110000, 3, 213
14403.277778, 2025-11-11T21:09:35.929Z, 42.291989, -71.262693, 47.091000, 0.064000, 0.110000, 3, 213
14458.888889, 2025-11-11T21:09:35.984Z, 42.291989, -71.262693, 47.084000, 0.004000, 0.090000, 3, 213
14514.500000, 2025-11-11T21:09:36.040Z, 42.291990, -71.262693, 47.011000, 0.125000, 0.070000, 3, 213
14570.111111, 2025-11-11T21:09:36.096Z, 42.291989, -71.262693, 47.038000, 0.031000, 0.150000, 3, 213
14625.722222, 2025-11-11T21:09:36.151Z, 42.291990, -71.262693, 47.050000, 0.056000, 0.080000, 3, 213
14681.333333, 2025-11-11T21:09:36.207Z, 42.291989, -71.262694, 47.082000, 0.073000, 0.090000, 3, 213
14736.944444, 2025-11-11T21:09:36.262Z, 42.291989, -71.262694, 47.096000, 0.062000, 0.090000, 3, 213
14792.555556, 2025-11-11T21:09:36.318Z, 42.291990, -71.262694, 47.023000, 0.142000, 0.080000, 3, 213
14848.166667, 2025-11-11T21:09:36.374Z, 42.291990, -71.262694, 47.099000, 0.111000, 0.160000, 3, 213
14903.777778, 2025-11-11T21:09:36.429Z, 42.291990, -71.262694, 47.126000, 0.168000, 0.120000, 3, 213
14959.388889, 2025-11-11T21:09:36.485Z, 42.291990, -71.262694, 47.150000, 0.186000, 0.170000, 3, 213
15015.000000, 2025-11-11T21:09:36.530Z, 42.291990, -71.262694, 47.149000, 0.151000, 0.190000, 3, 209
15070.611111, 2025-11-11T21:09:36.585Z, 42.291990, -71.262694, 47.149000, 0.134000, 0.150000, 3, 209
15126.222222, 2025-11-11T21:09:36.641Z, 42.291990, -71.262695, 47.161000, 0.091000, 0.140000, 3, 209
15181.833333, 2025-11-11T21:09:36.696Z, 42.291990, -71.262695, 47.143000, 0.099000, 0.100000, 3, 209
15237.444444, 2025-11-11T21:09:36.752Z, 42.291990, -71.262695, 47.140000, 0.092000, 0.100000, 3, 209
15293.055556, 2025-11-11T21:09:36.808Z, 42.291990, -71.262695, 47.145000, 0.104000, 0.100000, 3, 209
15348.666667, 2025-11-11T21:09:36.863Z, 42.291990, -71.262695, 47.136000, 0.084000, 0.110000, 3, 209
15404.277778, 2025-11-11T21:09:36.919Z, 42.291990, -71.262695, 47.101000, 0.089000, 0.090000, 3, 209
15459.888889, 2025-11-11T21:09:36.974Z, 42.291990, -71.262695, 47.101000, 0.067000, 0.090000, 3, 209
15515.500000, 2025-11-11T21:09:37.030Z, 42.291990, -71.262695, 47.118000, 0.043000, 0.070000, 3, 209
15571.111111, 2025-11-11T21:09:37.086Z, 42.291990, -71.262695, 47.090000, 0.083000, 0.050000, 3, 209
15626.722222, 2025-11-11T21:09:37.141Z, 42.291990, -71.262695, 47.106000, 0.032000, 0.090000, 3, 209
15682.333333, 2025-11-11T21:09:37.197Z, 42.291990, -71.262695, 47.092000, 0.068000, 0.040000, 3, 209
15737.944444, 2025-11-11T21:09:37.252Z, 42.291990, -71.262695, 47.089000, 0.051000, 0.080000, 3, 209
15793.555556, 2025-11-11T21:09:37.308Z, 42.291991, -71.262695, 47.071000, 0.044000, 0.060000, 3, 209
15849.166667, 2025-11-11T21:09:37.364Z, 42.291991, -71.262695, 47.059000, 0.032000, 0.060000, 3, 209
15904.777778, 2025-11-11T21:09:37.419Z, 42.291991, -71.262696, 47.038000, 0.051000, 0.050000, 3, 209
15960.388889, 2025-11-11T21:09:37.475Z, 42.291991, -71.262696, 47.026000, 0.062000, 0.070000, 3, 209
16016.000000, 2025-11-11T21:09:37.575Z, 42.291991, -71.262696, 47.033000, 0.069000, 0.080000, 3, 209
16071.611111, 2025-11-11T21:09:37.630Z, 42.291991, -71.262696, 47.028000, 0.042000, 0.080000, 3, 209
16127.222222, 2025-11-11T21:09:37.686Z, 42.291991, -71.262696, 47.015000, 0.059000, 0.060000, 3, 209
16182.833333, 2025-11-11T21:09:37.741Z, 42.291991, -71.262696, 47.014000, 0.038000, 0.070000, 3, 209
16238.444444, 2025-11-11T21:09:37.797Z, 42.291991, -71.262696, 47.007000, 0.031000, 0.060000, 3, 209
16294.055556, 2025-11-11T21:09:37.853Z, 42.291991, -71.262696, 47.010000, 0.031000, 0.060000, 3, 209
16349.666667, 2025-11-11T21:09:37.908Z, 42.291991, -71.262696, 46.999000, 0.078000, 0.060000, 3, 209
16405.277778, 2025-11-11T21:09:37.964Z, 42.291991, -71.262696, 46.998000, 0.064000, 0.090000, 3, 209
16460.888889, 2025-11-11T21:09:38.019Z, 42.291991, -71.262696, 46.988000, 0.089000, 0.080000, 3, 209
16516.500000, 2025-11-11T21:09:38.075Z, 42.291991, -71.262696, 47.004000, 0.016000, 0.100000, 3, 209
16572.111111, 2025-11-11T21:09:38.131Z, 42.291991, -71.262696, 46.999000, 0.010000, 0.050000, 3, 209
16627.722222, 2025-11-11T21:09:38.186Z, 42.291991, -71.262696, 46.969000, 0.045000, 0.050000, 3, 209
16683.333333, 2025-11-11T21:09:38.242Z, 42.291991, -71.262696, 46.965000, 0.078000, 0.070000, 3, 209
16738.944444, 2025-11-11T21:09:38.297Z, 42.291991, -71.262696, 46.969000, 0.052000, 0.100000, 3, 209
16794.555556, 2025-11-11T21:09:38.353Z, 42.291991, -71.262696, 46.977000, 0.085000, 0.080000, 3, 209
16850.166667, 2025-11-11T21:09:38.409Z, 42.291991, -71.262696, 46.999000, 0.007000, 0.100000, 3, 209
16905.777778, 2025-11-11T21:09:38.464Z, 42.291991, -71.262697, 46.993000, 0.023000, 0.050000, 3, 209
16961.388889, 2025-11-11T21:09:38.520Z, 42.291991, -71.262697, 46.981000, 0.039000, 0.060000, 3, 209
17017.000000, 2025-11-11T21:09:38.565Z, 42.291991, -71.262696, 46.936000, 0.012000, 0.070000, 3, 209
17069.684211, 2025-11-11T21:09:38.617Z, 42.291991, -71.262696, 46.946000, 0.078000, 0.070000, 3, 209
17122.368421, 2025-11-11T21:09:38.670Z, 42.291991, -71.262696, 46.941000, 0.036000, 0.100000, 3, 209
17175.052632, 2025-11-11T21:09:38.723Z, 42.291992, -71.262697, 46.937000, 0.049000, 0.070000, 3, 209
17227.736842, 2025-11-11T21:09:38.775Z, 42.291991, -71.262697, 46.977000, 0.050000, 0.080000, 3, 209
17280.421053, 2025-11-11T21:09:38.828Z, 42.291992, -71.262697, 46.994000, 0.082000, 0.070000, 3, 209
17333.105263, 2025-11-11T21:09:38.881Z, 42.291992, -71.262697, 46.931000, 0.039000, 0.100000, 3, 209
17385.789474, 2025-11-11T21:09:38.933Z, 42.291992, -71.262697, 46.899000, 0.037000, 0.070000, 3, 209
17438.473684, 2025-11-11T21:09:38.986Z, 42.291992, -71.262697, 46.906000, 0.032000, 0.080000, 3, 209
17491.157895, 2025-11-11T21:09:39.039Z, 42.291992, -71.262697, 46.943000, 0.058000, 0.080000, 3, 209
17543.842105, 2025-11-11T21:09:39.091Z, 42.291991, -71.262697, 46.980000, 0.083000, 0.080000, 3, 209
17596.526316, 2025-11-11T21:09:39.144Z, 42.291992, -71.262697, 46.994000, 0.100000, 0.100000, 3, 209
17649.210526, 2025-11-11T21:09:39.197Z, 42.291991, -71.262697, 47.039000, 0.088000, 0.110000, 3, 209
17701.894737, 2025-11-11T21:09:39.249Z, 42.291991, -71.262697, 47.022000, 0.060000, 0.100000, 3, 209
17754.578947, 2025-11-11T21:09:39.302Z, 42.291991, -71.262697, 47.032000, 0.041000, 0.070000, 3, 209
17807.263158, 2025-11-11T21:09:39.355Z, 42.291991, -71.262698, 47.050000, 0.056000, 0.060000, 3, 209
17859.947368, 2025-11-11T21:09:39.407Z, 42.291991, -71.262698, 47.073000, 0.032000, 0.070000, 3, 209
17912.631579, 2025-11-11T21:09:39.460Z, 42.291991, -71.262698, 47.075000, 0.029000, 0.040000, 3, 209
17965.315789, 2025-11-11T21:09:39.513Z, 42.291991, -71.262698, 47.055000, 0.032000, 0.040000, 3, 209
18018.000000, 2025-11-11T21:09:39.555Z, 42.291992, -71.262698, 47.024000, 0.066000, 0.050000, 3, 278
18073.611111, 2025-11-11T21:09:39.610Z, 42.291991, -71.262698, 47.034000, 0.032000, 0.080000, 3, 278
18129.222222, 2025-11-11T21:09:39.666Z, 42.291991, -71.262698, 47.050000, 0.066000, 0.050000, 3, 278
18184.833333, 2025-11-11T21:09:39.721Z, 42.291991, -71.262698, 47.100000, 0.035000, 0.080000, 3, 278
18240.444444, 2025-11-11T21:09:39.777Z, 42.291991, -71.262698, 47.117000, 0.044000, 0.040000, 3, 278
18296.055556, 2025-11-11T21:09:39.833Z, 42.291991, -71.262698, 47.198000, 0.011000, 0.050000, 3, 278
18351.666667, 2025-11-11T21:09:39.888Z, 42.291990, -71.262698, 47.233000, 0.103000, 0.010000, 3, 278
18407.277778, 2025-11-11T21:09:39.944Z, 42.291990, -71.262698, 47.219000, 0.134000, 0.100000, 3, 278
18462.888889, 2025-11-11T21:09:39.999Z, 42.291990, -71.262698, 47.227000, 0.195000, 0.130000, 3, 278
18518.500000, 2025-11-11T21:09:40.055Z, 42.291989, -71.262697, 47.233000, 0.268000, 0.200000, 3, 278
18574.111111, 2025-11-11T21:09:40.111Z, 42.291989, -71.262697, 47.249000, 0.326000, 0.270000, 3, 278
18629.722222, 2025-11-11T21:09:40.166Z, 42.291989, -71.262698, 47.239000, 0.406000, 0.330000, 3, 278
18685.333333, 2025-11-11T21:09:40.222Z, 42.291988, -71.262698, 47.226000, 0.458000, 0.410000, 3, 278
18740.944444, 2025-11-11T21:09:40.277Z, 42.291988, -71.262698, 47.231000, 0.494000, 0.460000, 3, 278
18796.555556, 2025-11-11T21:09:40.333Z, 42.291987, -71.262698, 47.263000, 0.484000, 0.490000, 3, 278
18852.166667, 2025-11-11T21:09:40.389Z, 42.291987, -71.262698, 47.301000, 0.423000, 0.480000, 3, 278
18907.777778, 2025-11-11T21:09:40.444Z, 42.291987, -71.262698, 47.243000, 0.482000, 0.420000, 3, 278
18963.388889, 2025-11-11T21:09:40.500Z, 42.291987, -71.262698, 47.275000, 0.421000, 0.480000, 3, 278
19019.000000, 2025-11-11T21:09:40.600Z, 42.291987, -71.262698, 47.256000, 0.418000, 0.420000, 3, 278
19074.611111, 2025-11-11T21:09:40.655Z, 42.291987, -71.262698, 47.274000, 0.345000, 0.420000, 3, 278
19130.222222, 2025-11-11T21:09:40.711Z, 42.291987, -71.262698, 47.264000, 0.357000, 0.350000, 3, 278
19185.833333, 2025-11-11T21:09:40.766Z, 42.291986, -71.262698, 47.295000, 0.386000, 0.360000, 3, 278
19241.444444, 2025-11-11T21:09:40.822Z, 42.291986, -71.262699, 47.373000, 0.316000, 0.390000, 3, 278
19297.055556, 2025-11-11T21:09:40.878Z, 42.291986, -71.262699, 47.361000, 0.338000, 0.320000, 3, 278
19352.666667, 2025-11-11T21:09:40.933Z, 42.291986, -71.262699, 47.379000, 0.360000, 0.340000, 3, 278
19408.277778, 2025-11-11T21:09:40.989Z, 42.291986, -71.262699, 47.342000, 0.388000, 0.360000, 3, 278
19463.888889, 2025-11-11T21:09:41.044Z, 42.291985, -71.262699, 47.314000, 0.363000, 0.390000, 3, 278
19519.500000, 2025-11-11T21:09:41.100Z, 42.291985, -71.262700, 47.333000, 0.425000, 0.360000, 3, 278
19575.111111, 2025-11-11T21:09:41.156Z, 42.291985, -71.262700, 47.405000, 0.383000, 0.430000, 3, 278
19630.722222, 2025-11-11T21:09:41.211Z, 42.291985, -71.262700, 47.428000, 0.343000, 0.390000, 3, 278
19686.333333, 2025-11-11T21:09:41.267Z, 42.291985, -71.262700, 47.367000, 0.336000, 0.350000, 3, 278
19741.944444, 2025-11-11T21:09:41.322Z, 42.291985, -71.262700, 47.309000, 0.285000, 0.340000, 3, 278
19797.555556, 2025-11-11T21:09:41.378Z, 42.291985, -71.262699, 47.318000, 0.211000, 0.290000, 3, 278
19853.166667, 2025-11-11T21:09:41.434Z, 42.291986, -71.262700, 47.319000, 0.230000, 0.220000, 3, 278
19908.777778, 2025-11-11T21:09:41.489Z, 42.291986, -71.262699, 47.318000, 0.153000, 0.240000, 3, 278
19964.388889, 2025-11-11T21:09:41.545Z, 42.291986, -71.262699, 47.296000, 0.133000, 0.160000, 3, 278
20020.000000, 2025-11-11T21:09:41.535Z, 42.291986, -71.262699, 47.270000, 0.126000, 0.140000, 3, 278
20075.611111, 2025-11-11T21:09:41.590Z, 42.291986, -71.262699, 47.268000, 0.105000, 0.130000, 3, 278
20131.222222, 2025-11-11T21:09:41.646Z, 42.291986, -71.262699, 47.265000, 0.070000, 0.110000, 3, 278
20186.833333, 2025-11-11T21:09:41.701Z, 42.291986, -71.262699, 47.249000, 0.069000, 0.080000, 3, 278
20242.444444, 2025-11-11T21:09:41.757Z, 42.291986, -71.262699, 47.256000, 0.069000, 0.080000, 3, 278
20298.055556, 2025-11-11T21:09:41.813Z, 42.291986, -71.262699, 47.241000, 0.058000, 0.080000, 3, 278
20353.666667, 2025-11-11T21:09:41.868Z, 42.291986, -71.262699, 47.220000, 0.004000, 0.070000, 3, 278
20409.277778, 2025-11-11T21:09:41.924Z, 42.291986, -71.262699, 47.198000, 0.043000, 0.040000, 3, 278
20464.888889, 2025-11-11T21:09:41.979Z, 42.291986, -71.262699, 47.174000, 0.079000, 0.050000, 3, 278
20520.500000, 2025-11-11T21:09:42.035Z, 42.291986, -71.262700, 47.074000, 0.357000, 0.080000, 3, 278
20576.111111, 2025-11-11T21:09:42.091Z, 42.291985, -71.262700, 47.128000, 0.365000, 0.360000, 3, 278
20631.722222, 2025-11-11T21:09:42.146Z, 42.291985, -71.262699, 47.139000, 0.360000, 0.370000, 3, 278
20687.333333, 2025-11-11T21:09:42.202Z, 42.291985, -71.262700, 46.970000, 0.265000, 0.360000, 3, 278
20742.944444, 2025-11-11T21:09:42.257Z, 42.291986, -71.262700, 46.956000, 0.295000, 0.270000, 3, 278
20798.555556, 2025-11-11T21:09:42.313Z, 42.291985, -71.262701, 46.995000, 0.332000, 0.300000, 3, 278
20854.166667, 2025-11-11T21:09:42.369Z, 42.291985, -71.262700, 47.062000, 0.229000, 0.330000, 3, 278
20909.777778, 2025-11-11T21:09:42.424Z, 42.291986, -71.262699, 47.068000, 0.253000, 0.230000, 3, 278
20965.388889, 2025-11-11T21:09:42.480Z, 42.291986, -71.262699, 47.014000, 0.334000, 0.250000, 3, 278
21021.000000, 2025-11-11T21:09:42.580Z, 42.291986, -71.262699, 47.012000, 0.155000, 0.330000, 3, 253
21076.611111, 2025-11-11T21:09:42.635Z, 42.291986, -71.262700, 46.912000, 0.190000, 0.160000, 3, 253
21132.222222, 2025-11-11T21:09:42.691Z, 42.291987, -71.262699, 46.903000, 0.119000, 0.200000, 3, 253
21187.833333, 2025-11-11T21:09:42.746Z, 42.291987, -71.262699, 46.924000, 0.054000, 0.130000, 3, 253
21243.444444, 2025-11-11T21:09:42.802Z, 42.291987, -71.262699, 46.917000, 0.029000, 0.060000, 3, 253
21299.055556, 2025-11-11T21:09:42.858Z, 42.291988, -71.262699, 46.916000, 0.116000, 0.050000, 3, 253
21354.666667, 2025-11-11T21:09:42.913Z, 42.291988, -71.262699, 46.893000, 0.103000, 0.120000, 3, 253
21410.277778, 2025-11-11T21:09:42.969Z, 42.291988, -71.262699, 46.912000, 0.079000, 0.110000, 3, 253
21465.888889, 2025-11-11T21:09:43.024Z, 42.291989, -71.262698, 46.856000, 0.097000, 0.090000, 3, 253
21521.500000, 2025-11-11T21:09:43.080Z, 42.291989, -71.262698, 46.799000, 0.150000, 0.110000, 3, 253
21577.111111, 2025-11-11T21:09:43.136Z, 42.291990, -71.262698, 46.732000, 0.174000, 0.170000, 3, 253
21632.722222, 2025-11-11T21:09:43.191Z, 42.291990, -71.262698, 46.723000, 0.171000, 0.200000, 3, 253
21688.333333, 2025-11-11T21:09:43.247Z, 42.291991, -71.262698, 46.708000, 0.220000, 0.190000, 3, 253
21743.944444, 2025-11-11T21:09:43.302Z, 42.291991, -71.262698, 46.660000, 0.280000, 0.240000, 3, 253
21799.555556, 2025-11-11T21:09:43.358Z, 42.291992, -71.262698, 46.570000, 0.355000, 0.300000, 3, 253
21855.166667, 2025-11-11T21:09:43.414Z, 42.291992, -71.262698, 46.518000, 0.281000, 0.370000, 3, 253
21910.777778, 2025-11-11T21:09:43.469Z, 42.291993, -71.262698, 46.458000, 0.296000, 0.310000, 3, 253
21966.388889, 2025-11-11T21:09:43.525Z, 42.291993, -71.262698, 46.414000, 0.369000, 0.330000, 3, 253
22022.000000, 2025-11-11T21:09:43.570Z, 42.291994, -71.262699, 46.430000, 0.495000, 0.400000, 3, 253
22077.611111, 2025-11-11T21:09:43.625Z, 42.291994, -71.262698, 46.420000, 0.481000, 0.520000, 3, 253
22133.222222, 2025-11-11T21:09:43.681Z, 42.291994, -71.262698, 46.385000, 0.404000, 0.500000, 3, 253
22188.833333, 2025-11-11T21:09:43.736Z, 42.291994, -71.262699, 46.367000, 0.383000, 0.430000, 3, 253
22244.444444, 2025-11-11T21:09:43.792Z, 42.291993, -71.262699, 46.376000, 0.367000, 0.420000, 3, 253
22300.055556, 2025-11-11T21:09:43.848Z, 42.291993, -71.262700, 46.406000, 0.389000, 0.400000, 3, 253
22355.666667, 2025-11-11T21:09:43.903Z, 42.291992, -71.262701, 46.492000, 0.444000, 0.420000, 3, 253
22411.277778, 2025-11-11T21:09:43.959Z, 42.291991, -71.262702, 46.502000, 0.463000, 0.470000, 3, 253
22466.888889, 2025-11-11T21:09:44.014Z, 42.291991, -71.262703, 46.505000, 0.553000, 0.490000, 3, 253
22522.500000, 2025-11-11T21:09:44.070Z, 42.291991, -71.262703, 46.494000, 0.585000, 0.570000, 3, 253
22578.111111, 2025-11-11T21:09:44.126Z, 42.291990, -71.262703, 46.636000, 0.453000, 0.600000, 3, 253
22633.722222, 2025-11-11T21:09:44.181Z, 42.291990, -71.262704, 46.630000, 0.546000, 0.470000, 3, 253
22689.333333, 2025-11-11T21:09:44.237Z, 42.291990, -71.262704, 46.651000, 0.573000, 0.560000, 3, 253
22744.944444, 2025-11-11T21:09:44.292Z, 42.291991, -71.262704, 46.675000, 0.545000, 0.590000, 3, 253
22800.555556, 2025-11-11T21:09:44.348Z, 42.291990, -71.262704, 46.719000, 0.454000, 0.560000, 3, 253
22856.166667, 2025-11-11T21:09:44.404Z, 42.291990, -71.262704, 46.779000, 0.454000, 0.480000, 3, 253
22911.777778, 2025-11-11T21:09:44.459Z, 42.291989, -71.262704, 46.899000, 0.466000, 0.470000, 3, 253
22967.388889, 2025-11-11T21:09:44.515Z, 42.291988, -71.262704, 46.937000, 0.502000, 0.480000, 3, 253
23023.000000, 2025-11-11T21:09:44.615Z, 42.291987, -71.262705, 47.035000, 0.570000, 0.520000, 3, 187
23075.684211, 2025-11-11T21:09:44.667Z, 42.291986, -71.262705, 47.094000, 0.559000, 0.580000, 3, 187
23128.368421, 2025-11-11T21:09:44.720Z, 42.291985, -71.262705, 47.210000, 0.520000, 0.570000, 3, 187
23181.052632, 2025-11-11T21:09:44.773Z, 42.291985, -71.262706, 47.232000, 0.519000, 0.530000, 3, 187
23233.736842, 2025-11-11T21:09:44.825Z, 42.291985, -71.262706, 47.309000, 0.619000, 0.530000, 3, 187
23286.421053, 2025-11-11T21:09:44.878Z, 42.291984, -71.262707, 47.402000, 0.649000, 0.630000, 3, 187
23339.105263, 2025-11-11T21:09:44.931Z, 42.291984, -71.262707, 47.460000, 0.665000, 0.650000, 3, 187
23391.789474, 2025-11-11T21:09:44.983Z, 42.291983, -71.262708, 47.530000, 0.650000, 0.670000, 3, 187
23444.473684, 2025-11-11T21:09:45.036Z, 42.291982, -71.262709, 47.599000, 0.671000, 0.650000, 3, 187
23497.157895, 2025-11-11T21:09:45.089Z, 42.291981, -71.262709, 47.682000, 0.651000, 0.670000, 3, 187
23549.842105, 2025-11-11T21:09:45.141Z, 42.291981, -71.262710, 47.750000, 0.670000, 0.650000, 3, 187
23602.526316, 2025-11-11T21:09:45.194Z, 42.291980, -71.262711, 47.796000, 0.680000, 0.670000, 3, 187
23655.210526, 2025-11-11T21:09:45.247Z, 42.291979, -71.262712, 47.860000, 0.638000, 0.680000, 3, 187
23707.894737, 2025-11-11T21:09:45.299Z, 42.291979, -71.262712, 47.866000, 0.619000, 0.640000, 3, 187
23760.578947, 2025-11-11T21:09:45.352Z, 42.291978, -71.262713, 47.918000, 0.660000, 0.620000, 3, 187
23813.263158, 2025-11-11T21:09:45.405Z, 42.291978, -71.262713, 47.959000, 0.610000, 0.660000, 3, 187
23865.947368, 2025-11-11T21:09:45.457Z, 42.291978, -71.262714, 47.997000, 0.544000, 0.610000, 3, 187
23918.631579, 2025-11-11T21:09:45.510Z, 42.291978, -71.262714, 47.981000, 0.502000, 0.550000, 3, 187
23971.315789, 2025-11-11T21:09:45.563Z, 42.291977, -71.262715, 48.029000, 0.498000, 0.510000, 3, 187
24024.000000, 2025-11-11T21:09:45.550Z, 42.291976, -71.262715, 48.128000, 0.540000, 0.500000, 3, 187
24082.882353, 2025-11-11T21:09:45.608Z, 42.291975, -71.262716, 48.200000, 0.581000, 0.540000, 3, 187
24141.764706, 2025-11-11T21:09:45.667Z, 42.291974, -71.262716, 48.307000, 0.578000, 0.580000, 3, 187
24200.647059, 2025-11-11T21:09:45.726Z, 42.291973, -71.262717, 48.318000, 0.586000, 0.580000, 3, 187
24259.529412, 2025-11-11T21:09:45.785Z, 42.291972, -71.262718, 48.343000, 0.626000, 0.590000, 3, 187
24318.411765, 2025-11-11T21:09:45.844Z, 42.291971, -71.262718, 48.481000, 0.655000, 0.630000, 3, 187
24377.294118, 2025-11-11T21:09:45.903Z, 42.291971, -71.262719, 48.565000, 0.629000, 0.650000, 3, 187
24436.176471, 2025-11-11T21:09:45.962Z, 42.291971, -71.262719, 48.584000, 0.622000, 0.630000, 3, 187
24495.058824, 2025-11-11T21:09:46.021Z, 42.291970, -71.262720, 48.614000, 0.647000, 0.620000, 3, 187
24553.941176, 2025-11-11T21:09:46.079Z, 42.291969, -71.262720, 48.659000, 0.683000, 0.650000, 3, 187
24612.823529, 2025-11-11T21:09:46.138Z, 42.291969, -71.262721, 48.683000, 0.723000, 0.680000, 3, 187
24671.705882, 2025-11-11T21:09:46.197Z, 42.291968, -71.262721, 48.753000, 0.717000, 0.720000, 3, 187
24730.588235, 2025-11-11T21:09:46.256Z, 42.291967, -71.262722, 48.774000, 0.824000, 0.720000, 3, 187
24789.470588, 2025-11-11T21:09:46.315Z, 42.291965, -71.262723, 48.842000, 0.937000, 0.820000, 3, 187
24848.352941, 2025-11-11T21:09:46.374Z, 42.291965, -71.262724, 48.878000, 0.972000, 0.940000, 3, 187
24907.235294, 2025-11-11T21:09:46.433Z, 42.291964, -71.262725, 48.901000, 1.006000, 0.970000, 3, 187
24966.117647, 2025-11-11T21:09:46.492Z, 42.291964, -71.262726, 48.906000, 1.072000, 1.010000, 3, 187
25025.000000, 2025-11-11T21:09:46.540Z, 42.291963, -71.262726, 48.959000, 1.130000, 1.070000, 3, 187
25077.684211, 2025-11-11T21:09:46.592Z, 42.291962, -71.262727, 49.039000, 1.142000, 1.130000, 3, 187
25130.368421, 2025-11-11T21:09:46.645Z, 42.291962, -71.262728, 49.001000, 1.182000, 1.140000, 3, 187
25183.052632, 2025-11-11T21:09:46.698Z, 42.291961, -71.262729, 49.021000, 1.226000, 1.180000, 3, 187
25235.736842, 2025-11-11T21:09:46.750Z, 42.291960, -71.262730, 49.094000, 1.290000, 1.230000, 3, 187
25288.421053, 2025-11-11T21:09:46.803Z, 42.291959, -71.262731, 49.169000, 1.294000, 1.290000, 3, 187
25341.105263, 2025-11-11T21:09:46.856Z, 42.291959, -71.262732, 49.201000, 1.274000, 1.290000, 3, 187
25393.789474, 2025-11-11T21:09:46.908Z, 42.291959, -71.262732, 49.132000, 1.210000, 1.280000, 3, 187
25446.473684, 2025-11-11T21:09:46.961Z, 42.291959, -71.262733, 49.107000, 1.208000, 1.210000, 3, 187
25499.157895, 2025-11-11T21:09:47.014Z, 42.291959, -71.262734, 49.141000, 1.232000, 1.210000, 3, 187
25551.842105, 2025-11-11T21:09:47.066Z, 42.291959, -71.262735, 49.141000, 1.199000, 1.230000, 3, 187
25604.526316, 2025-11-11T21:09:47.119Z, 42.291958, -71.262735, 49.269000, 1.145000, 1.200000, 3, 187
25657.210526, 2025-11-11T21:09:47.172Z, 42.291958, -71.262736, 49.236000, 1.148000, 1.150000, 3, 187
25709.894737, 2025-11-11T21:09:47.224Z, 42.291958, -71.262737, 49.119000, 1.172000, 1.150000, 3, 187
25762.578947, 2025-11-11T21:09:47.277Z, 42.291957, -71.262738, 49.164000, 1.254000, 1.170000, 3, 187
25815.263158, 2025-11-11T21:09:47.330Z, 42.291956, -71.262738, 49.213000, 1.267000, 1.250000, 3, 187
25867.947368, 2025-11-11T21:09:47.382Z, 42.291956, -71.262739, 49.259000, 1.256000, 1.270000, 3, 187
25920.631579, 2025-11-11T21:09:47.435Z, 42.291956, -71.262740, 49.213000, 1.264000, 1.260000, 3, 187
25973.315789, 2025-11-11T21:09:47.488Z, 42.291955, -71.262741, 49.307000, 1.262000, 1.260000, 3, 187
26026.000000, 2025-11-11T21:09:47.585Z, 42.291954, -71.262742, 49.381000, 1.360000, 1.260000, 3, 184
26081.611111, 2025-11-11T21:09:47.640Z, 42.291954, -71.262743, 49.408000, 1.392000, 1.360000, 3, 184
26137.222222, 2025-11-11T21:09:47.696Z, 42.291954, -71.262744, 49.426000, 1.389000, 1.390000, 3, 184
26192.833333, 2025-11-11T21:09:47.751Z, 42.291954, -71.262744, 49.436000, 1.317000, 1.390000, 3, 184
26248.444444, 2025-11-11T21:09:47.807Z, 42.291952, -71.262745, 49.540000, 1.363000, 1.320000, 3, 184
26304.055556, 2025-11-11T21:09:47.863Z, 42.291952, -71.262747, 49.520000, 1.472000, 1.360000, 3, 184
26359.666667, 2025-11-11T21:09:47.918Z, 42.291952, -71.262748, 49.444000, 1.528000, 1.470000, 3, 184
26415.277778, 2025-11-11T21:09:47.974Z, 42.291952, -71.262749, 49.413000, 1.583000, 1.530000, 3, 184
26470.888889, 2025-11-11T21:09:48.029Z, 42.291952, -71.262750, 49.474000, 1.614000, 1.580000, 3, 184
26526.500000, 2025-11-11T21:09:48.085Z, 42.291951, -71.262751, 49.560000, 1.626000, 1.610000, 3, 184
26582.111111, 2025-11-11T21:09:48.141Z, 42.291951, -71.262752, 49.572000, 1.592000, 1.630000, 3, 184
26637.722222, 2025-11-11T21:09:48.196Z, 42.291950, -71.262753, 49.591000, 1.652000, 1.590000, 3, 184
26693.333333, 2025-11-11T21:09:48.252Z, 42.291949, -71.262755, 49.560000, 1.769000, 1.650000, 3, 184
26748.944444, 2025-11-11T21:09:48.307Z, 42.291949, -71.262756, 49.545000, 1.794000, 1.770000, 3, 184
26804.555556, 2025-11-11T21:09:48.363Z, 42.291949, -71.262756, 49.536000, 1.686000, 1.790000, 3, 184
26860.166667, 2025-11-11T21:09:48.419Z, 42.291948, -71.262757, 49.574000, 1.585000, 1.690000, 3, 184
26915.777778, 2025-11-11T21:09:48.474Z, 42.291947, -71.262758, 49.642000, 1.716000, 1.590000, 3, 184
26971.388889, 2025-11-11T21:09:48.530Z, 42.291946, -71.262759, 49.732000, 1.805000, 1.720000, 3, 184
27027.000000, 2025-11-11T21:09:48.520Z, 42.291945, -71.262761, 49.722000, 1.867000, 1.810000, 3, 184
27079.684211, 2025-11-11T21:09:48.572Z, 42.291945, -71.262762, 49.635000, 1.928000, 1.870000, 3, 184
27132.368421, 2025-11-11T21:09:48.625Z, 42.291944, -71.262763, 49.650000, 1.956000, 1.930000, 3, 184
27185.052632, 2025-11-11T21:09:48.678Z, 42.291944, -71.262764, 49.660000, 2.008000, 1.960000, 3, 184
27237.736842, 2025-11-11T21:09:48.730Z, 42.291944, -71.262765, 49.680000, 1.995000, 2.010000, 3, 184
27290.421053, 2025-11-11T21:09:48.783Z, 42.291943, -71.262767, 49.728000, 2.014000, 2.000000, 3, 184
27343.105263, 2025-11-11T21:09:48.836Z, 42.291942, -71.262767, 49.871000, 1.953000, 2.010000, 3, 184
27395.789474, 2025-11-11T21:09:48.888Z, 42.291941, -71.262769, 49.859000, 1.981000, 1.950000, 3, 184
27448.473684, 2025-11-11T21:09:48.941Z, 42.291941, -71.262770, 49.866000, 2.034000, 1.980000, 3, 184
27501.157895, 2025-11-11T21:09:48.994Z, 42.291940, -71.262771, 49.919000, 1.995000, 2.030000, 3, 184
27553.842105, 2025-11-11T21:09:49.046Z, 42.291939, -71.262772, 49.949000, 1.946000, 2.000000, 3, 184
27606.526316, 2025-11-11T21:09:49.099Z, 42.291939, -71.262773, 49.938000, 1.951000, 1.950000, 3, 184
27659.210526, 2025-11-11T21:09:49.152Z, 42.291938, -71.262774, 49.984000, 1.932000, 1.950000, 3, 184
27711.894737, 2025-11-11T21:09:49.204Z, 42.291938, -71.262775, 49.970000, 1.896000, 1.930000, 3, 184
27764.578947, 2025-11-11T21:09:49.257Z, 42.291938, -71.262777, 49.935000, 1.919000, 1.900000, 3, 184
27817.263158, 2025-11-11T21:09:49.310Z, 42.291937, -71.262778, 49.961000, 1.930000, 1.920000, 3, 184
27869.947368, 2025-11-11T21:09:49.362Z, 42.291936, -71.262779, 49.957000, 1.971000, 1.930000, 3, 184
27922.631579, 2025-11-11T21:09:49.415Z, 42.291936, -71.262780, 49.934000, 1.942000, 1.970000, 3, 184
27975.315789, 2025-11-11T21:09:49.468Z, 42.291936, -71.262782, 49.988000, 1.891000, 1.940000, 3, 184
28028.000000, 2025-11-11T21:09:49.565Z, 42.291935, -71.262783, 50.015000, 1.934000, 1.890000, 3, 184
28083.611111, 2025-11-11T21:09:49.620Z, 42.291935, -71.262784, 50.011000, 1.952000, 1.940000, 3, 184
28139.222222, 2025-11-11T21:09:49.676Z, 42.291934, -71.262786, 50.002000, 2.005000, 1.950000, 3, 184
28194.833333, 2025-11-11T21:09:49.731Z, 42.291934, -71.262787, 49.899000, 2.060000, 2.010000, 3, 184
28250.444444, 2025-11-11T21:09:49.787Z, 42.291934, -71.262789, 49.871000, 2.099000, 2.060000, 3, 184
28306.055556, 2025-11-11T21:09:49.843Z, 42.291933, -71.262790, 49.925000, 2.134000, 2.100000, 3, 184
28361.666667, 2025-11-11T21:09:49.898Z, 42.291932, -71.262791, 49.952000, 2.181000, 2.130000, 3, 184
28417.277778, 2025-11-11T21:09:49.954Z, 42.291932, -71.262792, 49.916000, 2.080000, 2.180000, 3, 184
28472.888889, 2025-11-11T21:09:50.009Z, 42.291931, -71.262793, 49.987000, 2.079000, 2.080000, 3, 184
28528.500000, 2025-11-11T21:09:50.065Z, 42.291931, -71.262794, 49.945000, 1.986000, 2.080000, 3, 184
28584.111111, 2025-11-11T21:09:50.121Z, 42.291930, -71.262795, 49.911000, 1.988000, 1.990000, 3, 184
28639.722222, 2025-11-11T21:09:50.176Z, 42.291930, -71.262797, 49.916000, 2.003000, 1.990000, 3, 184
28695.333333, 2025-11-11T21:09:50.232Z, 42.291930, -71.262798, 49.876000, 2.104000, 2.000000, 3, 184
28750.944444, 2025-11-11T21:09:50.287Z, 42.291929, -71.262799, 49.869000, 2.102000, 2.100000, 3, 184
28806.555556, 2025-11-11T21:09:50.343Z, 42.291929, -71.262801, 49.828000, 2.104000, 2.100000, 3, 184
28862.166667, 2025-11-11T21:09:50.399Z, 42.291929, -71.262802, 49.807000, 2.101000, 2.100000, 3, 184
28917.777778, 2025-11-11T21:09:50.454Z, 42.291928, -71.262803, 49.825000, 2.128000, 2.100000, 3, 184
28973.388889, 2025-11-11T21:09:50.510Z, 42.291928, -71.262805, 49.909000, 2.089000, 2.130000, 3, 184
29029.000000, 2025-11-11T21:09:50.555Z, 42.291927, -71.262806, 49.914000, 2.162000, 2.090000, 3, 184
29084.611111, 2025-11-11T21:09:50.610Z, 42.291927, -71.262807, 49.918000, 2.171000, 2.160000, 3, 184
29140.222222, 2025-11-11T21:09:50.666Z, 42.291926, -71.262809, 49.942000, 2.107000, 2.170000, 3, 184
29195.833333, 2025-11-11T21:09:50.721Z, 42.291926, -71.262810, 49.931000, 2.032000, 2.110000, 3, 184
29251.444444, 2025-11-11T21:09:50.777Z, 42.291926, -71.262811, 49.939000, 1.969000, 2.030000, 3, 184
29307.055556, 2025-11-11T21:09:50.833Z, 42.291925, -71.262812, 49.926000, 1.927000, 1.970000, 3, 184
29362.666667, 2025-11-11T21:09:50.888Z, 42.291925, -71.262813, 49.889000, 1.964000, 1.930000, 3, 184
29418.277778, 2025-11-11T21:09:50.944Z, 42.291924, -71.262815, 49.912000, 2.093000, 1.960000, 3, 184
29473.888889, 2025-11-11T21:09:50.999Z, 42.291924, -71.262816, 49.904000, 2.178000, 2.090000, 3, 184
29529.500000, 2025-11-11T21:09:51.055Z, 42.291924, -71.262818, 49.880000, 2.156000, 2.180000, 3, 184
29585.111111, 2025-11-11T21:09:51.111Z, 42.291923, -71.262819, 49.901000, 2.190000, 2.160000, 3, 184
29640.722222, 2025-11-11T21:09:51.166Z, 42.291922, -71.262821, 49.953000, 2.256000, 2.190000, 3, 184
29696.333333, 2025-11-11T21:09:51.222Z, 42.291922, -71.262822, 49.931000, 2.263000, 2.260000, 3, 184
29751.944444, 2025-11-11T21:09:51.277Z, 42.291921, -71.262823, 49.926000, 2.267000, 2.260000, 3, 184
29807.555556, 2025-11-11T21:09:51.333Z, 42.291921, -71.262825, 49.918000, 2.279000, 2.270000, 3, 184
29863.166667, 2025-11-11T21:09:51.389Z, 42.291920, -71.262826, 49.917000, 2.336000, 2.280000, 3, 184
29918.777778, 2025-11-11T21:09:51.444Z, 42.291920, -71.262828, 49.909000, 2.352000, 2.340000, 3, 184
29974.388889, 2025-11-11T21:09:51.500Z, 42.291919, -71.262829, 49.905000, 2.276000, 2.350000, 3, 184
30030.000000, 2025-11-11T21:09:51.545Z, 42.291919, -71.262830, 49.900000, 2.262000, 2.280000, 3, 185
30088.882353, 2025-11-11T21:09:51.603Z, 42.291918, -71.262832, 49.905000, 2.270000, 2.260000, 3, 185
30147.764706, 2025-11-11T21:09:51.662Z, 42.291917, -71.262833, 49.929000, 2.256000, 2.270000, 3, 185
30206.647059, 2025-11-11T21:09:51.721Z, 42.291917, -71.262834, 49.886000, 2.321000, 2.260000, 3, 185
30265.529412, 2025-11-11T21:09:51.780Z, 42.291916, -71.262835, 49.881000, 2.350000, 2.320000, 3, 185
30324.411765, 2025-11-11T21:09:51.839Z, 42.291915, -71.262837, 49.887000, 2.326000, 2.350000, 3, 185
30383.294118, 2025-11-11T21:09:51.898Z, 42.291915, -71.262839, 49.884000, 2.388000, 2.330000, 3, 185
30442.176471, 2025-11-11T21:09:51.957Z, 42.291914, -71.262840, 50.009000, 2.479000, 2.390000, 3, 185
30501.058824, 2025-11-11T21:09:52.016Z, 42.291913, -71.262841, 50.049000, 2.454000, 2.480000, 3, 185
30559.941176, 2025-11-11T21:09:52.074Z, 42.291913, -71.262843, 50.034000, 2.425000, 2.460000, 3, 185
30618.823529, 2025-11-11T21:09:52.133Z, 42.291913, -71.262845, 49.987000, 2.456000, 2.430000, 3, 185
30677.705882, 2025-11-11T21:09:52.192Z, 42.291912, -71.262846, 49.975000, 2.396000, 2.460000, 3, 185
30736.588235, 2025-11-11T21:09:52.251Z, 42.291912, -71.262847, 50.012000, 2.315000, 2.400000, 3, 185
30795.470588, 2025-11-11T21:09:52.310Z, 42.291911, -71.262849, 50.031000, 2.293000, 2.320000, 3, 185
30854.352941, 2025-11-11T21:09:52.369Z, 42.291910, -71.262850, 50.063000, 2.399000, 2.290000, 3, 185
30913.235294, 2025-11-11T21:09:52.428Z, 42.291910, -71.262851, 50.065000, 2.466000, 2.400000, 3, 185
30972.117647, 2025-11-11T21:09:52.487Z, 42.291909, -71.262853, 50.078000, 2.495000, 2.470000, 3, 185
31031.000000, 2025-11-11T21:09:52.590Z, 42.291909, -71.262855, 50.071000, 2.452000, 2.500000, 3, 185
31083.684211, 2025-11-11T21:09:52.642Z, 42.291908, -71.262856, 50.104000, 2.481000, 2.450000, 3, 185
31136.368421, 2025-11-11T21:09:52.695Z, 42.291908, -71.262857, 50.116000, 2.491000, 2.480000, 3, 185
31189.052632, 2025-11-11T21:09:52.748Z, 42.291907, -71.262859, 50.072000, 2.519000, 2.490000, 3, 185
31241.736842, 2025-11-11T21:09:52.800Z, 42.291907, -71.262861, 50.071000, 2.609000, 2.520000, 3, 185
31294.421053, 2025-11-11T21:09:52.853Z, 42.291906, -71.262862, 50.071000, 2.567000, 2.610000, 3, 185
31347.105263, 2025-11-11T21:09:52.906Z, 42.291906, -71.262864, 50.088000, 2.552000, 2.570000, 3, 185
31399.789474, 2025-11-11T21:09:52.958Z, 42.291905, -71.262865, 50.087000, 2.445000, 2.550000, 3, 185
31452.473684, 2025-11-11T21:09:53.011Z, 42.291905, -71.262866, 50.114000, 2.403000, 2.450000, 3, 185
31505.157895, 2025-11-11T21:09:53.064Z, 42.291903, -71.262867, 50.127000, 2.481000, 2.400000, 3, 185
31557.842105, 2025-11-11T21:09:53.116Z, 42.291903, -71.262869, 50.073000, 2.523000, 2.480000, 3, 185
31610.526316, 2025-11-11T21:09:53.169Z, 42.291903, -71.262871, 50.022000, 2.587000, 2.520000, 3, 185
31663.210526, 2025-11-11T21:09:53.222Z, 42.291902, -71.262872, 50.095000, 2.527000, 2.590000, 3, 185
31715.894737, 2025-11-11T21:09:53.274Z, 42.291902, -71.262874, 50.146000, 2.504000, 2.530000, 3, 185
31768.578947, 2025-11-11T21:09:53.327Z, 42.291901, -71.262875, 50.238000, 2.489000, 2.510000, 3, 185
31821.263158, 2025-11-11T21:09:53.380Z, 42.291900, -71.262877, 50.271000, 2.523000, 2.490000, 3, 185
31873.947368, 2025-11-11T21:09:53.432Z, 42.291899, -71.262878, 50.361000, 2.631000, 2.530000, 3, 185
31926.631579, 2025-11-11T21:09:53.485Z, 42.291899, -71.262880, 50.370000, 2.628000, 2.640000, 3, 185
31979.315789, 2025-11-11T21:09:53.538Z, 42.291898, -71.262881, 50.409000, 2.585000, 2.630000, 3, 185
32032.000000, 2025-11-11T21:09:53.580Z, 42.291897, -71.262882, 50.459000, 2.541000, 2.590000, 3, 185
32087.611111, 2025-11-11T21:09:53.635Z, 42.291897, -71.262883, 50.461000, 2.458000, 2.550000, 3, 185
32143.222222, 2025-11-11T21:09:53.691Z, 42.291896, -71.262885, 50.495000, 2.428000, 2.460000, 3, 185
32198.833333, 2025-11-11T21:09:53.746Z, 42.291895, -71.262886, 50.509000, 2.467000, 2.440000, 3, 185
32254.444444, 2025-11-11T21:09:53.802Z, 42.291895, -71.262888, 50.512000, 2.522000, 2.470000, 3, 185
32310.055556, 2025-11-11T21:09:53.858Z, 42.291894, -71.262889, 50.478000, 2.560000, 2.530000, 3, 185
32365.666667, 2025-11-11T21:09:53.913Z, 42.291894, -71.262891, 50.458000, 2.561000, 2.570000, 3, 185
32421.277778, 2025-11-11T21:09:53.969Z, 42.291893, -71.262892, 50.472000, 2.515000, 2.570000, 3, 185
32476.888889, 2025-11-11T21:09:54.024Z, 42.291893, -71.262894, 50.472000, 2.527000, 2.520000, 3, 185
32532.500000, 2025-11-11T21:09:54.080Z, 42.291892, -71.262895, 50.447000, 2.577000, 2.530000, 3, 185
32588.111111, 2025-11-11T21:09:54.136Z, 42.291892, -71.262897, 50.420000, 2.596000, 2.580000, 3, 185
32643.722222, 2025-11-11T21:09:54.191Z, 42.291891, -71.262898, 50.449000, 2.547000, 2.600000, 3, 185
32699.333333, 2025-11-11T21:09:54.247Z, 42.291891, -71.262899, 50.425000, 2.517000, 2.550000, 3, 185
32754.944444, 2025-11-11T21:09:54.302Z, 42.291890, -71.262901, 50.412000, 2.491000, 2.520000, 3, 185
32810.555556, 2025-11-11T21:09:54.358Z, 42.291890, -71.262902, 50.415000, 2.470000, 2.500000, 3, 185
32866.166667, 2025-11-11T21:09:54.414Z, 42.291889, -71.262904, 50.374000, 2.565000, 2.480000, 3, 185
32921.777778, 2025-11-11T21:09:54.469Z, 42.291888, -71.262905, 50.367000, 2.569000, 2.570000, 3, 185
32977.388889, 2025-11-11T21:09:54.525Z, 42.291888, -71.262907, 50.347000, 2.512000, 2.570000, 3, 185
33033.000000, 2025-11-11T21:09:54.570Z, 42.291887, -71.262908, 50.346000, 2.502000, 2.520000, 3, 185
33088.611111, 2025-11-11T21:09:54.625Z, 42.291887, -71.262910, 50.299000, 2.470000, 2.510000, 3, 185
33144.222222, 2025-11-11T21:09:54.681Z, 42.291886, -71.262911, 50.239000, 2.535000, 2.470000, 3, 185
33199.833333, 2025-11-11T21:09:54.736Z, 42.291886, -71.262913, 50.256000, 2.555000, 2.540000, 3, 185
33255.444444, 2025-11-11T21:09:54.792Z, 42.291885, -71.262914, 50.238000, 2.638000, 2.560000, 3, 185
33311.055556, 2025-11-11T21:09:54.848Z, 42.291884, -71.262916, 50.244000, 2.675000, 2.640000, 3, 185
33366.666667, 2025-11-11T21:09:54.903Z, 42.291884, -71.262917, 50.213000, 2.557000, 2.680000, 3, 185
33422.277778, 2025-11-11T21:09:54.959Z, 42.291883, -71.262919, 50.144000, 2.536000, 2.560000, 3, 185
33477.888889, 2025-11-11T21:09:55.014Z, 42.291883, -71.262920, 50.117000, 2.544000, 2.540000, 3, 185
33533.500000, 2025-11-11T21:09:55.070Z, 42.291883, -71.262922, 50.076000, 2.482000, 2.550000, 3, 185
33589.111111, 2025-11-11T21:09:55.126Z, 42.291882, -71.262923, 50.061000, 2.496000, 2.480000, 3, 185
33644.722222, 2025-11-11T21:09:55.181Z, 42.291882, -71.262925, 50.004000, 2.580000, 2.500000, 3, 185
33700.333333, 2025-11-11T21:09:55.237Z, 42.291881, -71.262926, 49.955000, 2.594000, 2.580000, 3, 185
33755.944444, 2025-11-11T21:09:55.292Z, 42.291880, -71.262928, 49.954000, 2.544000, 2.600000, 3, 185
33811.555556, 2025-11-11T21:09:55.348Z, 42.291880, -71.262929, 49.985000, 2.579000, 2.550000, 3, 185
33867.166667, 2025-11-11T21:09:55.404Z, 42.291879, -71.262931, 49.929000, 2.624000, 2.580000, 3, 185
33922.777778, 2025-11-11T21:09:55.459Z, 42.291879, -71.262932, 49.910000, 2.641000, 2.630000, 3, 185
33978.388889, 2025-11-11T21:09:55.515Z, 42.291878, -71.262934, 49.844000, 2.651000, 2.640000, 3, 185
34034.000000, 2025-11-11T21:09:55.560Z, 42.291878, -71.262936, 49.834000, 2.639000, 2.650000, 3, 185
34086.684211, 2025-11-11T21:09:55.612Z, 42.291877, -71.262937, 49.803000, 2.542000, 2.640000, 3, 185
34139.368421, 2025-11-11T21:09:55.665Z, 42.291876, -71.262938, 49.834000, 2.506000, 2.540000, 3, 185
34192.052632, 2025-11-11T21:09:55.718Z, 42.291876, -71.262940, 49.901000, 2.580000, 2.510000, 3, 185
34244.736842, 2025-11-11T21:09:55.770Z, 42.291875, -71.262941, 49.930000, 2.663000, 2.580000, 3, 185
34297.421053, 2025-11-11T21:09:55.823Z, 42.291874, -71.262943, 49.848000, 2.689000, 2.660000, 3, 185
34350.105263, 2025-11-11T21:09:55.876Z, 42.291874, -71.262944, 49.838000, 2.562000, 2.690000, 3, 185
34402.789474, 2025-11-11T21:09:55.928Z, 42.291873, -71.262946, 49.855000, 2.550000, 2.560000, 3, 185
34455.473684, 2025-11-11T21:09:55.981Z, 42.291873, -71.262948, 49.819000, 2.659000, 2.550000, 3, 185
34508.157895, 2025-11-11T21:09:56.034Z, 42.291872, -71.262949, 49.783000, 2.644000, 2.660000, 3, 185
34560.842105, 2025-11-11T21:09:56.086Z, 42.291871, -71.262951, 49.857000, 2.662000, 2.640000, 3, 185
34613.526316, 2025-11-11T21:09:56.139Z, 42.291871, -71.262952, 49.870000, 2.615000, 2.660000, 3, 185
34666.210526, 2025-11-11T21:09:56.192Z, 42.291870, -71.262954, 49.853000, 2.641000, 2.620000, 3, 185
34718.894737, 2025-11-11T21:09:56.244Z, 42.291870, -71.262955, 49.825000, 2.624000, 2.640000, 3, 185
34771.578947, 2025-11-11T21:09:56.297Z, 42.291869, -71.262957, 49.823000, 2.528000, 2.620000, 3, 185
34824.263158, 2025-11-11T21:09:56.350Z, 42.291869, -71.262958, 49.785000, 2.560000, 2.530000, 3, 185
34876.947368, 2025-11-11T21:09:56.402Z, 42.291868, -71.262960, 49.812000, 2.603000, 2.560000, 3, 185
34929.631579, 2025-11-11T21:09:56.455Z, 42.291867, -71.262961, 49.851000, 2.592000, 2.600000, 3, 185
34982.315789, 2025-11-11T21:09:56.508Z, 42.291867, -71.262962, 49.853000, 2.561000, 2.590000, 3, 185
35035.000000, 2025-11-11T21:09:56.605Z, 42.291866, -71.262964, 49.842000, 2.534000, 2.560000, 3, 185
35093.882353, 2025-11-11T21:09:56.663Z, 42.291866, -71.262965, 49.853000, 2.544000, 2.530000, 3, 185
35152.764706, 2025-11-11T21:09:56.722Z, 42.291865, -71.262967, 49.896000, 2.587000, 2.550000, 3, 185
35211.647059, 2025-11-11T21:09:56.781Z, 42.291864, -71.262969, 49.900000, 2.651000, 2.590000, 3, 185
35270.529412, 2025-11-11T21:09:56.840Z, 42.291864, -71.262970, 49.925000, 2.655000, 2.650000, 3, 185
35329.411765, 2025-11-11T21:09:56.899Z, 42.291863, -71.262972, 49.901000, 2.632000, 2.660000, 3, 185
35388.294118, 2025-11-11T21:09:56.958Z, 42.291863, -71.262973, 49.849000, 2.534000, 2.630000, 3, 185
35447.176471, 2025-11-11T21:09:57.017Z, 42.291862, -71.262974, 49.880000, 2.465000, 2.540000, 3, 185
35506.058824, 2025-11-11T21:09:57.076Z, 42.291862, -71.262976, 49.922000, 2.491000, 2.470000, 3, 185
35564.941176, 2025-11-11T21:09:57.134Z, 42.291861, -71.262977, 49.921000, 2.584000, 2.490000, 3, 185
35623.823529, 2025-11-11T21:09:57.193Z, 42.291860, -71.262979, 49.904000, 2.646000, 2.590000, 3, 185
35682.705882, 2025-11-11T21:09:57.252Z, 42.291860, -71.262980, 49.886000, 2.535000, 2.650000, 3, 185
35741.588235, 2025-11-11T21:09:57.311Z, 42.291859, -71.262982, 49.896000, 2.607000, 2.540000, 3, 185
35800.470588, 2025-11-11T21:09:57.370Z, 42.291858, -71.262983, 49.891000, 2.657000, 2.610000, 3, 185
35859.352941, 2025-11-11T21:09:57.429Z, 42.291858, -71.262985, 49.876000, 2.701000, 2.660000, 3, 185
35918.235294, 2025-11-11T21:09:57.488Z, 42.291857, -71.262986, 49.879000, 2.722000, 2.700000, 3, 185
35977.117647, 2025-11-11T21:09:57.547Z, 42.291857, -71.262988, 49.888000, 2.729000, 2.720000, 3, 185
36036.000000, 2025-11-11T21:09:57.540Z, 42.291856, -71.262991, 49.901000, 2.639000, 2.730000, 3, 185
36091.611111, 2025-11-11T21:09:57.595Z, 42.291856, -71.262993, 49.887000, 2.607000, 2.640000, 3, 185
36147.222222, 2025-11-11T21:09:57.651Z, 42.291856, -71.262995, 49.890000, 2.669000, 2.610000, 3, 185
36202.833333, 2025-11-11T21:09:57.706Z, 42.291856, -71.262996, 49.885000, 2.676000, 2.670000, 3, 185
36258.444444, 2025-11-11T21:09:57.762Z, 42.291856, -71.262998, 49.862000, 2.729000, 2.680000, 3, 185
36314.055556, 2025-11-11T21:09:57.818Z, 42.291856, -71.263000, 49.841000, 2.684000, 2.730000, 3, 185
36369.666667, 2025-11-11T21:09:57.873Z, 42.291855, -71.263002, 49.839000, 2.642000, 2.690000, 3, 185
36425.277778, 2025-11-11T21:09:57.929Z, 42.291854, -71.263003, 49.821000, 2.654000, 2.640000, 3, 185
36480.888889, 2025-11-11T21:09:57.984Z, 42.291853, -71.263004, 49.820000, 2.681000, 2.660000, 3, 185
36536.500000, 2025-11-11T21:09:58.040Z, 42.291852, -71.263006, 49.830000, 2.685000, 2.680000, 3, 185
36592.111111, 2025-11-11T21:09:58.096Z, 42.291852, -71.263007, 49.823000, 2.673000, 2.690000, 3, 185
36647.722222, 2025-11-11T21:09:58.151Z, 42.291851, -71.263009, 49.808000, 2.678000, 2.680000, 3, 185
36703.333333, 2025-11-11T21:09:58.207Z, 42.291851, -71.263011, 49.772000, 2.709000, 2.680000, 3, 185
36758.944444, 2025-11-11T21:09:58.262Z, 42.291850, -71.263012, 49.780000, 2.689000, 2.710000, 3, 185
36814.555556, 2025-11-11T21:09:58.318Z, 42.291850, -71.263014, 49.793000, 2.647000, 2.690000, 3, 185
36870.166667, 2025-11-11T21:09:58.374Z, 42.291849, -71.263015, 49.764000, 2.757000, 2.650000, 3, 185
36925.777778, 2025-11-11T21:09:58.429Z, 42.291848, -71.263017, 49.755000, 2.761000, 2.760000, 3, 185
36981.388889, 2025-11-11T21:09:58.485Z, 42.291848, -71.263018, 49.745000, 2.694000, 2.760000, 3, 185
37037.000000, 2025-11-11T21:09:58.585Z, 42.291846, -71.263019, 49.750000, 2.714000, 2.700000, 3, 185
37092.611111, 2025-11-11T21:09:58.640Z, 42.291846, -71.263021, 49.737000, 2.769000, 2.720000, 3, 185
37148.222222, 2025-11-11T21:09:58.696Z, 42.291845, -71.263023, 49.731000, 2.824000, 2.770000, 3, 185
37203.833333, 2025-11-11T21:09:58.751Z, 42.291845, -71.263024, 49.740000, 2.803000, 2.830000, 3, 185
37259.444444, 2025-11-11T21:09:58.807Z, 42.291844, -71.263026, 49.742000, 2.705000, 2.810000, 3, 185
37315.055556, 2025-11-11T21:09:58.863Z, 42.291844, -71.263027, 49.744000, 2.661000, 2.710000, 3, 185
37370.666667, 2025-11-11T21:09:58.918Z, 42.291843, -71.263029, 49.767000, 2.644000, 2.660000, 3, 185
37426.277778, 2025-11-11T21:09:58.974Z, 42.291842, -71.263030, 49.785000, 2.746000, 2.650000, 3, 185
37481.888889, 2025-11-11T21:09:59.029Z, 42.291841, -71.263032, 49.803000, 2.756000, 2.750000, 3, 185
37537.500000, 2025-11-11T21:09:59.085Z, 42.291841, -71.263034, 49.803000, 2.797000, 2.760000, 3, 185
37593.111111, 2025-11-11T21:09:59.141Z, 42.291840, -71.263035, 49.788000, 2.736000, 2.800000, 3, 185
37648.722222, 2025-11-11T21:09:59.196Z, 42.291840, -71.263037, 49.758000, 2.741000, 2.740000, 3, 185
37704.333333, 2025-11-11T21:09:59.252Z, 42.291839, -71.263038, 49.801000, 2.825000, 2.740000, 3, 185
37759.944444, 2025-11-11T21:09:59.307Z, 42.291838, -71.263040, 49.750000, 2.830000, 2.830000, 3, 185
37815.555556, 2025-11-11T21:09:59.363Z, 42.291838, -71.263042, 49.731000, 2.758000, 2.830000, 3, 185
37871.166667, 2025-11-11T21:09:59.419Z, 42.291837, -71.263043, 49.709000, 2.773000, 2.760000, 3, 185
37926.777778, 2025-11-11T21:09:59.474Z, 42.291837, -71.263045, 49.683000, 2.817000, 2.770000, 3, 185
37982.388889, 2025-11-11T21:09:59.530Z, 42.291836, -71.263047, 49.650000, 2.795000, 2.820000, 3, 185
38038.000000, 2025-11-11T21:09:59.575Z, 42.291835, -71.263048, 49.652000, 2.679000, 2.800000, 3, 185
38090.684211, 2025-11-11T21:09:59.627Z, 42.291835, -71.263049, 49.667000, 2.637000, 2.680000, 3, 185
38143.368421, 2025-11-11T21:09:59.680Z, 42.291834, -71.263051, 49.611000, 2.750000, 2.640000, 3, 185
38196.052632, 2025-11-11T21:09:59.733Z, 42.291834, -71.263053, 49.620000, 2.742000, 2.750000, 3, 185
38248.736842, 2025-11-11T21:09:59.785Z, 42.291833, -71.263054, 49.582000, 2.683000, 2.740000, 3, 185
38301.421053, 2025-11-11T21:09:59.838Z, 42.291833, -71.263055, 49.564000, 2.631000, 2.680000, 3, 185
38354.105263, 2025-11-11T21:09:59.891Z, 42.291832, -71.263057, 49.585000, 2.682000, 2.630000, 3, 185
38406.789474, 2025-11-11T21:09:59.943Z, 42.291831, -71.263059, 49.547000, 2.773000, 2.680000, 3, 185
38459.473684, 2025-11-11T21:09:59.996Z, 42.291831, -71.263060, 49.515000, 2.760000, 2.770000, 3, 185
38512.157895, 2025-11-11T21:10:00.049Z, 42.291830, -71.263062, 49.505000, 2.676000, 2.760000, 3, 185
38564.842105, 2025-11-11T21:10:00.101Z, 42.291830, -71.263063, 49.490000, 2.592000, 2.680000, 3, 185
38617.526316, 2025-11-11T21:10:00.154Z, 42.291829, -71.263064, 49.529000, 2.627000, 2.590000, 3, 185
38670.210526, 2025-11-11T21:10:00.207Z, 42.291828, -71.263066, 49.590000, 2.633000, 2.630000, 3, 185
38722.894737, 2025-11-11T21:10:00.259Z, 42.291828, -71.263067, 49.559000, 2.611000, 2.640000, 3, 185
38775.578947, 2025-11-11T21:10:00.312Z, 42.291827, -71.263068, 49.578000, 2.632000, 2.610000, 3, 185
38828.263158, 2025-11-11T21:10:00.365Z, 42.291826, -71.263070, 49.565000, 2.568000, 2.630000, 3, 185
38880.947368, 2025-11-11T21:10:00.417Z, 42.291826, -71.263071, 49.619000, 2.515000, 2.570000, 3, 185
38933.631579, 2025-11-11T21:10:00.470Z, 42.291825, -71.263072, 49.702000, 2.475000, 2.520000, 3, 185
38986.315789, 2025-11-11T21:10:00.523Z, 42.291825, -71.263073, 49.699000, 2.415000, 2.480000, 3, 185
39039.000000, 2025-11-11T21:10:00.565Z, 42.291824, -71.263075, 49.727000, 2.401000, 2.420000, 3, 185
39097.882353, 2025-11-11T21:10:00.623Z, 42.291824, -71.263076, 49.757000, 2.419000, 2.410000, 3, 185
39156.764706, 2025-11-11T21:10:00.682Z, 42.291823, -71.263077, 49.788000, 2.382000, 2.420000, 3, 185
39215.647059, 2025-11-11T21:10:00.741Z, 42.291823, -71.263078, 49.817000, 2.322000, 2.390000, 3, 185
39274.529412, 2025-11-11T21:10:00.800Z, 42.291822, -71.263080, 49.855000, 2.318000, 2.330000, 3, 185
39333.411765, 2025-11-11T21:10:00.859Z, 42.291822, -71.263081, 49.771000, 2.334000, 2.320000, 3, 185
39392.294118, 2025-11-11T21:10:00.918Z, 42.291821, -71.263083, 49.830000, 2.484000, 2.340000, 3, 185
39451.176471, 2025-11-11T21:10:00.977Z, 42.291821, -71.263085, 49.808000, 2.500000, 2.490000, 3, 185
39510.058824, 2025-11-11T21:10:01.036Z, 42.291820, -71.263086, 49.791000, 2.537000, 2.510000, 3, 185
39568.941176, 2025-11-11T21:10:01.094Z, 42.291819, -71.263087, 49.896000, 2.485000, 2.540000, 3, 185
39627.823529, 2025-11-11T21:10:01.153Z, 42.291819, -71.263089, 49.917000, 2.492000, 2.490000, 3, 185
39686.705882, 2025-11-11T21:10:01.212Z, 42.291818, -71.263091, 49.885000, 2.634000, 2.500000, 3, 185
39745.588235, 2025-11-11T21:10:01.271Z, 42.291818, -71.263093, 49.830000, 2.702000, 2.640000, 3, 185
39804.470588, 2025-11-11T21:10:01.330Z, 42.291817, -71.263094, 49.801000, 2.683000, 2.710000, 3, 185
39863.352941, 2025-11-11T21:10:01.389Z, 42.291817, -71.263096, 49.763000, 2.635000, 2.690000, 3, 185
39922.235294, 2025-11-11T21:10:01.448Z, 42.291816, -71.263098, 49.696000, 2.677000, 2.640000, 3, 185
39981.117647, 2025-11-11T21:10:01.507Z, 42.291815, -71.263099, 49.727000, 2.655000, 2.680000, 3, 185
40040.000000, 2025-11-11T21:10:01.555Z, 42.291814, -71.263101, 49.811000, 2.644000, 2.660000, 3, 185
40090.050000, 2025-11-11T21:10:01.605Z, 42.291814, -71.263102, 49.801000, 2.619000, 2.650000, 3, 185
40140.100000, 2025-11-11T21:10:01.655Z, 42.291814, -71.263104, 49.772000, 2.692000, 2.620000, 3, 185
40190.150000, 2025-11-11T21:10:01.705Z, 42.291813, -71.263105, 49.733000, 2.733000, 2.700000, 3, 185
40240.200000, 2025-11-11T21:10:01.755Z, 42.291812, -71.263107, 49.689000, 2.609000, 2.740000, 3, 185
40290.250000, 2025-11-11T21:10:01.805Z, 42.291812, -71.263108, 49.725000, 2.620000, 2.610000, 3, 185
40340.300000, 2025-11-11T21:10:01.855Z, 42.291812, -71.263110, 49.642000, 2.629000, 2.620000, 3, 185
40390.350000, 2025-11-11T21:10:01.905Z, 42.291811, -71.263112, 49.650000, 2.704000, 2.630000, 3, 185
40440.400000, 2025-11-11T21:10:01.955Z, 42.291810, -71.263114, 49.728000, 2.722000, 2.710000, 3, 185
40490.450000, 2025-11-11T21:10:02.005Z, 42.291809, -71.263115, 49.714000, 2.628000, 2.720000, 3, 185
40540.500000, 2025-11-11T21:10:02.055Z, 42.291809, -71.263116, 49.661000, 2.544000, 2.630000, 3, 185
40590.550000, 2025-11-11T21:10:02.105Z, 42.291808, -71.263118, 49.646000, 2.576000, 2.550000, 3, 185
40640.600000, 2025-11-11T21:10:02.155Z, 42.291807, -71.263120, 49.690000, 2.684000, 2.580000, 3, 185
40690.650000, 2025-11-11T21:10:02.205Z, 42.291807, -71.263122, 49.615000, 2.726000, 2.690000, 3, 185
40740.700000, 2025-11-11T21:10:02.255Z, 42.291806, -71.263123, 49.547000, 2.708000, 2.730000, 3, 185
40790.750000, 2025-11-11T21:10:02.305Z, 42.291805, -71.263125, 49.527000, 2.694000, 2.710000, 3, 185
40840.800000, 2025-11-11T21:10:02.355Z, 42.291805, -71.263126, 49.531000, 2.738000, 2.690000, 3, 185
40890.850000, 2025-11-11T21:10:02.405Z, 42.291804, -71.263128, 49.477000, 2.770000, 2.740000, 3, 185
40940.900000, 2025-11-11T21:10:02.455Z, 42.291803, -71.263130, 49.474000, 2.803000, 2.770000, 3, 185
40990.950000, 2025-11-11T21:10:02.505Z, 42.291802, -71.263132, 49.490000, 2.768000, 2.800000, 3, 185
41041.000000, 2025-11-11T21:10:02.600Z, 42.291802, -71.263134, 49.448000, 2.842000, 2.770000, 3, 185
41099.882353, 2025-11-11T21:10:02.658Z, 42.291801, -71.263135, 49.403000, 2.843000, 2.840000, 3, 185
41158.764706, 2025-11-11T21:10:02.717Z, 42.291800, -71.263137, 49.376000, 2.869000, 2.840000, 3, 185
41217.647059, 2025-11-11T21:10:02.776Z, 42.291799, -71.263139, 49.470000, 2.797000, 2.870000, 3, 185
41276.529412, 2025-11-11T21:10:02.835Z, 42.291799, -71.263140, 49.493000, 2.732000, 2.800000, 3, 185
41335.411765, 2025-11-11T21:10:02.894Z, 42.291798, -71.263141, 49.488000, 2.794000, 2.730000, 3, 185
41394.294118, 2025-11-11T21:10:02.953Z, 42.291798, -71.263143, 49.429000, 2.860000, 2.790000, 3, 185
41453.176471, 2025-11-11T21:10:03.012Z, 42.291797, -71.263145, 49.424000, 2.754000, 2.860000, 3, 185
41512.058824, 2025-11-11T21:10:03.071Z, 42.291796, -71.263146, 49.395000, 2.685000, 2.750000, 3, 185
41570.941176, 2025-11-11T21:10:03.129Z, 42.291796, -71.263148, 49.336000, 2.739000, 2.690000, 3, 185
41629.823529, 2025-11-11T21:10:03.188Z, 42.291795, -71.263150, 49.360000, 2.867000, 2.740000, 3, 185
41688.705882, 2025-11-11T21:10:03.247Z, 42.291794, -71.263151, 49.407000, 2.774000, 2.870000, 3, 185
41747.588235, 2025-11-11T21:10:03.306Z, 42.291794, -71.263153, 49.374000, 2.643000, 2.770000, 3, 185
41806.470588, 2025-11-11T21:10:03.365Z, 42.291793, -71.263154, 49.371000, 2.615000, 2.640000, 3, 185
41865.352941, 2025-11-11T21:10:03.424Z, 42.291792, -71.263155, 49.424000, 2.600000, 2.620000, 3, 185
41924.235294, 2025-11-11T21:10:03.483Z, 42.291791, -71.263157, 49.444000, 2.648000, 2.600000, 3, 185
41983.117647, 2025-11-11T21:10:03.542Z, 42.291791, -71.263158, 49.436000, 2.682000, 2.650000, 3, 185
42042.000000, 2025-11-11T21:10:03.535Z, 42.291790, -71.263160, 49.438000, 2.674000, 2.680000, 3, 185
42097.611111, 2025-11-11T21:10:03.590Z, 42.291789, -71.263161, 49.543000, 2.654000, 2.670000, 3, 185
42153.222222, 2025-11-11T21:10:03.646Z, 42.291788, -71.263162, 49.566000, 2.631000, 2.660000, 3, 185
42208.833333, 2025-11-11T21:10:03.701Z, 42.291787, -71.263164, 49.527000, 2.665000, 2.630000, 3, 185
42264.444444, 2025-11-11T21:10:03.757Z, 42.291787, -71.263165, 49.576000, 2.701000, 2.670000, 3, 185
42320.055556, 2025-11-11T21:10:03.813Z, 42.291786, -71.263166, 49.631000, 2.617000, 2.700000, 3, 185
42375.666667, 2025-11-11T21:10:03.868Z, 42.291785, -71.263167, 49.708000, 2.593000, 2.620000, 3, 185
42431.277778, 2025-11-11T21:10:03.924Z, 42.291784, -71.263169, 49.707000, 2.553000, 2.600000, 3, 185
42486.888889, 2025-11-11T21:10:03.979Z, 42.291783, -71.263170, 49.739000, 2.568000, 2.560000, 3, 185
42542.500000, 2025-11-11T21:10:04.035Z, 42.291783, -71.263172, 49.722000, 2.531000, 2.570000, 3, 185
42598.111111, 2025-11-11T21:10:04.091Z, 42.291782, -71.263173, 49.851000, 2.691000, 2.530000, 3, 185
42653.722222, 2025-11-11T21:10:04.146Z, 42.291781, -71.263175, 49.808000, 2.705000, 2.690000, 3, 185
42709.333333, 2025-11-11T21:10:04.202Z, 42.291780, -71.263177, 49.815000, 2.731000, 2.710000, 3, 185
42764.944444, 2025-11-11T21:10:04.257Z, 42.291779, -71.263178, 49.809000, 2.689000, 2.730000, 3, 185
42820.555556, 2025-11-11T21:10:04.313Z, 42.291778, -71.263180, 49.728000, 2.828000, 2.690000, 3, 185
42876.166667, 2025-11-11T21:10:04.369Z, 42.291778, -71.263182, 49.714000, 2.880000, 2.830000, 3, 185
42931.777778, 2025-11-11T21:10:04.424Z, 42.291777, -71.263184, 49.699000, 2.904000, 2.880000, 3, 185
42987.388889, 2025-11-11T21:10:04.480Z, 42.291776, -71.263185, 49.758000, 2.871000, 2.910000, 3, 185
43043.000000, 2025-11-11T21:10:04.580Z, 42.291775, -71.263186, 49.744000, 2.748000, 2.870000, 3, 185
43095.684211, 2025-11-11T21:10:04.632Z, 42.291775, -71.263188, 49.711000, 2.654000, 2.750000, 3, 185
43148.368421, 2025-11-11T21:10:04.685Z, 42.291774, -71.263189, 49.721000, 2.690000, 2.660000, 3, 185
43201.052632, 2025-11-11T21:10:04.738Z, 42.291773, -71.263191, 49.752000, 2.790000, 2.690000, 3, 185
43253.736842, 2025-11-11T21:10:04.790Z, 42.291773, -71.263192, 49.773000, 2.738000, 2.790000, 3, 185
43306.421053, 2025-11-11T21:10:04.843Z, 42.291772, -71.263193, 49.767000, 2.688000, 2.740000, 3, 185
43359.105263, 2025-11-11T21:10:04.896Z, 42.291771, -71.263195, 49.706000, 2.730000, 2.690000, 3, 185
43411.789474, 2025-11-11T21:10:04.948Z, 42.291770, -71.263197, 49.657000, 2.806000, 2.730000, 3, 185
43464.473684, 2025-11-11T21:10:05.001Z, 42.291769, -71.263199, 49.630000, 2.879000, 2.810000, 3, 185
43517.157895, 2025-11-11T21:10:05.054Z, 42.291769, -71.263201, 49.594000, 2.954000, 2.880000, 3, 185
43569.842105, 2025-11-11T21:10:05.106Z, 42.291768, -71.263203, 49.568000, 2.921000, 2.960000, 3, 185
43622.526316, 2025-11-11T21:10:05.159Z, 42.291767, -71.263205, 49.536000, 2.855000, 2.920000, 3, 185
43675.210526, 2025-11-11T21:10:05.212Z, 42.291766, -71.263206, 49.530000, 2.829000, 2.860000, 3, 185
43727.894737, 2025-11-11T21:10:05.264Z, 42.291766, -71.263207, 49.561000, 2.764000, 2.830000, 3, 185
43780.578947, 2025-11-11T21:10:05.317Z, 42.291765, -71.263209, 49.523000, 2.820000, 2.770000, 3, 185
43833.263158, 2025-11-11T21:10:05.370Z, 42.291765, -71.263211, 49.450000, 2.868000, 2.820000, 3, 185
43885.947368, 2025-11-11T21:10:05.422Z, 42.291764, -71.263213, 49.433000, 2.776000, 2.870000, 3, 185
43938.631579, 2025-11-11T21:10:05.475Z, 42.291764, -71.263215, 49.374000, 2.742000, 2.780000, 3, 185
43991.315789, 2025-11-11T21:10:05.528Z, 42.291763, -71.263217, 49.338000, 2.909000, 2.740000, 3, 185
44044.000000, 2025-11-11T21:10:05.570Z, 42.291762, -71.263219, 49.376000, 3.002000, 2.910000, 3, 185
44099.611111, 2025-11-11T21:10:05.625Z, 42.291761, -71.263221, 49.320000, 2.948000, 3.000000, 3, 185
44155.222222, 2025-11-11T21:10:05.681Z, 42.291761, -71.263222, 49.292000, 2.894000, 2.950000, 3, 185
44210.833333, 2025-11-11T21:10:05.736Z, 42.291760, -71.263224, 49.260000, 2.851000, 2.890000, 3, 185
44266.444444, 2025-11-11T21:10:05.792Z, 42.291759, -71.263226, 49.254000, 2.815000, 2.850000, 3, 185
44322.055556, 2025-11-11T21:10:05.848Z, 42.291759, -71.263227, 49.292000, 2.819000, 2.820000, 3, 185
44377.666667, 2025-11-11T21:10:05.903Z, 42.291758, -71.263229, 49.348000, 2.890000, 2.820000, 3, 185
44433.277778, 2025-11-11T21:10:05.959Z, 42.291758, -71.263230, 49.344000, 2.792000, 2.890000, 3, 185
44488.888889, 2025-11-11T21:10:06.014Z, 42.291757, -71.263232, 49.315000, 2.720000, 2.790000, 3, 185
44544.500000, 2025-11-11T21:10:06.070Z, 42.291757, -71.263233, 49.302000, 2.751000, 2.720000, 3, 185
44600.111111, 2025-11-11T21:10:06.126Z, 42.291756, -71.263235, 49.261000, 2.841000, 2.750000, 3, 185
44655.722222, 2025-11-11T21:10:06.181Z, 42.291755, -71.263237, 49.316000, 2.910000, 2.840000, 3, 185
44711.333333, 2025-11-11T21:10:06.237Z, 42.291755, -71.263238, 49.320000, 2.756000, 2.910000, 3, 185
44766.944444, 2025-11-11T21:10:06.292Z, 42.291754, -71.263240, 49.326000, 2.774000, 2.760000, 3, 185
44822.555556, 2025-11-11T21:10:06.348Z, 42.291754, -71.263242, 49.343000, 2.790000, 2.780000, 3, 185
44878.166667, 2025-11-11T21:10:06.404Z, 42.291753, -71.263243, 49.348000, 2.687000, 2.790000, 3, 185
44933.777778, 2025-11-11T21:10:06.459Z, 42.291753, -71.263245, 49.393000, 2.768000, 2.690000, 3, 185
44989.388889, 2025-11-11T21:10:06.515Z, 42.291752, -71.263247, 49.364000, 2.814000, 2.770000, 3, 185
45045.000000, 2025-11-11T21:10:06.615Z, 42.291752, -71.263249, 49.276000, 2.771000, 2.820000, 3, 185
45100.611111, 2025-11-11T21:10:06.670Z, 42.291751, -71.263250, 49.295000, 2.698000, 2.770000, 3, 185
45156.222222, 2025-11-11T21:10:06.726Z, 42.291751, -71.263252, 49.318000, 2.687000, 2.700000, 3, 185
45211.833333, 2025-11-11T21:10:06.781Z, 42.291750, -71.263253, 49.331000, 2.724000, 2.690000, 3, 185
45267.444444, 2025-11-11T21:10:06.837Z, 42.291750, -71.263255, 49.336000, 2.749000, 2.730000, 3, 185
45323.055556, 2025-11-11T21:10:06.893Z, 42.291750, -71.263256, 49.321000, 2.611000, 2.750000, 3, 185
45378.666667, 2025-11-11T21:10:06.948Z, 42.291749, -71.263258, 49.324000, 2.559000, 2.610000, 3, 185
45434.277778, 2025-11-11T21:10:07.004Z, 42.291749, -71.263259, 49.324000, 2.533000, 2.560000, 3, 185
45489.888889, 2025-11-11T21:10:07.059Z, 42.291748, -71.263261, 49.362000, 2.563000, 2.530000, 3, 185
45545.500000, 2025-11-11T21:10:07.115Z, 42.291747, -71.263263, 49.349000, 2.608000, 2.570000, 3, 185
45601.111111, 2025-11-11T21:10:07.171Z, 42.291747, -71.263265, 49.336000, 2.677000, 2.610000, 3, 185
45656.722222, 2025-11-11T21:10:07.226Z, 42.291746, -71.263266, 49.340000, 2.665000, 2.680000, 3, 185
45712.333333, 2025-11-11T21:10:07.282Z, 42.291745, -71.263268, 49.319000, 2.659000, 2.670000, 3, 185
45767.944444, 2025-11-11T21:10:07.337Z, 42.291745, -71.263270, 49.308000, 2.769000, 2.660000, 3, 185
45823.555556, 2025-11-11T21:10:07.393Z, 42.291744, -71.263272, 49.330000, 2.933000, 2.770000, 3, 185
45879.166667, 2025-11-11T21:10:07.449Z, 42.291743, -71.263274, 49.274000, 2.943000, 2.930000, 3, 185
45934.777778, 2025-11-11T21:10:07.504Z, 42.291742, -71.263276, 49.246000, 2.941000, 2.940000, 3, 185
45990.388889, 2025-11-11T21:10:07.560Z, 42.291742, -71.263278, 49.223000, 2.837000, 2.940000, 3, 185
46046.000000, 2025-11-11T21:10:07.550Z, 42.291741, -71.263279, 49.228000, 2.785000, 2.840000, 3, 185
46101.611111, 2025-11-11T21:10:07.605Z, 42.291741, -71.263281, 49.229000, 2.769000, 2.790000, 3, 185
46157.222222, 2025-11-11T21:10:07.661Z, 42.291740, -71.263283, 49.181000, 2.871000, 2.770000, 3, 185
46212.833333, 2025-11-11T21:10:07.716Z, 42.291739, -71.263285, 49.118000, 2.935000, 2.870000, 3, 185
46268.444444, 2025-11-11T21:10:07.772Z, 42.291739, -71.263287, 49.128000, 2.904000, 2.940000, 3, 185
46324.055556, 2025-11-11T21:10:07.828Z, 42.291738, -71.263289, 49.027000, 2.944000, 2.900000, 3, 185
46379.666667, 2025-11-11T21:10:07.883Z, 42.291737, -71.263291, 48.968000, 2.983000, 2.940000, 3, 185
46435.277778, 2025-11-11T21:10:07.939Z, 42.291736, -71.263293, 48.893000, 3.064000, 2.980000, 3, 185
46490.888889, 2025-11-11T21:10:07.994Z, 42.291736, -71.263295, 48.959000, 3.052000, 3.060000, 3, 185
46546.500000, 2025-11-11T21:10:08.050Z, 42.291735, -71.263297, 48.950000, 3.022000, 3.050000, 3, 185
46602.111111, 2025-11-11T21:10:08.106Z, 42.291734, -71.263299, 48.869000, 2.915000, 3.020000, 3, 185
46657.722222, 2025-11-11T21:10:08.161Z, 42.291734, -71.263300, 48.801000, 2.937000, 2.910000, 3, 185
46713.333333, 2025-11-11T21:10:08.217Z, 42.291733, -71.263302, 48.831000, 3.012000, 2.940000, 3, 185
46768.944444, 2025-11-11T21:10:08.272Z, 42.291732, -71.263305, 48.839000, 3.122000, 3.010000, 3, 185
46824.555556, 2025-11-11T21:10:08.328Z, 42.291731, -71.263306, 48.790000, 3.096000, 3.120000, 3, 185
46880.166667, 2025-11-11T21:10:08.384Z, 42.291731, -71.263308, 48.789000, 2.971000, 3.100000, 3, 185
46935.777778, 2025-11-11T21:10:08.439Z, 42.291730, -71.263310, 48.811000, 3.025000, 2.970000, 3, 185
46991.388889, 2025-11-11T21:10:08.495Z, 42.291729, -71.263312, 48.816000, 3.117000, 3.030000, 3, 185
47047.000000, 2025-11-11T21:10:08.595Z, 42.291729, -71.263313, 48.875000, 3.077000, 3.120000, 3, 185
47102.611111, 2025-11-11T21:10:08.650Z, 42.291728, -71.263315, 48.841000, 3.049000, 3.080000, 3, 185
47158.222222, 2025-11-11T21:10:08.706Z, 42.291727, -71.263317, 48.791000, 3.038000, 3.050000, 3, 185
47213.833333, 2025-11-11T21:10:08.761Z, 42.291727, -71.263319, 48.762000, 2.959000, 3.040000, 3, 185
47269.444444, 2025-11-11T21:10:08.817Z, 42.291726, -71.263320, 48.754000, 2.985000, 2.960000, 3, 185
47325.055556, 2025-11-11T21:10:08.873Z, 42.291725, -71.263322, 48.731000, 3.040000, 2.990000, 3, 185
47380.666667, 2025-11-11T21:10:08.928Z, 42.291725, -71.263324, 48.693000, 3.052000, 3.040000, 3, 185
47436.277778, 2025-11-11T21:10:08.984Z, 42.291724, -71.263326, 48.712000, 2.994000, 3.050000, 3, 185
47491.888889, 2025-11-11T21:10:09.039Z, 42.291723, -71.263327, 48.715000, 2.920000, 2.990000, 3, 185
47547.500000, 2025-11-11T21:10:09.095Z, 42.291722, -71.263329, 48.755000, 2.912000, 2.920000, 3, 185
47603.111111, 2025-11-11T21:10:09.151Z, 42.291722, -71.263330, 48.738000, 2.918000, 2.910000, 3, 185
47658.722222, 2025-11-11T21:10:09.206Z, 42.291721, -71.263332, 48.785000, 2.974000, 2.920000, 3, 185
47714.333333, 2025-11-11T21:10:09.262Z, 42.291721, -71.263334, 48.750000, 2.862000, 2.970000, 3, 185
47769.944444, 2025-11-11T21:10:09.317Z, 42.291720, -71.263335, 48.742000, 2.815000, 2.860000, 3, 185
47825.555556, 2025-11-11T21:10:09.373Z, 42.291719, -71.263337, 48.758000, 2.822000, 2.820000, 3, 185
47881.166667, 2025-11-11T21:10:09.429Z, 42.291719, -71.263339, 48.727000, 2.979000, 2.820000, 3, 185
47936.777778, 2025-11-11T21:10:09.484Z, 42.291718, -71.263341, 48.714000, 3.064000, 2.980000, 3, 185
47992.388889, 2025-11-11T21:10:09.540Z, 42.291717, -71.263343, 48.738000, 3.026000, 3.060000, 3, 185
48048.000000, 2025-11-11T21:10:09.585Z, 42.291716, -71.263344, 48.720000, 2.936000, 3.030000, 3, 185
48103.611111, 2025-11-11T21:10:09.640Z, 42.291716, -71.263346, 48.729000, 2.960000, 2.940000, 3, 185
48159.222222, 2025-11-11T21:10:09.696Z, 42.291715, -71.263348, 48.753000, 2.990000, 2.960000, 3, 185
48214.833333, 2025-11-11T21:10:09.751Z, 42.291714, -71.263350, 48.758000, 2.991000, 2.990000, 3, 185
48270.444444, 2025-11-11T21:10:09.807Z, 42.291713, -71.263351, 48.745000, 2.901000, 2.990000, 3, 185
48326.055556, 2025-11-11T21:10:09.863Z, 42.291713, -71.263352, 48.724000, 2.824000, 2.900000, 3, 185
48381.666667, 2025-11-11T21:10:09.918Z, 42.291712, -71.263354, 48.727000, 2.774000, 2.820000, 3, 185
48437.277778, 2025-11-11T21:10:09.974Z, 42.291711, -71.263356, 48.744000, 2.875000, 2.770000, 3, 185
48492.888889, 2025-11-11T21:10:10.029Z, 42.291711, -71.263358, 48.661000, 2.992000, 2.880000, 3, 185
48548.500000, 2025-11-11T21:10:10.085Z, 42.291710, -71.263359, 48.667000, 2.866000, 2.990000, 3, 185
48604.111111, 2025-11-11T21:10:10.141Z, 42.291709, -71.263361, 48.729000, 2.829000, 2.870000, 3, 185
48659.722222, 2025-11-11T21:10:10.196Z, 42.291708, -71.263363, 48.737000, 2.902000, 2.830000, 3, 185
48715.333333, 2025-11-11T21:10:10.252Z, 42.291708, -71.263365, 48.737000, 2.989000, 2.900000, 3, 185
48770.944444, 2025-11-11T21:10:10.307Z, 42.291707, -71.263366, 48.746000, 2.920000, 2.990000, 3, 185
48826.555556, 2025-11-11T21:10:10.363Z, 42.291707, -71.263367, 48.788000, 2.796000, 2.920000, 3, 185
48882.166667, 2025-11-11T21:10:10.419Z, 42.291706, -71.263369, 48.769000, 2.808000, 2.800000, 3, 185
48937.777778, 2025-11-11T21:10:10.474Z, 42.291705, -71.263370, 48.782000, 2.766000, 2.810000, 3, 185
48993.388889, 2025-11-11T21:10:10.530Z, 42.291704, -71.263372, 48.808000, 2.920000, 2.770000, 3, 185
49049.000000, 2025-11-11T21:10:10.575Z, 42.291704, -71.263374, 48.790000, 2.980000, 2.920000, 3, 185
49104.611111, 2025-11-11T21:10:10.630Z, 42.291703, -71.263376, 48.758000, 2.990000, 2.980000, 3, 185
49160.222222, 2025-11-11T21:10:10.686Z, 42.291702, -71.263378, 48.718000, 3.009000, 2.990000, 3, 185
49215.833333, 2025-11-11T21:10:10.741Z, 42.291701, -71.263380, 48.767000, 3.065000, 3.010000, 3, 185
49271.444444, 2025-11-11T21:10:10.797Z, 42.291701, -71.263382, 48.764000, 3.089000, 3.070000, 3, 185
49327.055556, 2025-11-11T21:10:10.853Z, 42.291700, -71.263383, 48.757000, 3.022000, 3.090000, 3, 185
49382.666667, 2025-11-11T21:10:10.908Z, 42.291699, -71.263385, 48.762000, 2.989000, 3.020000, 3, 185
49438.277778, 2025-11-11T21:10:10.964Z, 42.291698, -71.263387, 48.766000, 3.015000, 2.990000, 3, 185
49493.888889, 2025-11-11T21:10:11.019Z, 42.291697, -71.263389, 48.778000, 3.093000, 3.020000, 3, 185
49549.500000, 2025-11-11T21:10:11.075Z, 42.291697, -71.263391, 48.707000, 3.147000, 3.090000, 3, 185
49605.111111, 2025-11-11T21:10:11.131Z, 42.291696, -71.263393, 48.702000, 3.130000, 3.150000, 3, 185
49660.722222, 2025-11-11T21:10:11.186Z, 42.291695, -71.263395, 48.737000, 3.114000, 3.130000, 3, 185
49716.333333, 2025-11-11T21:10:11.242Z, 42.291695, -71.263396, 48.779000, 3.058000, 3.110000, 3, 185
49771.944444, 2025-11-11T21:10:11.297Z, 42.291694, -71.263398, 48.791000, 3.080000, 3.060000, 3, 185
49827.555556, 2025-11-11T21:10:11.353Z, 42.291693, -71.263400, 48.822000, 3.134000, 3.080000, 3, 185
49883.166667, 2025-11-11T21:10:11.409Z, 42.291692, -71.263402, 48.772000, 3.142000, 3.130000, 3, 185
49938.777778, 2025-11-11T21:10:11.464Z, 42.291691, -71.263404, 48.673000, 3.097000, 3.140000, 3, 185
49994.388889, 2025-11-11T21:10:11.520Z, 42.291691, -71.263406, 48.654000, 3.050000, 3.100000, 3, 185
50050.000000, 2025-11-11T21:10:11.620Z, 42.291690, -71.263408, 48.654000, 3.039000, 3.050000, 3, 185
50102.684211, 2025-11-11T21:10:11.672Z, 42.291689, -71.263409, 48.694000, 3.043000, 3.040000, 3, 185
50155.368421, 2025-11-11T21:10:11.725Z, 42.291688, -71.263411, 48.665000, 3.104000, 3.040000, 3, 185
50208.052632, 2025-11-11T21:10:11.778Z, 42.291688, -71.263413, 48.638000, 3.081000, 3.100000, 3, 185
50260.736842, 2025-11-11T21:10:11.830Z, 42.291687, -71.263415, 48.621000, 3.033000, 3.080000, 3, 185
50313.421053, 2025-11-11T21:10:11.883Z, 42.291686, -71.263417, 48.594000, 3.032000, 3.030000, 3, 185
50366.105263, 2025-11-11T21:10:11.936Z, 42.291685, -71.263418, 48.606000, 3.050000, 3.030000, 3, 185
50418.789474, 2025-11-11T21:10:11.988Z, 42.291685, -71.263420, 48.678000, 3.073000, 3.050000, 3, 185
50471.473684, 2025-11-11T21:10:12.041Z, 42.291684, -71.263422, 48.639000, 3.055000, 3.070000, 3, 185
50524.157895, 2025-11-11T21:10:12.094Z, 42.291683, -71.263424, 48.603000, 2.967000, 3.060000, 3, 185
50576.842105, 2025-11-11T21:10:12.146Z, 42.291682, -71.263425, 48.643000, 3.069000, 2.970000, 3, 185
50629.526316, 2025-11-11T21:10:12.199Z, 42.291682, -71.263428, 48.550000, 3.132000, 3.070000, 3, 185
50682.210526, 2025-11-11T21:10:12.252Z, 42.291680, -71.263430, 48.447000, 3.229000, 3.130000, 3, 185
50734.894737, 2025-11-11T21:10:12.304Z, 42.291680, -71.263432, 48.399000, 3.168000, 3.230000, 3, 185
50787.578947, 2025-11-11T21:10:12.357Z, 42.291679, -71.263435, 48.346000, 3.238000, 3.170000, 3, 185
50840.263158, 2025-11-11T21:10:12.410Z, 42.291678, -71.263437, 48.360000, 3.371000, 3.240000, 3, 185
50892.947368, 2025-11-11T21:10:12.462Z, 42.291677, -71.263439, 48.324000, 3.394000, 3.370000, 3, 185
50945.631579, 2025-11-11T21:10:12.515Z, 42.291676, -71.263441, 48.304000, 3.240000, 3.390000, 3, 185
50998.315789, 2025-11-11T21:10:12.568Z, 42.291675, -71.263443, 48.290000, 3.259000, 3.240000, 3, 185
51051.000000, 2025-11-11T21:10:12.555Z, 42.291675, -71.263445, 48.283000, 3.238000, 3.260000, 3, 185
51106.611111, 2025-11-11T21:10:12.610Z, 42.291674, -71.263447, 48.200000, 3.272000, 3.240000, 3, 185
51162.222222, 2025-11-11T21:10:12.666Z, 42.291673, -71.263448, 48.198000, 3.231000, 3.270000, 3, 185
51217.833333, 2025-11-11T21:10:12.721Z, 42.291672, -71.263450, 48.224000, 3.195000, 3.230000, 3, 185
51273.444444, 2025-11-11T21:10:12.777Z, 42.291671, -71.263452, 48.248000, 3.185000, 3.200000, 3, 185
51329.055556, 2025-11-11T21:10:12.833Z, 42.291671, -71.263454, 48.275000, 3.248000, 3.190000, 3, 185
51384.666667, 2025-11-11T21:10:12.888Z, 42.291670, -71.263456, 48.292000, 3.249000, 3.250000, 3, 185
51440.277778, 2025-11-11T21:10:12.944Z, 42.291669, -71.263457, 48.358000, 3.113000, 3.250000, 3, 185
51495.888889, 2025-11-11T21:10:12.999Z, 42.291669, -71.263458, 48.340000, 3.066000, 3.110000, 3, 185
51551.500000, 2025-11-11T21:10:13.055Z, 42.291668, -71.263460, 48.349000, 3.081000, 3.070000, 3, 185
51607.111111, 2025-11-11T21:10:13.111Z, 42.291667, -71.263461, 48.382000, 3.044000, 3.080000, 3, 185
51662.722222, 2025-11-11T21:10:13.166Z, 42.291666, -71.263463, 48.367000, 3.043000, 3.040000, 3, 185
51718.333333, 2025-11-11T21:10:13.222Z, 42.291665, -71.263465, 48.292000, 3.107000, 3.040000, 3, 185
51773.944444, 2025-11-11T21:10:13.277Z, 42.291665, -71.263467, 48.278000, 3.054000, 3.110000, 3, 185
51829.555556, 2025-11-11T21:10:13.333Z, 42.291664, -71.263469, 48.223000, 3.127000, 3.050000, 3, 185
51885.166667, 2025-11-11T21:10:13.389Z, 42.291663, -71.263472, 48.237000, 3.221000, 3.130000, 3, 185
51940.777778, 2025-11-11T21:10:13.444Z, 42.291662, -71.263474, 48.223000, 3.234000, 3.220000, 3, 185
51996.388889, 2025-11-11T21:10:13.500Z, 42.291661, -71.263475, 48.221000, 3.185000, 3.230000, 3, 185
52052.000000, 2025-11-11T21:10:13.600Z, 42.291661, -71.263477, 48.194000, 3.150000, 3.180000, 3, 185
52104.684211, 2025-11-11T21:10:13.652Z, 42.291660, -71.263479, 48.167000, 3.071000, 3.150000, 3, 185
52157.368421, 2025-11-11T21:10:13.705Z, 42.291659, -71.263481, 48.239000, 3.092000, 3.070000, 3, 185
52210.052632, 2025-11-11T21:10:13.758Z, 42.291658, -71.263482, 48.229000, 3.129000, 3.090000, 3, 185
52262.736842, 2025-11-11T21:10:13.810Z, 42.291658, -71.263484, 48.333000, 3.092000, 3.130000, 3, 185
52315.421053, 2025-11-11T21:10:13.863Z, 42.291657, -71.263485, 48.347000, 2.996000, 3.090000, 3, 185
52368.105263, 2025-11-11T21:10:13.916Z, 42.291656, -71.263487, 48.329000, 3.009000, 3.000000, 3, 185
52420.789474, 2025-11-11T21:10:13.968Z, 42.291656, -71.263489, 48.291000, 3.006000, 3.010000, 3, 185
52473.473684, 2025-11-11T21:10:14.021Z, 42.291655, -71.263490, 48.340000, 3.066000, 3.010000, 3, 185
52526.157895, 2025-11-11T21:10:14.074Z, 42.291654, -71.263492, 48.343000, 2.958000, 3.070000, 3, 185
52578.842105, 2025-11-11T21:10:14.126Z, 42.291654, -71.263493, 48.405000, 2.874000, 2.960000, 3, 185
52631.526316, 2025-11-11T21:10:14.179Z, 42.291653, -71.263495, 48.440000, 2.821000, 2.880000, 3, 185
52684.210526, 2025-11-11T21:10:14.232Z, 42.291652, -71.263497, 48.348000, 2.807000, 2.820000, 3, 185
52736.894737, 2025-11-11T21:10:14.284Z, 42.291652, -71.263499, 48.300000, 2.874000, 2.810000, 3, 185
52789.578947, 2025-11-11T21:10:14.337Z, 42.291651, -71.263501, 48.286000, 2.990000, 2.870000, 3, 185
52842.263158, 2025-11-11T21:10:14.390Z, 42.291650, -71.263503, 48.235000, 2.959000, 2.990000, 3, 185
52894.947368, 2025-11-11T21:10:14.442Z, 42.291649, -71.263505, 48.175000, 2.978000, 2.960000, 3, 185
52947.631579, 2025-11-11T21:10:14.495Z, 42.291649, -71.263508, 48.121000, 3.063000, 2.980000, 3, 185
53000.315789, 2025-11-11T21:10:14.548Z, 42.291648, -71.263509, 48.135000, 3.069000, 3.060000, 3, 185
53053.000000, 2025-11-11T21:10:14.590Z, 42.291647, -71.263511, 48.091000, 3.015000, 3.070000, 3, 185
53111.882353, 2025-11-11T21:10:14.648Z, 42.291647, -71.263513, 48.101000, 2.970000, 3.020000, 3, 185
53170.764706, 2025-11-11T21:10:14.707Z, 42.291646, -71.263514, 48.127000, 2.929000, 2.970000, 3, 185
53229.647059, 2025-11-11T21:10:14.766Z, 42.291645, -71.263516, 48.161000, 2.986000, 2.930000, 3, 185
53288.529412, 2025-11-11T21:10:14.825Z, 42.291645, -71.263518, 48.214000, 3.024000, 2.990000, 3, 185
53347.411765, 2025-11-11T21:10:14.884Z, 42.291644, -71.263520, 48.189000, 2.972000, 3.020000, 3, 185
53406.294118, 2025-11-11T21:10:14.943Z, 42.291643, -71.263521, 48.187000, 2.977000, 2.970000, 3, 185
53465.176471, 2025-11-11T21:10:15.002Z, 42.291642, -71.263524, 48.151000, 3.044000, 2.980000, 3, 185
53524.058824, 2025-11-11T21:10:15.061Z, 42.291641, -71.263526, 48.114000, 3.048000, 3.040000, 3, 185
53582.941176, 2025-11-11T21:10:15.119Z, 42.291641, -71.263527, 48.163000, 3.053000, 3.050000, 3, 185
53641.823529, 2025-11-11T21:10:15.178Z, 42.291640, -71.263529, 48.123000, 3.022000, 3.050000, 3, 185
53700.705882, 2025-11-11T21:10:15.237Z, 42.291639, -71.263531, 48.105000, 3.048000, 3.020000, 3, 185
53759.588235, 2025-11-11T21:10:15.296Z, 42.291639, -71.263533, 48.038000, 2.950000, 3.050000, 3, 185
53818.470588, 2025-11-11T21:10:15.355Z, 42.291638, -71.263535, 48.022000, 2.968000, 2.950000, 3, 185
53877.352941, 2025-11-11T21:10:15.414Z, 42.291638, -71.263537, 47.962000, 3.016000, 2.970000, 3, 185
53936.235294, 2025-11-11T21:10:15.473Z, 42.291637, -71.263539, 48.008000, 3.062000, 3.020000, 3, 185
53995.117647, 2025-11-11T21:10:15.532Z, 42.291636, -71.263540, 48.027000, 2.985000, 3.060000, 3, 185
54054.000000, 2025-11-11T21:10:15.580Z, 42.291635, -71.263542, 48.023000, 2.911000, 2.980000, 3, 185
54106.684211, 2025-11-11T21:10:15.632Z, 42.291635, -71.263544, 48.071000, 2.956000, 2.910000, 3, 185
54159.368421, 2025-11-11T21:10:15.685Z, 42.291634, -71.263545, 48.162000, 3.026000, 2.960000, 3, 185
54212.052632, 2025-11-11T21:10:15.738Z, 42.291633, -71.263547, 48.165000, 2.929000, 3.030000, 3, 185
54264.736842, 2025-11-11T21:10:15.790Z, 42.291632, -71.263549, 48.108000, 2.891000, 2.930000, 3, 185
54317.421053, 2025-11-11T21:10:15.843Z, 42.291632, -71.263551, 48.053000, 3.012000, 2.890000, 3, 185
54370.105263, 2025-11-11T21:10:15.896Z, 42.291631, -71.263553, 48.017000, 2.951000, 3.010000, 3, 185
54422.789474, 2025-11-11T21:10:15.948Z, 42.291630, -71.263554, 48.060000, 2.926000, 2.950000, 3, 185
54475.473684, 2025-11-11T21:10:16.001Z, 42.291630, -71.263555, 48.090000, 2.911000, 2.930000, 3, 185
54528.157895, 2025-11-11T21:10:16.054Z, 42.291629, -71.263557, 48.098000, 2.984000, 2.910000, 3, 185
54580.842105, 2025-11-11T21:10:16.106Z, 42.291628, -71.263559, 48.124000, 2.993000, 2.980000, 3, 185
54633.526316, 2025-11-11T21:10:16.159Z, 42.291627, -71.263561, 48.093000, 2.997000, 2.990000, 3, 185
54686.210526, 2025-11-11T21:10:16.212Z, 42.291627, -71.263563, 48.063000, 2.963000, 3.000000, 3, 185
54738.894737, 2025-11-11T21:10:16.264Z, 42.291626, -71.263564, 48.124000, 2.832000, 2.960000, 3, 185
54791.578947, 2025-11-11T21:10:16.317Z, 42.291625, -71.263566, 48.136000, 2.916000, 2.830000, 3, 185
54844.263158, 2025-11-11T21:10:16.370Z, 42.291624, -71.263567, 48.129000, 2.922000, 2.920000, 3, 185
54896.947368, 2025-11-11T21:10:16.422Z, 42.291624, -71.263569, 48.097000, 2.943000, 2.920000, 3, 185
54949.631579, 2025-11-11T21:10:16.475Z, 42.291623, -71.263571, 48.192000, 2.912000, 2.940000, 3, 185
55002.315789, 2025-11-11T21:10:16.528Z, 42.291623, -71.263572, 48.136000, 2.886000, 2.910000, 3, 185
55055.000000, 2025-11-11T21:10:16.570Z, 42.291622, -71.263574, 48.119000, 2.852000, 2.890000, 3, 185
55110.611111, 2025-11-11T21:10:16.625Z, 42.291621, -71.263576, 48.095000, 2.811000, 2.850000, 3, 185
55166.222222, 2025-11-11T21:10:16.681Z, 42.291620, -71.263577, 48.014000, 2.848000, 2.810000, 3, 185
55221.833333, 2025-11-11T21:10:16.736Z, 42.291620, -71.263579, 47.955000, 2.878000, 2.850000, 3, 185
55277.444444, 2025-11-11T21:10:16.792Z, 42.291618, -71.263581, 47.944000, 2.892000, 2.880000, 3, 185
55333.055556, 2025-11-11T21:10:16.848Z, 42.291618, -71.263582, 47.882000, 2.801000, 2.890000, 3, 185
55388.666667, 2025-11-11T21:10:16.903Z, 42.291617, -71.263583, 47.880000, 2.623000, 2.800000, 3, 185
55444.277778, 2025-11-11T21:10:16.959Z, 42.291616, -71.263585, 47.872000, 2.682000, 2.620000, 3, 185
55499.888889, 2025-11-11T21:10:17.014Z, 42.291616, -71.263587, 47.846000, 2.691000, 2.680000, 3, 185
55555.500000, 2025-11-11T21:10:17.070Z, 42.291615, -71.263588, 47.829000, 2.695000, 2.690000, 3, 185
55611.111111, 2025-11-11T21:10:17.126Z, 42.291614, -71.263590, 47.839000, 2.720000, 2.700000, 3, 185
55666.722222, 2025-11-11T21:10:17.181Z, 42.291613, -71.263591, 47.837000, 2.739000, 2.720000, 3, 185
55722.333333, 2025-11-11T21:10:17.237Z, 42.291612, -71.263593, 47.747000, 2.830000, 2.740000, 3, 185
55777.944444, 2025-11-11T21:10:17.292Z, 42.291611, -71.263595, 47.735000, 2.905000, 2.830000, 3, 185
55833.555556, 2025-11-11T21:10:17.348Z, 42.291610, -71.263597, 47.691000, 2.865000, 2.900000, 3, 185
55889.166667, 2025-11-11T21:10:17.404Z, 42.291609, -71.263599, 47.689000, 2.864000, 2.860000, 3, 185
55944.777778, 2025-11-11T21:10:17.459Z, 42.291609, -71.263601, 47.720000, 2.878000, 2.860000, 3, 185
56000.388889, 2025-11-11T21:10:17.515Z, 42.291608, -71.263602, 47.711000, 2.802000, 2.880000, 3, 185
56056.000000, 2025-11-11T21:10:17.615Z, 42.291607, -71.263604, 47.701000, 2.831000, 2.800000, 3, 185
56111.611111, 2025-11-11T21:10:17.670Z, 42.291606, -71.263605, 47.703000, 2.871000, 2.830000, 3, 185
56167.222222, 2025-11-11T21:10:17.726Z, 42.291606, -71.263607, 47.648000, 2.892000, 2.870000, 3, 185
56222.833333, 2025-11-11T21:10:17.781Z, 42.291605, -71.263609, 47.596000, 2.809000, 2.890000, 3, 185
56278.444444, 2025-11-11T21:10:17.837Z, 42.291604, -71.263611, 47.558000, 2.902000, 2.810000, 3, 185
56334.055556, 2025-11-11T21:10:17.893Z, 42.291603, -71.263613, 47.527000, 3.067000, 2.900000, 3, 185
56389.666667, 2025-11-11T21:10:17.948Z, 42.291602, -71.263616, 47.448000, 3.084000, 3.070000, 3, 185
56445.277778, 2025-11-11T21:10:18.004Z, 42.291601, -71.263617, 47.492000, 3.028000, 3.080000, 3, 185
56500.888889, 2025-11-11T21:10:18.059Z, 42.291601, -71.263618, 47.525000, 2.835000, 3.030000, 3, 185
56556.500000, 2025-11-11T21:10:18.115Z, 42.291601, -71.263619, 47.479000, 2.718000, 2.840000, 3, 185
56612.111111, 2025-11-11T21:10:18.171Z, 42.291600, -71.263621, 47.482000, 2.719000, 2.720000, 3, 185
56667.722222, 2025-11-11T21:10:18.226Z, 42.291599, -71.263622, 47.497000, 2.734000, 2.720000, 3, 185
56723.333333, 2025-11-11T21:10:18.282Z, 42.291598, -71.263624, 47.518000, 2.776000, 2.730000, 3, 185
56778.944444, 2025-11-11T21:10:18.337Z, 42.291597, -71.263625, 47.565000, 2.834000, 2.780000, 3, 185
56834.555556, 2025-11-11T21:10:18.393Z, 42.291596, -71.263627, 47.597000, 2.836000, 2.830000, 3, 185
56890.166667, 2025-11-11T21:10:18.449Z, 42.291595, -71.263628, 47.678000, 2.769000, 2.840000, 3, 185
56945.777778, 2025-11-11T21:10:18.504Z, 42.291595, -71.263629, 47.675000, 2.783000, 2.770000, 3, 185
57001.388889, 2025-11-11T21:10:18.560Z, 42.291594, -71.263631, 47.672000, 2.753000, 2.780000, 3, 185
57057.000000, 2025-11-11T21:10:18.605Z, 42.291593, -71.263632, 47.718000, 2.673000, 2.750000, 3, 185
57112.611111, 2025-11-11T21:10:18.660Z, 42.291592, -71.263633, 47.663000, 2.656000, 2.670000, 3, 185
57168.222222, 2025-11-11T21:10:18.716Z, 42.291592, -71.263635, 47.656000, 2.600000, 2.660000, 3, 185
57223.833333, 2025-11-11T21:10:18.771Z, 42.291591, -71.263636, 47.676000, 2.627000, 2.600000, 3, 185
57279.444444, 2025-11-11T21:10:18.827Z, 42.291590, -71.263638, 47.653000, 2.646000, 2.630000, 3, 185
57335.055556, 2025-11-11T21:10:18.883Z, 42.291590, -71.263640, 47.644000, 2.740000, 2.650000, 3, 185
57390.666667, 2025-11-11T21:10:18.938Z, 42.291589, -71.263641, 47.679000, 2.758000, 2.740000, 3, 185
57446.277778, 2025-11-11T21:10:18.994Z, 42.291588, -71.263644, 47.612000, 2.764000, 2.760000, 3, 185
57501.888889, 2025-11-11T21:10:19.049Z, 42.291587, -71.263646, 47.581000, 2.888000, 2.760000, 3, 185
57557.500000, 2025-11-11T21:10:19.105Z, 42.291586, -71.263648, 47.609000, 2.996000, 2.890000, 3, 185
57613.111111, 2025-11-11T21:10:19.161Z, 42.291586, -71.263649, 47.606000, 2.868000, 3.000000, 3, 185
57668.722222, 2025-11-11T21:10:19.216Z, 42.291585, -71.263651, 47.549000, 2.882000, 2.870000, 3, 185
57724.333333, 2025-11-11T21:10:19.272Z, 42.291584, -71.263653, 47.531000, 2.921000, 2.880000, 3, 185
57779.944444, 2025-11-11T21:10:19.327Z, 42.291584, -71.263655, 47.475000, 2.823000, 2.920000, 3, 185
57835.555556, 2025-11-11T21:10:19.383Z, 42.291583, -71.263656, 47.450000, 2.776000, 2.820000, 3, 185
57891.166667, 2025-11-11T21:10:19.439Z, 42.291582, -71.263657, 47.439000, 2.741000, 2.780000, 3, 185
57946.777778, 2025-11-11T21:10:19.494Z, 42.291581, -71.263658, 47.441000, 2.777000, 2.740000, 3, 185
58002.388889, 2025-11-11T21:10:19.550Z, 42.291580, -71.263659, 47.431000, 2.739000, 2.780000, 3, 185
58058.000000, 2025-11-11T21:10:19.595Z, 42.291579, -71.263661, 47.414000, 2.630000, 2.740000, 3, 185
58110.684211, 2025-11-11T21:10:19.647Z, 42.291578, -71.263662, 47.437000, 2.668000, 2.630000, 3, 185
58163.368421, 2025-11-11T21:10:19.700Z, 42.291578, -71.263663, 47.455000, 2.687000, 2.670000, 3, 185
58216.052632, 2025-11-11T21:10:19.753Z, 42.291576, -71.263664, 47.507000, 2.668000, 2.690000, 3, 185
58268.736842, 2025-11-11T21:10:19.805Z, 42.291576, -71.263666, 47.464000, 2.616000, 2.670000, 3, 185
58321.421053, 2025-11-11T21:10:19.858Z, 42.291575, -71.263668, 47.386000, 2.531000, 2.620000, 3, 185
58374.105263, 2025-11-11T21:10:19.911Z, 42.291574, -71.263670, 47.345000, 2.615000, 2.530000, 3, 185
58426.789474, 2025-11-11T21:10:19.963Z, 42.291573, -71.263671, 47.306000, 2.670000, 2.620000, 3, 185
58479.473684, 2025-11-11T21:10:20.016Z, 42.291572, -71.263672, 47.323000, 2.685000, 2.670000, 3, 185
58532.157895, 2025-11-11T21:10:20.069Z, 42.291572, -71.263673, 47.322000, 2.628000, 2.690000, 3, 185
58584.842105, 2025-11-11T21:10:20.121Z, 42.291570, -71.263675, 47.324000, 2.713000, 2.630000, 3, 185
58637.526316, 2025-11-11T21:10:20.174Z, 42.291570, -71.263676, 47.369000, 2.710000, 2.710000, 3, 185
58690.210526, 2025-11-11T21:10:20.227Z, 42.291569, -71.263677, 47.334000, 2.596000, 2.710000, 3, 185
58742.894737, 2025-11-11T21:10:20.279Z, 42.291568, -71.263678, 47.290000, 2.537000, 2.600000, 3, 185
58795.578947, 2025-11-11T21:10:20.332Z, 42.291567, -71.263679, 47.203000, 2.553000, 2.540000, 3, 185
58848.263158, 2025-11-11T21:10:20.385Z, 42.291565, -71.263680, 47.137000, 2.698000, 2.550000, 3, 185
58900.947368, 2025-11-11T21:10:20.437Z, 42.291564, -71.263681, 47.071000, 2.702000, 2.700000, 3, 185
58953.631579, 2025-11-11T21:10:20.490Z, 42.291563, -71.263682, 47.032000, 2.698000, 2.700000, 3, 185
59006.315789, 2025-11-11T21:10:20.543Z, 42.291562, -71.263683, 47.024000, 2.714000, 2.700000, 3, 185
59059.000000, 2025-11-11T21:10:20.585Z, 42.291560, -71.263684, 47.015000, 2.720000, 2.710000, 3, 185
59114.611111, 2025-11-11T21:10:20.640Z, 42.291559, -71.263685, 47.021000, 2.698000, 2.720000, 3, 185
59170.222222, 2025-11-11T21:10:20.696Z, 42.291558, -71.263686, 47.049000, 2.650000, 2.700000, 3, 185
59225.833333, 2025-11-11T21:10:20.751Z, 42.291558, -71.263687, 47.053000, 2.592000, 2.650000, 3, 185
59281.444444, 2025-11-11T21:10:20.807Z, 42.291556, -71.263687, 47.100000, 2.631000, 2.590000, 3, 185
59337.055556, 2025-11-11T21:10:20.863Z, 42.291554, -71.263688, 47.163000, 2.756000, 2.630000, 3, 185
59392.666667, 2025-11-11T21:10:20.918Z, 42.291553, -71.263688, 47.191000, 2.684000, 2.760000, 3, 185
59448.277778, 2025-11-11T21:10:20.974Z, 42.291552, -71.263689, 47.219000, 2.627000, 2.680000, 3, 185
59503.888889, 2025-11-11T21:10:21.029Z, 42.291551, -71.263690, 47.245000, 2.702000, 2.630000, 3, 185
59559.500000, 2025-11-11T21:10:21.085Z, 42.291549, -71.263690, 47.275000, 2.712000, 2.700000, 3, 185
59615.111111, 2025-11-11T21:10:21.141Z, 42.291548, -71.263691, 47.306000, 2.767000, 2.710000, 3, 185
59670.722222, 2025-11-11T21:10:21.196Z, 42.291547, -71.263692, 47.300000, 2.719000, 2.770000, 3, 185
59726.333333, 2025-11-11T21:10:21.252Z, 42.291546, -71.263692, 47.300000, 2.661000, 2.720000, 3, 185
59781.944444, 2025-11-11T21:10:21.307Z, 42.291544, -71.263693, 47.274000, 2.836000, 2.660000, 3, 185
59837.555556, 2025-11-11T21:10:21.363Z, 42.291542, -71.263694, 47.234000, 2.958000, 2.840000, 3, 185
59893.166667, 2025-11-11T21:10:21.419Z, 42.291540, -71.263694, 47.167000, 2.948000, 2.960000, 3, 185
59948.777778, 2025-11-11T21:10:21.474Z, 42.291539, -71.263695, 47.119000, 2.950000, 2.950000, 3, 185
60004.388889, 2025-11-11T21:10:21.530Z, 42.291538, -71.263695, 47.087000, 2.922000, 2.950000, 3, 185
60060.000000, 2025-11-11T21:10:21.575Z, 42.291536, -71.263695, 47.093000, 2.913000, 2.920000, 3, 185
60115.611111, 2025-11-11T21:10:21.630Z, 42.291535, -71.263696, 47.127000, 2.908000, 2.910000, 3, 185
60171.222222, 2025-11-11T21:10:21.686Z, 42.291533, -71.263696, 47.146000, 2.955000, 2.910000, 3, 185
60226.833333, 2025-11-11T21:10:21.741Z, 42.291532, -71.263697, 47.149000, 2.935000, 2.950000, 3, 185
60282.444444, 2025-11-11T21:10:21.797Z, 42.291530, -71.263697, 47.117000, 2.944000, 2.940000, 3, 185
60338.055556, 2025-11-11T21:10:21.853Z, 42.291529, -71.263697, 47.096000, 2.923000, 2.940000, 3, 185
60393.666667, 2025-11-11T21:10:21.908Z, 42.291527, -71.263698, 47.085000, 2.921000, 2.920000, 3, 185
60449.277778, 2025-11-11T21:10:21.964Z, 42.291526, -71.263698, 47.122000, 2.868000, 2.920000, 3, 185
60504.888889, 2025-11-11T21:10:22.019Z, 42.291525, -71.263699, 47.085000, 2.889000, 2.870000, 3, 185
60560.500000, 2025-11-11T21:10:22.075Z, 42.291524, -71.263699, 47.062000, 2.844000, 2.890000, 3, 185
60616.111111, 2025-11-11T21:10:22.131Z, 42.291523, -71.263699, 47.032000, 2.734000, 2.840000, 3, 185
60671.722222, 2025-11-11T21:10:22.186Z, 42.291522, -71.263699, 46.973000, 2.656000, 2.730000, 3, 185
60727.333333, 2025-11-11T21:10:22.242Z, 42.291521, -71.263700, 47.019000, 2.604000, 2.660000, 3, 185
60782.944444, 2025-11-11T21:10:22.297Z, 42.291520, -71.263700, 47.047000, 2.460000, 2.600000, 3, 185
60838.555556, 2025-11-11T21:10:22.353Z, 42.291519, -71.263700, 47.031000, 2.362000, 2.460000, 3, 185
60894.166667, 2025-11-11T21:10:22.409Z, 42.291519, -71.263701, 47.004000, 2.215000, 2.360000, 3, 185
60949.777778, 2025-11-11T21:10:22.464Z, 42.291518, -71.263701, 47.011000, 2.186000, 2.210000, 3, 185
61005.388889, 2025-11-11T21:10:22.520Z, 42.291516, -71.263701, 47.010000, 2.208000, 2.190000, 3, 185
61061.000000, 2025-11-11T21:10:22.620Z, 42.291515, -71.263701, 46.985000, 2.318000, 2.210000, 3, 185
61116.611111, 2025-11-11T21:10:22.675Z, 42.291513, -71.263700, 46.983000, 2.334000, 2.320000, 3, 185
61172.222222, 2025-11-11T21:10:22.731Z, 42.291512, -71.263700, 46.943000, 2.447000, 2.330000, 3, 185
61227.833333, 2025-11-11T21:10:22.786Z, 42.291510, -71.263700, 47.013000, 2.465000, 2.450000, 3, 185
61283.444444, 2025-11-11T21:10:22.842Z, 42.291509, -71.263699, 47.115000, 2.485000, 2.460000, 3, 185
61339.055556, 2025-11-11T21:10:22.898Z, 42.291506, -71.263698, 47.214000, 2.696000, 2.490000, 3, 185
61394.666667, 2025-11-11T21:10:22.953Z, 42.291504, -71.263698, 47.072000, 2.884000, 2.700000, 3, 185
61450.277778, 2025-11-11T21:10:23.009Z, 42.291502, -71.263698, 46.914000, 3.025000, 2.880000, 3, 185
61505.888889, 2025-11-11T21:10:23.064Z, 42.291501, -71.263699, 46.764000, 2.892000, 3.030000, 3, 185
61561.500000, 2025-11-11T21:10:23.120Z, 42.291500, -71.263699, 46.729000, 2.777000, 2.890000, 3, 185
61617.111111, 2025-11-11T21:10:23.176Z, 42.291499, -71.263699, 46.772000, 2.784000, 2.780000, 3, 185
61672.722222, 2025-11-11T21:10:23.231Z, 42.291497, -71.263700, 46.652000, 2.894000, 2.780000, 3, 185
61728.333333, 2025-11-11T21:10:23.287Z, 42.291496, -71.263699, 46.613000, 2.925000, 2.890000, 3, 185
61783.944444, 2025-11-11T21:10:23.342Z, 42.291494, -71.263699, 46.476000, 2.940000, 2.930000, 3, 185
61839.555556, 2025-11-11T21:10:23.398Z, 42.291493, -71.263699, 46.406000, 2.950000, 2.940000, 3, 185
61895.166667, 2025-11-11T21:10:23.454Z, 42.291491, -71.263700, 46.322000, 2.987000, 2.950000, 3, 185
61950.777778, 2025-11-11T21:10:23.509Z, 42.291489, -71.263700, 46.306000, 3.029000, 2.990000, 3, 185
62006.388889, 2025-11-11T21:10:23.565Z, 42.291488, -71.263699, 46.292000, 2.990000, 3.030000, 3, 185
62062.000000, 2025-11-11T21:10:23.610Z, 42.291487, -71.263699, 46.385000, 2.997000, 2.990000, 3, 185
62117.611111, 2025-11-11T21:10:23.665Z, 42.291485, -71.263699, 46.416000, 3.025000, 3.000000, 3, 185
62173.222222, 2025-11-11T21:10:23.721Z, 42.291484, -71.263699, 46.243000, 2.964000, 3.030000, 3, 185
62228.833333, 2025-11-11T21:10:23.776Z, 42.291483, -71.263699, 45.976000, 2.827000, 2.970000, 3, 185
62284.444444, 2025-11-11T21:10:23.832Z, 42.291482, -71.263699, 45.958000, 2.903000, 2.830000, 3, 185
62340.055556, 2025-11-11T21:10:23.888Z, 42.291480, -71.263698, 46.075000, 2.873000, 2.910000, 3, 185
62395.666667, 2025-11-11T21:10:23.943Z, 42.291479, -71.263698, 46.119000, 2.868000, 2.880000, 3, 185
62451.277778, 2025-11-11T21:10:23.999Z, 42.291478, -71.263698, 46.224000, 2.784000, 2.870000, 3, 185
62506.888889, 2025-11-11T21:10:24.054Z, 42.291476, -71.263698, 46.188000, 2.841000, 2.790000, 3, 185
62562.500000, 2025-11-11T21:10:24.110Z, 42.291474, -71.263697, 46.317000, 2.920000, 2.840000, 3, 185
62618.111111, 2025-11-11T21:10:24.166Z, 42.291472, -71.263698, 46.339000, 2.994000, 2.920000, 3, 185
62673.722222, 2025-11-11T21:10:24.221Z, 42.291471, -71.263698, 46.345000, 3.024000, 2.990000, 3, 185
62729.333333, 2025-11-11T21:10:24.277Z, 42.291469, -71.263698, 46.326000, 3.060000, 3.020000, 3, 185
62784.944444, 2025-11-11T21:10:24.332Z, 42.291468, -71.263698, 46.390000, 3.033000, 3.060000, 3, 185
62840.555556, 2025-11-11T21:10:24.388Z, 42.291466, -71.263698, 46.431000, 2.917000, 3.030000, 3, 185
62896.166667, 2025-11-11T21:10:24.444Z, 42.291465, -71.263698, 46.319000, 2.877000, 2.920000, 3, 185
62951.777778, 2025-11-11T21:10:24.499Z, 42.291464, -71.263699, 46.287000, 2.848000, 2.880000, 3, 185
63007.388889, 2025-11-11T21:10:24.555Z, 42.291464, -71.263699, 46.323000, 2.629000, 2.850000, 3, 185
63063.000000, 2025-11-11T21:10:24.600Z, 42.291463, -71.263699, 46.248000, 2.478000, 2.630000, 3, 185
63118.611111, 2025-11-11T21:10:24.655Z, 42.291462, -71.263700, 46.213000, 2.375000, 2.480000, 3, 185
63174.222222, 2025-11-11T21:10:24.711Z, 42.291461, -71.263700, 46.169000, 2.245000, 2.380000, 3, 185
63229.833333, 2025-11-11T21:10:24.766Z, 42.291460, -71.263700, 46.141000, 2.351000, 2.250000, 3, 185
63285.444444, 2025-11-11T21:10:24.822Z, 42.291459, -71.263701, 46.100000, 2.393000, 2.350000, 3, 185
63341.055556, 2025-11-11T21:10:24.878Z, 42.291458, -71.263701, 46.089000, 2.421000, 2.390000, 3, 185
63396.666667, 2025-11-11T21:10:24.933Z, 42.291457, -71.263701, 46.074000, 2.447000, 2.420000, 3, 185
63452.277778, 2025-11-11T21:10:24.989Z, 42.291455, -71.263702, 46.086000, 2.489000, 2.450000, 3, 185
63507.888889, 2025-11-11T21:10:25.044Z, 42.291454, -71.263702, 46.055000, 2.633000, 2.490000, 3, 185
63563.500000, 2025-11-11T21:10:25.100Z, 42.291452, -71.263703, 46.007000, 2.661000, 2.630000, 3, 185
63619.111111, 2025-11-11T21:10:25.156Z, 42.291451, -71.263703, 46.007000, 2.780000, 2.660000, 3, 185
63674.722222, 2025-11-11T21:10:25.211Z, 42.291449, -71.263704, 46.023000, 2.892000, 2.780000, 3, 185
63730.333333, 2025-11-11T21:10:25.267Z, 42.291447, -71.263704, 46.006000, 2.936000, 2.890000, 3, 185
63785.944444, 2025-11-11T21:10:25.322Z, 42.291446, -71.263705, 46.015000, 2.998000, 2.940000, 3, 185
63841.555556, 2025-11-11T21:10:25.378Z, 42.291444, -71.263706, 46.042000, 3.020000, 3.000000, 3, 185
63897.166667, 2025-11-11T21:10:25.434Z, 42.291443, -71.263706, 46.000000, 2.895000, 3.020000, 3, 185
63952.777778, 2025-11-11T21:10:25.489Z, 42.291442, -71.263707, 46.013000, 2.982000, 2.900000, 3, 185
64008.388889, 2025-11-11T21:10:25.545Z, 42.291440, -71.263707, 46.074000, 3.179000, 2.980000, 3, 185
64064.000000, 2025-11-11T21:10:25.590Z, 42.291437, -71.263707, 46.106000, 3.307000, 3.180000, 3, 185
64116.684211, 2025-11-11T21:10:25.642Z, 42.291436, -71.263708, 46.057000, 3.309000, 3.310000, 3, 185
64169.368421, 2025-11-11T21:10:25.695Z, 42.291435, -71.263709, 45.940000, 3.195000, 3.310000, 3, 185
64222.052632, 2025-11-11T21:10:25.748Z, 42.291434, -71.263710, 45.797000, 3.216000, 3.200000, 3, 185
64274.736842, 2025-11-11T21:10:25.800Z, 42.291432, -71.263711, 45.754000, 3.281000, 3.220000, 3, 185
64327.421053, 2025-11-11T21:10:25.853Z, 42.291430, -71.263711, 45.727000, 3.338000, 3.280000, 3, 185
64380.105263, 2025-11-11T21:10:25.906Z, 42.291429, -71.263711, 45.719000, 3.384000, 3.340000, 3, 185
64432.789474, 2025-11-11T21:10:25.958Z, 42.291427, -71.263712, 45.695000, 3.482000, 3.390000, 3, 185
64485.473684, 2025-11-11T21:10:26.011Z, 42.291424, -71.263713, 45.698000, 3.609000, 3.480000, 3, 185
64538.157895, 2025-11-11T21:10:26.064Z, 42.291422, -71.263713, 45.710000, 3.770000, 3.610000, 3, 185
64590.842105, 2025-11-11T21:10:26.116Z, 42.291419, -71.263713, 45.755000, 3.924000, 3.770000, 3, 185
64643.526316, 2025-11-11T21:10:26.169Z, 42.291416, -71.263714, 45.859000, 4.089000, 3.920000, 3, 185
64696.210526, 2025-11-11T21:10:26.222Z, 42.291414, -71.263714, 45.921000, 4.128000, 4.090000, 3, 185
64748.894737, 2025-11-11T21:10:26.274Z, 42.291412, -71.263714, 45.967000, 4.141000, 4.130000, 3, 185
64801.578947, 2025-11-11T21:10:26.327Z, 42.291410, -71.263714, 45.986000, 4.077000, 4.140000, 3, 185
64854.263158, 2025-11-11T21:10:26.380Z, 42.291408, -71.263714, 45.947000, 3.979000, 4.080000, 3, 185
64906.947368, 2025-11-11T21:10:26.432Z, 42.291407, -71.263714, 45.933000, 3.756000, 3.980000, 3, 185
64959.631579, 2025-11-11T21:10:26.485Z, 42.291406, -71.263715, 45.916000, 3.748000, 3.760000, 3, 185
65012.315789, 2025-11-11T21:10:26.538Z, 42.291404, -71.263716, 45.937000, 3.755000, 3.750000, 3, 185
65065.000000, 2025-11-11T21:10:26.580Z, 42.291402, -71.263717, 45.931000, 3.851000, 3.750000, 3, 185
65120.611111, 2025-11-11T21:10:26.635Z, 42.291400, -71.263718, 45.882000, 3.858000, 3.850000, 3, 185
65176.222222, 2025-11-11T21:10:26.691Z, 42.291399, -71.263719, 45.831000, 3.867000, 3.860000, 3, 185
65231.833333, 2025-11-11T21:10:26.746Z, 42.291397, -71.263720, 45.804000, 3.821000, 3.870000, 3, 185
65287.444444, 2025-11-11T21:10:26.802Z, 42.291396, -71.263721, 45.795000, 3.679000, 3.820000, 3, 185
65343.055556, 2025-11-11T21:10:26.858Z, 42.291396, -71.263722, 45.766000, 3.567000, 3.680000, 3, 185
65398.666667, 2025-11-11T21:10:26.913Z, 42.291394, -71.263723, 45.778000, 3.500000, 3.570000, 3, 185
65454.277778, 2025-11-11T21:10:26.969Z, 42.291393, -71.263725, 45.722000, 3.468000, 3.500000, 3, 185
65509.888889, 2025-11-11T21:10:27.024Z, 42.291394, -71.263727, 45.621000, 3.380000, 3.470000, 3, 185
65565.500000, 2025-11-11T21:10:27.080Z, 42.291394, -71.263728, 45.578000, 3.192000, 3.380000, 3, 185
65621.111111, 2025-11-11T21:10:27.136Z, 42.291393, -71.263730, 45.515000, 3.077000, 3.190000, 3, 185
65676.722222, 2025-11-11T21:10:27.191Z, 42.291393, -71.263731, 45.466000, 3.007000, 3.080000, 3, 185
65732.333333, 2025-11-11T21:10:27.247Z, 42.291392, -71.263733, 45.403000, 2.850000, 3.010000, 3, 185
65787.944444, 2025-11-11T21:10:27.302Z, 42.291392, -71.263734, 45.360000, 2.700000, 2.850000, 3, 185
65843.555556, 2025-11-11T21:10:27.358Z, 42.291392, -71.263735, 45.369000, 2.626000, 2.700000, 3, 185
65899.166667, 2025-11-11T21:10:27.414Z, 42.291391, -71.263735, 45.340000, 2.527000, 2.630000, 3, 185
65954.777778, 2025-11-11T21:10:27.469Z, 42.291390, -71.263736, 45.309000, 2.473000, 2.530000, 3, 185
66010.388889, 2025-11-11T21:10:27.525Z, 42.291389, -71.263737, 45.263000, 2.439000, 2.480000, 3, 185
66066.000000, 2025-11-11T21:10:27.625Z, 42.291388, -71.263738, 45.218000, 2.391000, 2.440000, 3, 189
66121.611111, 2025-11-11T21:10:27.680Z, 42.291388, -71.263738, 45.198000, 2.260000, 2.400000, 3, 189
66177.222222, 2025-11-11T21:10:27.736Z, 42.291388, -71.263740, 45.143000, 2.204000, 2.270000, 3, 189
66232.833333, 2025-11-11T21:10:27.791Z, 42.291388, -71.263741, 45.108000, 2.092000, 2.210000, 3, 189
66288.444444, 2025-11-11T21:10:27.847Z, 42.291388, -71.263742, 45.142000, 2.054000, 2.100000, 3, 189
66344.055556, 2025-11-11T21:10:27.903Z, 42.291387, -71.263742, 45.172000, 1.992000, 2.060000, 3, 189
66399.666667, 2025-11-11T21:10:27.958Z, 42.291387, -71.263744, 45.189000, 2.025000, 2.000000, 3, 189
66455.277778, 2025-11-11T21:10:28.014Z, 42.291387, -71.263745, 45.213000, 2.007000, 2.030000, 3, 189
66510.888889, 2025-11-11T21:10:28.069Z, 42.291386, -71.263745, 45.264000, 1.937000, 2.010000, 3, 189
66566.500000, 2025-11-11T21:10:28.125Z, 42.291386, -71.263746, 45.316000, 1.810000, 1.940000, 3, 189
66622.111111, 2025-11-11T21:10:28.181Z, 42.291386, -71.263746, 45.300000, 1.703000, 1.810000, 3, 189
66677.722222, 2025-11-11T21:10:28.236Z, 42.291386, -71.263747, 45.298000, 1.607000, 1.710000, 3, 189
66733.333333, 2025-11-11T21:10:28.292Z, 42.291386, -71.263748, 45.287000, 1.505000, 1.610000, 3, 189
66788.944444, 2025-11-11T21:10:28.347Z, 42.291386, -71.263748, 45.268000, 1.422000, 1.510000, 3, 189
66844.555556, 2025-11-11T21:10:28.403Z, 42.291386, -71.263749, 45.291000, 1.376000, 1.430000, 3, 189
66900.166667, 2025-11-11T21:10:28.459Z, 42.291386, -71.263750, 45.304000, 1.372000, 1.380000, 3, 189
66955.777778, 2025-11-11T21:10:28.514Z, 42.291387, -71.263751, 45.344000, 1.334000, 1.380000, 3, 189
67011.388889, 2025-11-11T21:10:28.570Z, 42.291388, -71.263753, 45.301000, 1.408000, 1.340000, 3, 189
67067.000000, 2025-11-11T21:10:28.560Z, 42.291388, -71.263754, 45.323000, 1.439000, 1.410000, 3, 222
67119.684211, 2025-11-11T21:10:28.612Z, 42.291387, -71.263755, 45.370000, 1.451000, 1.440000, 3, 222
67172.368421, 2025-11-11T21:10:28.665Z, 42.291388, -71.263757, 45.393000, 1.536000, 1.450000, 3, 222
67225.052632, 2025-11-11T21:10:28.718Z, 42.291388, -71.263758, 45.482000, 1.565000, 1.540000, 3, 222
67277.736842, 2025-11-11T21:10:28.770Z, 42.291387, -71.263759, 45.524000, 1.610000, 1.570000, 3, 222
67330.421053, 2025-11-11T21:10:28.823Z, 42.291388, -71.263762, 45.465000, 1.819000, 1.610000, 3, 222
67383.105263, 2025-11-11T21:10:28.876Z, 42.291388, -71.263763, 45.532000, 1.799000, 1.820000, 3, 222
67435.789474, 2025-11-11T21:10:28.928Z, 42.291389, -71.263764, 45.589000, 1.703000, 1.800000, 3, 222
67488.473684, 2025-11-11T21:10:28.981Z, 42.291389, -71.263764, 45.646000, 1.613000, 1.700000, 3, 222
67541.157895, 2025-11-11T21:10:29.034Z, 42.291389, -71.263764, 45.729000, 1.501000, 1.610000, 3, 222
67593.842105, 2025-11-11T21:10:29.086Z, 42.291389, -71.263765, 45.752000, 1.465000, 1.500000, 3, 222
67646.526316, 2025-11-11T21:10:29.139Z, 42.291390, -71.263765, 45.754000, 1.418000, 1.470000, 3, 222
67699.210526, 2025-11-11T21:10:29.192Z, 42.291390, -71.263766, 45.770000, 1.496000, 1.420000, 3, 222
67751.894737, 2025-11-11T21:10:29.244Z, 42.291391, -71.263767, 45.793000, 1.531000, 1.500000, 3, 222
67804.578947, 2025-11-11T21:10:29.297Z, 42.291391, -71.263768, 45.828000, 1.468000, 1.530000, 3, 222
67857.263158, 2025-11-11T21:10:29.350Z, 42.291391, -71.263769, 45.879000, 1.441000, 1.470000, 3, 222
67909.947368, 2025-11-11T21:10:29.402Z, 42.291392, -71.263770, 45.874000, 1.494000, 1.440000, 3, 222
67962.631579, 2025-11-11T21:10:29.455Z, 42.291392, -71.263771, 45.894000, 1.559000, 1.490000, 3, 222
68015.315789, 2025-11-11T21:10:29.508Z, 42.291393, -71.263772, 45.897000, 1.582000, 1.560000, 3, 222
68068.000000, 2025-11-11T21:10:29.605Z, 42.291393, -71.263773, 45.927000, 1.570000, 1.580000, 3, 222
68126.882353, 2025-11-11T21:10:29.663Z, 42.291394, -71.263773, 45.948000, 1.494000, 1.570000, 3, 222
68185.764706, 2025-11-11T21:10:29.722Z, 42.291395, -71.263773, 45.949000, 1.437000, 1.490000, 3, 222
68244.647059, 2025-11-11T21:10:29.781Z, 42.291396, -71.263774, 45.936000, 1.420000, 1.440000, 3, 222
68303.529412, 2025-11-11T21:10:29.840Z, 42.291397, -71.263774, 45.917000, 1.537000, 1.420000, 3, 222
68362.411765, 2025-11-11T21:10:29.899Z, 42.291398, -71.263774, 45.949000, 1.506000, 1.540000, 3, 222
68421.294118, 2025-11-11T21:10:29.958Z, 42.291398, -71.263775, 45.992000, 1.529000, 1.510000, 3, 222
68480.176471, 2025-11-11T21:10:30.017Z, 42.291399, -71.263776, 46.013000, 1.623000, 1.530000, 3, 222
68539.058824, 2025-11-11T21:10:30.076Z, 42.291399, -71.263777, 46.011000, 1.595000, 1.620000, 3, 222
68597.941176, 2025-11-11T21:10:30.134Z, 42.291400, -71.263778, 45.947000, 1.560000, 1.600000, 3, 222
68656.823529, 2025-11-11T21:10:30.193Z, 42.291401, -71.263779, 45.874000, 1.565000, 1.560000, 3, 222
68715.705882, 2025-11-11T21:10:30.252Z, 42.291401, -71.263780, 45.826000, 1.533000, 1.570000, 3, 222
68774.588235, 2025-11-11T21:10:30.311Z, 42.291401, -71.263781, 45.792000, 1.496000, 1.530000, 3, 222
68833.470588, 2025-11-11T21:10:30.370Z, 42.291401, -71.263782, 45.737000, 1.463000, 1.500000, 3, 222
68892.352941, 2025-11-11T21:10:30.429Z, 42.291401, -71.263783, 45.673000, 1.454000, 1.460000, 3, 222
68951.235294, 2025-11-11T21:10:30.488Z, 42.291401, -71.263784, 45.624000, 1.364000, 1.450000, 3, 222
69010.117647, 2025-11-11T21:10:30.547Z, 42.291401, -71.263786, 45.570000, 1.379000, 1.360000, 3, 222
69069.000000, 2025-11-11T21:10:30.595Z, 42.291401, -71.263787, 45.565000, 1.426000, 1.380000, 3, 222
69121.684211, 2025-11-11T21:10:30.647Z, 42.291401, -71.263789, 45.573000, 1.540000, 1.430000, 3, 222
69174.368421, 2025-11-11T21:10:30.700Z, 42.291402, -71.263791, 45.574000, 1.629000, 1.540000, 3, 222
69227.052632, 2025-11-11T21:10:30.753Z, 42.291402, -71.263792, 45.589000, 1.709000, 1.630000, 3, 222
69279.736842, 2025-11-11T21:10:30.805Z, 42.291403, -71.263794, 45.589000, 1.794000, 1.710000, 3, 222
69332.421053, 2025-11-11T21:10:30.858Z, 42.291404, -71.263796, 45.597000, 1.920000, 1.790000, 3, 222
69385.105263, 2025-11-11T21:10:30.911Z, 42.291404, -71.263797, 45.557000, 1.966000, 1.920000, 3, 222
69437.789474, 2025-11-11T21:10:30.963Z, 42.291405, -71.263799, 45.501000, 2.056000, 1.970000, 3, 222
69490.473684, 2025-11-11T21:10:31.016Z, 42.291406, -71.263800, 45.424000, 2.045000, 2.060000, 3, 222
69543.157895, 2025-11-11T21:10:31.069Z, 42.291406, -71.263802, 45.409000, 2.042000, 2.050000, 3, 222
69595.842105, 2025-11-11T21:10:31.121Z, 42.291406, -71.263803, 45.418000, 2.023000, 2.040000, 3, 222
69648.526316, 2025-11-11T21:10:31.174Z, 42.291406, -71.263805, 45.428000, 1.981000, 2.020000, 3, 222
69701.210526, 2025-11-11T21:10:31.227Z, 42.291406, -71.263807, 45.405000, 2.056000, 1.980000, 3, 222
69753.894737, 2025-11-11T21:10:31.279Z, 42.291407, -71.263808, 45.434000, 2.061000, 2.060000, 3, 222
69806.578947, 2025-11-11T21:10:31.332Z, 42.291408, -71.263809, 45.463000, 2.138000, 2.060000, 3, 222
69859.263158, 2025-11-11T21:10:31.385Z, 42.291409, -71.263811, 45.369000, 2.128000, 2.140000, 3, 222
69911.947368, 2025-11-11T21:10:31.437Z, 42.291410, -71.263812, 45.326000, 2.193000, 2.130000, 3, 222
69964.631579, 2025-11-11T21:10:31.490Z, 42.291411, -71.263813, 45.440000, 2.187000, 2.190000, 3, 222
70017.315789, 2025-11-11T21:10:31.543Z, 42.291411, -71.263815, 45.509000, 2.239000, 2.190000, 3, 222
70070.000000, 2025-11-11T21:10:31.640Z, 42.291411, -71.263815, 45.596000, 2.138000, 2.240000, 3, 222
70125.611111, 2025-11-11T21:10:31.695Z, 42.291412, -71.263816, 45.665000, 2.099000, 2.140000, 3, 222
70181.222222, 2025-11-11T21:10:31.751Z, 42.291412, -71.263818, 45.615000, 2.160000, 2.100000, 3, 222
70236.833333, 2025-11-11T21:10:31.806Z, 42.291413, -71.263820, 45.594000, 2.169000, 2.160000, 3, 222
70292.444444, 2025-11-11T21:10:31.862Z, 42.291413, -71.263823, 45.509000, 2.273000, 2.170000, 3, 222
70348.055556, 2025-11-11T21:10:31.918Z, 42.291413, -71.263824, 45.517000, 2.291000, 2.270000, 3, 222
70403.666667, 2025-11-11T21:10:31.973Z, 42.291413, -71.263825, 45.591000, 2.183000, 2.290000, 3, 222
70459.277778, 2025-11-11T21:10:32.029Z, 42.291412, -71.263826, 45.617000, 2.119000, 2.180000, 3, 222
70514.888889, 2025-11-11T21:10:32.084Z, 42.291412, -71.263828, 45.663000, 2.159000, 2.120000, 3, 222
70570.500000, 2025-11-11T21:10:32.140Z, 42.291413, -71.263828, 45.816000, 2.106000, 2.160000, 3, 222
70626.111111, 2025-11-11T21:10:32.196Z, 42.291414, -71.263830, 45.835000, 2.151000, 2.110000, 3, 222
70681.722222, 2025-11-11T21:10:32.251Z, 42.291414, -71.263831, 45.834000, 2.115000, 2.150000, 3, 222
70737.333333, 2025-11-11T21:10:32.307Z, 42.291414, -71.263832, 45.802000, 2.093000, 2.120000, 3, 222
70792.944444, 2025-11-11T21:10:32.362Z, 42.291415, -71.263834, 45.762000, 2.092000, 2.090000, 3, 222
70848.555556, 2025-11-11T21:10:32.418Z, 42.291415, -71.263835, 45.762000, 2.134000, 2.090000, 3, 222
70904.166667, 2025-11-11T21:10:32.474Z, 42.291416, -71.263837, 45.772000, 2.235000, 2.130000, 3, 222
70959.777778, 2025-11-11T21:10:32.529Z, 42.291418, -71.263840, 45.687000, 2.406000, 2.230000, 3, 222
71015.388889, 2025-11-11T21:10:32.585Z, 42.291419, -71.263841, 45.698000, 2.417000, 2.410000, 3, 222
71071.000000, 2025-11-11T21:10:32.575Z, 42.291420, -71.263843, 45.702000, 2.479000, 2.420000, 3, 227
71126.611111, 2025-11-11T21:10:32.630Z, 42.291420, -71.263844, 45.673000, 2.430000, 2.480000, 3, 227
71182.222222, 2025-11-11T21:10:32.686Z, 42.291421, -71.263846, 45.651000, 2.380000, 2.430000, 3, 227
71237.833333, 2025-11-11T21:10:32.741Z, 42.291421, -71.263847, 45.609000, 2.377000, 2.380000, 3, 227
71293.444444, 2025-11-11T21:10:32.797Z, 42.291421, -71.263849, 45.618000, 2.354000, 2.380000, 3, 227
71349.055556, 2025-11-11T21:10:32.853Z, 42.291421, -71.263850, 45.587000, 2.309000, 2.350000, 3, 227
71404.666667, 2025-11-11T21:10:32.908Z, 42.291422, -71.263852, 45.627000, 2.399000, 2.310000, 3, 227
71460.277778, 2025-11-11T21:10:32.964Z, 42.291421, -71.263854, 45.709000, 2.446000, 2.400000, 3, 227
71515.888889, 2025-11-11T21:10:33.019Z, 42.291422, -71.263855, 45.743000, 2.390000, 2.450000, 3, 227
71571.500000, 2025-11-11T21:10:33.075Z, 42.291421, -71.263856, 45.786000, 2.190000, 2.390000, 3, 227
71627.111111, 2025-11-11T21:10:33.131Z, 42.291422, -71.263858, 45.740000, 2.199000, 2.190000, 3, 227
71682.722222, 2025-11-11T21:10:33.186Z, 42.291422, -71.263859, 45.738000, 2.205000, 2.200000, 3, 227
71738.333333, 2025-11-11T21:10:33.242Z, 42.291422, -71.263861, 45.729000, 2.236000, 2.210000, 3, 227
71793.944444, 2025-11-11T21:10:33.297Z, 42.291422, -71.263862, 45.724000, 2.195000, 2.240000, 3, 227
71849.555556, 2025-11-11T21:10:33.353Z, 42.291423, -71.263863, 45.746000, 2.171000, 2.200000, 3, 227
71905.166667, 2025-11-11T21:10:33.409Z, 42.291424, -71.263864, 45.792000, 2.103000, 2.170000, 3, 227
71960.777778, 2025-11-11T21:10:33.464Z, 42.291424, -71.263865, 45.812000, 2.070000, 2.100000, 3, 227
72016.388889, 2025-11-11T21:10:33.520Z, 42.291425, -71.263865, 45.791000, 1.971000, 2.070000, 3, 227
72072.000000, 2025-11-11T21:10:33.620Z, 42.291425, -71.263867, 45.792000, 1.966000, 1.970000, 3, 188
72127.611111, 2025-11-11T21:10:33.675Z, 42.291425, -71.263868, 45.775000, 1.960000, 1.970000, 3, 188
72183.222222, 2025-11-11T21:10:33.731Z, 42.291426, -71.263870, 45.769000, 2.001000, 1.960000, 3, 188
72238.833333, 2025-11-11T21:10:33.786Z, 42.291426, -71.263872, 45.808000, 2.139000, 2.000000, 3, 188
72294.444444, 2025-11-11T21:10:33.842Z, 42.291426, -71.263874, 45.851000, 2.166000, 2.140000, 3, 188
72350.055556, 2025-11-11T21:10:33.898Z, 42.291427, -71.263875, 45.910000, 2.210000, 2.170000, 3, 188
72405.666667, 2025-11-11T21:10:33.953Z, 42.291428, -71.263878, 46.040000, 2.397000, 2.210000, 3, 188
72461.277778, 2025-11-11T21:10:34.009Z, 42.291429, -71.263879, 46.131000, 2.385000, 2.400000, 3, 188
72516.888889, 2025-11-11T21:10:34.064Z, 42.291429, -71.263880, 46.156000, 2.392000, 2.390000, 3, 188
72572.500000, 2025-11-11T21:10:34.120Z, 42.291429, -71.263882, 46.137000, 2.341000, 2.390000, 3, 188
72628.111111, 2025-11-11T21:10:34.176Z, 42.291429, -71.263882, 46.180000, 2.223000, 2.340000, 3, 188
72683.722222, 2025-11-11T21:10:34.231Z, 42.291430, -71.263883, 46.258000, 2.129000, 2.220000, 3, 188
72739.333333, 2025-11-11T21:10:34.287Z, 42.291431, -71.263884, 46.411000, 2.126000, 2.130000, 3, 188
72794.944444, 2025-11-11T21:10:34.342Z, 42.291431, -71.263887, 46.476000, 2.267000, 2.130000, 3, 188
72850.555556, 2025-11-11T21:10:34.398Z, 42.291431, -71.263889, 46.542000, 2.429000, 2.270000, 3, 188
72906.166667, 2025-11-11T21:10:34.454Z, 42.291430, -71.263891, 46.592000, 2.476000, 2.430000, 3, 188
72961.777778, 2025-11-11T21:10:34.509Z, 42.291430, -71.263893, 46.638000, 2.490000, 2.480000, 3, 188
73017.388889, 2025-11-11T21:10:34.565Z, 42.291430, -71.263894, 46.657000, 2.437000, 2.500000, 3, 188
73073.000000, 2025-11-11T21:10:34.610Z, 42.291430, -71.263896, 46.689000, 2.364000, 2.440000, 3, 188
73125.684211, 2025-11-11T21:10:34.662Z, 42.291431, -71.263897, 46.680000, 2.316000, 2.370000, 3, 188
73178.368421, 2025-11-11T21:10:34.715Z, 42.291430, -71.263898, 46.601000, 2.217000, 2.320000, 3, 188
73231.052632, 2025-11-11T21:10:34.768Z, 42.291430, -71.263900, 46.524000, 2.208000, 2.220000, 3, 188
73283.736842, 2025-11-11T21:10:34.820Z, 42.291431, -71.263902, 46.451000, 2.235000, 2.210000, 3, 188
73336.421053, 2025-11-11T21:10:34.873Z, 42.291431, -71.263903, 46.353000, 2.202000, 2.240000, 3, 188
73389.105263, 2025-11-11T21:10:34.926Z, 42.291431, -71.263905, 46.219000, 2.075000, 2.200000, 3, 188
73441.789474, 2025-11-11T21:10:34.978Z, 42.291431, -71.263906, 46.148000, 1.964000, 2.080000, 3, 188
73494.473684, 2025-11-11T21:10:35.031Z, 42.291431, -71.263907, 46.105000, 1.951000, 1.970000, 3, 188
73547.157895, 2025-11-11T21:10:35.084Z, 42.291432, -71.263909, 46.121000, 1.993000, 1.950000, 3, 188
73599.842105, 2025-11-11T21:10:35.136Z, 42.291432, -71.263911, 46.178000, 2.098000, 1.990000, 3, 188
73652.526316, 2025-11-11T21:10:35.189Z, 42.291432, -71.263912, 46.288000, 2.086000, 2.100000, 3, 188
73705.210526, 2025-11-11T21:10:35.242Z, 42.291432, -71.263914, 46.277000, 2.138000, 2.090000, 3, 188
73757.894737, 2025-11-11T21:10:35.294Z, 42.291432, -71.263916, 46.207000, 2.081000, 2.140000, 3, 188
73810.578947, 2025-11-11T21:10:35.347Z, 42.291432, -71.263917, 46.114000, 2.044000, 2.080000, 3, 188
73863.263158, 2025-11-11T21:10:35.400Z, 42.291432, -71.263919, 45.995000, 1.987000, 2.050000, 3, 188
73915.947368, 2025-11-11T21:10:35.452Z, 42.291431, -71.263921, 45.762000, 1.983000, 1.990000, 3, 188
73968.631579, 2025-11-11T21:10:35.505Z, 42.291432, -71.263923, 45.711000, 2.023000, 1.980000, 3, 188
74021.315789, 2025-11-11T21:10:35.558Z, 42.291432, -71.263924, 45.671000, 2.054000, 2.020000, 3, 188
74074.000000, 2025-11-11T21:10:35.600Z, 42.291432, -71.263925, 45.735000, 2.009000, 2.050000, 3, 188
74132.882353, 2025-11-11T21:10:35.658Z, 42.291432, -71.263927, 45.747000, 2.037000, 2.010000, 3, 188
74191.764706, 2025-11-11T21:10:35.717Z, 42.291432, -71.263929, 45.783000, 2.091000, 2.040000, 3, 188
74250.647059, 2025-11-11T21:10:35.776Z, 42.291431, -71.263930, 45.818000, 1.967000, 2.090000, 3, 188
74309.529412, 2025-11-11T21:10:35.835Z, 42.291431, -71.263931, 45.842000, 1.925000, 1.970000, 3, 188
74368.411765, 2025-11-11T21:10:35.894Z, 42.291432, -71.263932, 45.829000, 1.951000, 1.930000, 3, 188
74427.294118, 2025-11-11T21:10:35.953Z, 42.291433, -71.263934, 45.850000, 2.040000, 1.950000, 3, 188
74486.176471, 2025-11-11T21:10:36.012Z, 42.291433, -71.263935, 46.008000, 1.949000, 2.040000, 3, 188
74545.058824, 2025-11-11T21:10:36.071Z, 42.291432, -71.263936, 46.067000, 1.973000, 1.950000, 3, 188
74603.941176, 2025-11-11T21:10:36.129Z, 42.291433, -71.263938, 45.986000, 2.032000, 1.980000, 3, 188
74662.823529, 2025-11-11T21:10:36.188Z, 42.291433, -71.263940, 45.859000, 2.013000, 2.030000, 3, 188
74721.705882, 2025-11-11T21:10:36.247Z, 42.291432, -71.263941, 45.855000, 1.950000, 2.010000, 3, 188
74780.588235, 2025-11-11T21:10:36.306Z, 42.291432, -71.263942, 45.899000, 1.867000, 1.950000, 3, 188
74839.470588, 2025-11-11T21:10:36.365Z, 42.291433, -71.263943, 45.923000, 1.932000, 1.870000, 3, 188
74898.352941, 2025-11-11T21:10:36.424Z, 42.291434, -71.263944, 46.028000, 1.920000, 1.930000, 3, 188
74957.235294, 2025-11-11T21:10:36.483Z, 42.291435, -71.263945, 46.109000, 1.853000, 1.920000, 3, 188
75016.117647, 2025-11-11T21:10:36.542Z, 42.291435, -71.263947, 46.329000, 1.970000, 1.860000, 3, 188
75075.000000, 2025-11-11T21:10:36.590Z, 42.291435, -71.263949, 46.351000, 1.982000, 1.980000, 3, 185
75127.684211, 2025-11-11T21:10:36.642Z, 42.291435, -71.263949, 46.238000, 1.857000, 1.990000, 3, 185
75180.368421, 2025-11-11T21:10:36.695Z, 42.291435, -71.263950, 46.069000, 1.694000, 1.860000, 3, 185
75233.052632, 2025-11-11T21:10:36.748Z, 42.291435, -71.263952, 45.954000, 1.655000, 1.700000, 3, 185
75285.736842, 2025-11-11T21:10:36.800Z, 42.291434, -71.263953, 45.805000, 1.628000, 1.660000, 3, 185
75338.421053, 2025-11-11T21:10:36.853Z, 42.291435, -71.263954, 45.772000, 1.567000, 1.630000, 3, 185
75391.105263, 2025-11-11T21:10:36.906Z, 42.291435, -71.263956, 45.824000, 1.629000, 1.570000, 3, 185
75443.789474, 2025-11-11T21:10:36.958Z, 42.291435, -71.263957, 46.054000, 1.732000, 1.630000, 3, 185
75496.473684, 2025-11-11T21:10:37.011Z, 42.291435, -71.263958, 46.149000, 1.609000, 1.740000, 3, 185
75549.157895, 2025-11-11T21:10:37.064Z, 42.291434, -71.263958, 46.279000, 1.558000, 1.610000, 3, 185
75601.842105, 2025-11-11T21:10:37.116Z, 42.291435, -71.263958, 46.384000, 1.384000, 1.570000, 3, 185
75654.526316, 2025-11-11T21:10:37.169Z, 42.291435, -71.263959, 46.450000, 1.330000, 1.390000, 3, 185
75707.210526, 2025-11-11T21:10:37.222Z, 42.291435, -71.263959, 46.455000, 1.215000, 1.340000, 3, 185
75759.894737, 2025-11-11T21:10:37.274Z, 42.291435, -71.263960, 46.617000, 1.209000, 1.230000, 3, 185
75812.578947, 2025-11-11T21:10:37.327Z, 42.291435, -71.263961, 46.713000, 1.256000, 1.230000, 3, 185
75865.263158, 2025-11-11T21:10:37.380Z, 42.291436, -71.263963, 46.923000, 1.316000, 1.280000, 3, 185
75917.947368, 2025-11-11T21:10:37.432Z, 42.291436, -71.263964, 46.977000, 1.301000, 1.340000, 3, 185
75970.631579, 2025-11-11T21:10:37.485Z, 42.291436, -71.263966, 47.027000, 1.433000, 1.320000, 3, 185
76023.315789, 2025-11-11T21:10:37.538Z, 42.291435, -71.263968, 47.000000, 1.535000, 1.460000, 3, 185
76076.000000, 2025-11-11T21:10:37.635Z, 42.291435, -71.263970, 47.094000, 1.540000, 1.560000, 3, 185
76131.611111, 2025-11-11T21:10:37.690Z, 42.291434, -71.263972, 46.987000, 1.653000, 1.560000, 3, 185
76187.222222, 2025-11-11T21:10:37.746Z, 42.291434, -71.263974, 46.995000, 1.649000, 1.670000, 3, 185
76242.833333, 2025-11-11T21:10:37.801Z, 42.291433, -71.263974, 47.196000, 1.554000, 1.670000, 3, 185
76298.444444, 2025-11-11T21:10:37.857Z, 42.291433, -71.263975, 47.228000, 1.445000, 1.580000, 3, 185
76354.055556, 2025-11-11T21:10:37.913Z, 42.291433, -71.263976, 47.309000, 1.371000, 1.470000, 3, 185
76409.666667, 2025-11-11T21:10:37.968Z, 42.291434, -71.263977, 47.174000, 1.299000, 1.400000, 3, 185
76465.277778, 2025-11-11T21:10:38.024Z, 42.291435, -71.263978, 46.978000, 1.218000, 1.330000, 3, 185
76520.888889, 2025-11-11T21:10:38.079Z, 42.291434, -71.263979, 47.053000, 1.203000, 1.240000, 3, 185
76576.500000, 2025-11-11T21:10:38.135Z, 42.291434, -71.263980, 47.113000, 1.153000, 1.230000, 3, 185
76632.111111, 2025-11-11T21:10:38.191Z, 42.291433, -71.263981, 47.257000, 1.147000, 1.180000, 3, 185
76687.722222, 2025-11-11T21:10:38.246Z, 42.291433, -71.263982, 47.334000, 1.166000, 1.180000, 3, 185
76743.333333, 2025-11-11T21:10:38.302Z, 42.291433, -71.263983, 47.205000, 1.241000, 1.200000, 3, 185
76798.944444, 2025-11-11T21:10:38.357Z, 42.291434, -71.263984, 47.120000, 1.219000, 1.270000, 3, 185
76854.555556, 2025-11-11T21:10:38.413Z, 42.291434, -71.263986, 47.173000, 1.206000, 1.240000, 3, 185
76910.166667, 2025-11-11T21:10:38.469Z, 42.291434, -71.263987, 47.312000, 1.217000, 1.230000, 3, 185
76965.777778, 2025-11-11T21:10:38.524Z, 42.291433, -71.263988, 47.361000, 1.295000, 1.250000, 3, 185
77021.388889, 2025-11-11T21:10:38.580Z, 42.291433, -71.263989, 47.517000, 1.317000, 1.330000, 3, 185
77077.000000, 2025-11-11T21:10:38.625Z, 42.291433, -71.263991, 47.689000, 1.352000, 1.350000, 3, 185
77132.611111, 2025-11-11T21:10:38.680Z, 42.291433, -71.263992, 47.851000, 1.362000, 1.390000, 3, 185
77188.222222, 2025-11-11T21:10:38.736Z, 42.291433, -71.263993, 48.067000, 1.422000, 1.410000, 3, 185
77243.833333, 2025-11-11T21:10:38.791Z, 42.291434, -71.263994, 48.000000, 1.536000, 1.470000, 3, 185
77299.444444, 2025-11-11T21:10:38.847Z, 42.291434, -71.263996, 47.981000, 1.612000, 1.580000, 3, 185
77355.055556, 2025-11-11T21:10:38.903Z, 42.291435, -71.263997, 48.003000, 1.604000, 1.650000, 3, 185
77410.666667, 2025-11-11T21:10:38.958Z, 42.291435, -71.264000, 47.855000, 1.752000, 1.650000, 3, 185
77466.277778, 2025-11-11T21:10:39.014Z, 42.291436, -71.264002, 47.873000, 1.778000, 1.790000, 3, 185
77521.888889, 2025-11-11T21:10:39.069Z, 42.291436, -71.264003, 47.827000, 1.821000, 1.810000, 3, 185
77577.500000, 2025-11-11T21:10:39.125Z, 42.291437, -71.264005, 47.833000, 1.829000, 1.850000, 3, 185
77633.111111, 2025-11-11T21:10:39.181Z, 42.291437, -71.264006, 47.831000, 1.782000, 1.860000, 3, 185
77688.722222, 2025-11-11T21:10:39.236Z, 42.291438, -71.264007, 47.774000, 1.755000, 1.810000, 3, 185
77744.333333, 2025-11-11T21:10:39.292Z, 42.291438, -71.264009, 47.651000, 1.773000, 1.780000, 3, 185
77799.944444, 2025-11-11T21:10:39.347Z, 42.291438, -71.264011, 47.652000, 1.868000, 1.800000, 3, 185
77855.555556, 2025-11-11T21:10:39.403Z, 42.291438, -71.264015, 47.778000, 2.077000, 1.890000, 3, 185
77911.166667, 2025-11-11T21:10:39.459Z, 42.291438, -71.264017, 47.948000, 2.172000, 2.100000, 3, 185
77966.777778, 2025-11-11T21:10:39.514Z, 42.291437, -71.264019, 48.072000, 2.134000, 2.200000, 3, 185
78022.388889, 2025-11-11T21:10:39.570Z, 42.291438, -71.264020, 48.171000, 2.055000, 2.160000, 3, 185
78078.000000, 2025-11-11T21:10:39.615Z, 42.291437, -71.264021, 48.215000, 1.987000, 2.090000, 3, 185
78130.684211, 2025-11-11T21:10:39.667Z, 42.291437, -71.264023, 48.228000, 1.988000, 2.020000, 3, 185
78183.368421, 2025-11-11T21:10:39.720Z, 42.291438, -71.264025, 48.396000, 2.152000, 2.020000, 3, 185
78236.052632, 2025-11-11T21:10:39.773Z, 42.291439, -71.264027, 48.414000, 2.155000, 2.190000, 3, 185
78288.736842, 2025-11-11T21:10:39.825Z, 42.291439, -71.264029, 48.465000, 2.178000, 2.190000, 3, 185
78341.421053, 2025-11-11T21:10:39.878Z, 42.291438, -71.264031, 48.505000, 2.147000, 2.210000, 3, 185
78394.105263, 2025-11-11T21:10:39.931Z, 42.291438, -71.264033, 48.496000, 2.146000, 2.180000, 3, 185
78446.789474, 2025-11-11T21:10:39.983Z, 42.291438, -71.264035, 48.487000, 2.104000, 2.180000, 3, 185
78499.473684, 2025-11-11T21:10:40.036Z, 42.291438, -71.264036, 48.461000, 2.046000, 2.140000, 3, 185
78552.157895, 2025-11-11T21:10:40.089Z, 42.291438, -71.264038, 48.500000, 2.072000, 2.080000, 3, 185
78604.842105, 2025-11-11T21:10:40.141Z, 42.291439, -71.264041, 48.398000, 2.153000, 2.110000, 3, 185
78657.526316, 2025-11-11T21:10:40.194Z, 42.291439, -71.264043, 48.345000, 2.185000, 2.180000, 3, 185
78710.210526, 2025-11-11T21:10:40.247Z, 42.291439, -71.264045, 48.359000, 2.207000, 2.210000, 3, 185
78762.894737, 2025-11-11T21:10:40.299Z, 42.291438, -71.264047, 48.334000, 2.211000, 2.240000, 3, 185
78815.578947, 2025-11-11T21:10:40.352Z, 42.291438, -71.264049, 48.398000, 2.207000, 2.240000, 3, 185
78868.263158, 2025-11-11T21:10:40.405Z, 42.291438, -71.264051, 48.454000, 2.188000, 2.230000, 3, 185
78920.947368, 2025-11-11T21:10:40.457Z, 42.291438, -71.264053, 48.492000, 2.217000, 2.220000, 3, 185
78973.631579, 2025-11-11T21:10:40.510Z, 42.291437, -71.264055, 48.538000, 2.224000, 2.250000, 3, 185
79026.315789, 2025-11-11T21:10:40.563Z, 42.291437, -71.264056, 48.548000, 2.190000, 2.250000, 3, 185
79079.000000, 2025-11-11T21:10:40.605Z, 42.291437, -71.264058, 48.555000, 2.163000, 2.220000, 3, 185
79137.882353, 2025-11-11T21:10:40.663Z, 42.291436, -71.264060, 48.343000, 2.159000, 2.190000, 3, 185
79196.764706, 2025-11-11T21:10:40.722Z, 42.291436, -71.264062, 48.280000, 2.154000, 2.180000, 3, 185
79255.647059, 2025-11-11T21:10:40.781Z, 42.291437, -71.264064, 48.146000, 2.186000, 2.180000, 3, 185
79314.529412, 2025-11-11T21:10:40.840Z, 42.291437, -71.264066, 48.096000, 2.228000, 2.210000, 3, 185
79373.411765, 2025-11-11T21:10:40.899Z, 42.291436, -71.264067, 48.168000, 2.145000, 2.250000, 3, 185
79432.294118, 2025-11-11T21:10:40.958Z, 42.291435, -71.264068, 48.273000, 2.070000, 2.170000, 3, 185
79491.176471, 2025-11-11T21:10:41.017Z, 42.291434, -71.264069, 48.443000, 2.035000, 2.090000, 3, 185
79550.058824, 2025-11-11T21:10:41.076Z, 42.291434, -71.264071, 48.441000, 1.998000, 2.060000, 3, 185
79608.941176, 2025-11-11T21:10:41.134Z, 42.291434, -71.264072, 48.424000, 2.024000, 2.030000, 3, 185
79667.823529, 2025-11-11T21:10:41.193Z, 42.291434, -71.264075, 48.397000, 2.143000, 2.050000, 3, 185
79726.705882, 2025-11-11T21:10:41.252Z, 42.291434, -71.264077, 48.346000, 2.287000, 2.170000, 3, 185
79785.588235, 2025-11-11T21:10:41.311Z, 42.291433, -71.264079, 48.419000, 2.340000, 2.310000, 3, 185
79844.470588, 2025-11-11T21:10:41.370Z, 42.291434, -71.264080, 48.509000, 2.253000, 2.360000, 3, 185
79903.352941, 2025-11-11T21:10:41.429Z, 42.291433, -71.264082, 48.654000, 2.131000, 2.280000, 3, 185
79962.235294, 2025-11-11T21:10:41.488Z, 42.291433, -71.264083, 48.643000, 2.159000, 2.160000, 3, 185
80021.117647, 2025-11-11T21:10:41.547Z, 42.291432, -71.264084, 48.778000, 2.125000, 2.190000, 3, 185
80080.000000, 2025-11-11T21:10:41.595Z, 42.291432, -71.264085, 48.896000, 2.028000, 2.160000, 3, 185
80132.684211, 2025-11-11T21:10:41.647Z, 42.291431, -71.264086, 48.972000, 1.934000, 2.070000, 3, 185
80185.368421, 2025-11-11T21:10:41.700Z, 42.291431, -71.264087, 49.108000, 1.837000, 1.980000, 3, 185
80238.052632, 2025-11-11T21:10:41.753Z, 42.291431, -71.264087, 49.393000, 1.756000, 1.890000, 3, 185
80290.736842, 2025-11-11T21:10:41.805Z, 42.291431, -71.264088, 49.537000, 1.793000, 1.820000, 3, 185
80343.421053, 2025-11-11T21:10:41.858Z, 42.291430, -71.264090, 49.548000, 1.737000, 1.860000, 3, 185
80396.105263, 2025-11-11T21:10:41.911Z, 42.291430, -71.264091, 49.577000, 1.628000, 1.800000, 3, 185
80448.789474, 2025-11-11T21:10:41.963Z, 42.291430, -71.264093, 49.634000, 1.638000, 1.700000, 3, 185
80501.473684, 2025-11-11T21:10:42.016Z, 42.291430, -71.264094, 49.590000, 1.630000, 1.710000, 3, 185
80554.157895, 2025-11-11T21:10:42.069Z, 42.291429, -71.264096, 49.553000, 1.640000, 1.700000, 3, 185
80606.842105, 2025-11-11T21:10:42.121Z, 42.291429, -71.264097, 49.577000, 1.669000, 1.710000, 3, 185
80659.526316, 2025-11-11T21:10:42.174Z, 42.291429, -71.264098, 49.730000, 1.597000, 1.740000, 3, 185
80712.210526, 2025-11-11T21:10:42.227Z, 42.291429, -71.264099, 49.801000, 1.557000, 1.670000, 3, 185
80764.894737, 2025-11-11T21:10:42.279Z, 42.291429, -71.264101, 49.931000, 1.638000, 1.640000, 3, 185
80817.578947, 2025-11-11T21:10:42.332Z, 42.291429, -71.264102, 50.032000, 1.635000, 1.720000, 3, 185
80870.263158, 2025-11-11T21:10:42.385Z, 42.291429, -71.264103, 50.209000, 1.579000, 1.720000, 3, 185
80922.947368, 2025-11-11T21:10:42.437Z, 42.291429, -71.264105, 50.341000, 1.653000, 1.680000, 3, 185
80975.631579, 2025-11-11T21:10:42.490Z, 42.291429, -71.264106, 50.437000, 1.745000, 1.750000, 3, 185
81028.315789, 2025-11-11T21:10:42.543Z, 42.291430, -71.264108, 50.641000, 1.885000, 1.840000, 3, 185
81081.000000, 2025-11-11T21:10:42.640Z, 42.291429, -71.264110, 50.575000, 1.932000, 1.990000, 3, 185
81136.611111, 2025-11-11T21:10:42.695Z, 42.291429, -71.264113, 50.490000, 2.009000, 2.030000, 3, 185
81192.222222, 2025-11-11T21:10:42.751Z, 42.291430, -71.264115, 50.493000, 2.124000, 2.090000, 3, 185
81247.833333, 2025-11-11T21:10:42.806Z, 42.291430, -71.264117, 50.485000, 2.106000, 2.200000, 3, 185
81303.444444, 2025-11-11T21:10:42.862Z, 42.291429, -71.264118, 50.440000, 1.961000, 2.190000, 3, 185
81359.055556, 2025-11-11T21:10:42.918Z, 42.291429, -71.264119, 50.453000, 1.917000, 2.040000, 3, 185
81414.666667, 2025-11-11T21:10:42.973Z, 42.291429, -71.264121, 50.511000, 1.997000, 2.000000, 3, 185
81470.277778, 2025-11-11T21:10:43.029Z, 42.291429, -71.264123, 50.580000, 2.090000, 2.080000, 3, 185
81525.888889, 2025-11-11T21:10:43.084Z, 42.291428, -71.264125, 50.627000, 2.134000, 2.170000, 3, 185
81581.500000, 2025-11-11T21:10:43.140Z, 42.291429, -71.264127, 50.644000, 2.140000, 2.210000, 3, 185
81637.111111, 2025-11-11T21:10:43.196Z, 42.291428, -71.264129, 50.656000, 2.113000, 2.220000, 3, 185
81692.722222, 2025-11-11T21:10:43.251Z, 42.291428, -71.264130, 50.729000, 2.044000, 2.190000, 3, 185
81748.333333, 2025-11-11T21:10:43.307Z, 42.291427, -71.264132, 50.825000, 2.045000, 2.130000, 3, 185
81803.944444, 2025-11-11T21:10:43.362Z, 42.291426, -71.264133, 50.869000, 2.051000, 2.130000, 3, 185
81859.555556, 2025-11-11T21:10:43.418Z, 42.291426, -71.264135, 50.921000, 2.065000, 2.140000, 3, 185
81915.166667, 2025-11-11T21:10:43.474Z, 42.291425, -71.264136, 50.960000, 2.034000, 2.160000, 3, 185
81970.777778, 2025-11-11T21:10:43.529Z, 42.291424, -71.264137, 51.039000, 2.004000, 2.130000, 3, 185
82026.388889, 2025-11-11T21:10:43.585Z, 42.291423, -71.264139, 51.067000, 2.026000, 2.100000, 3, 185
82082.000000, 2025-11-11T21:10:43.630Z, 42.291421, -71.264140, 51.207000, 2.131000, 2.120000, 3, 185
82137.611111, 2025-11-11T21:10:43.685Z, 42.291420, -71.264142, 51.214000, 2.209000, 2.230000, 3, 185
82193.222222, 2025-11-11T21:10:43.741Z, 42.291419, -71.264144, 51.221000, 2.277000, 2.300000, 3, 185
82248.833333, 2025-11-11T21:10:43.796Z, 42.291418, -71.264146, 51.169000, 2.349000, 2.360000, 3, 185
82304.444444, 2025-11-11T21:10:43.852Z, 42.291417, -71.264147, 51.141000, 2.336000, 2.430000, 3, 185
82360.055556, 2025-11-11T21:10:43.908Z, 42.291416, -71.264149, 51.151000, 2.368000, 2.420000, 3, 185
82415.666667, 2025-11-11T21:10:43.963Z, 42.291415, -71.264150, 51.167000, 2.311000, 2.450000, 3, 185
82471.277778, 2025-11-11T21:10:44.019Z, 42.291415, -71.264152, 51.215000, 2.216000, 2.390000, 3, 185
82526.888889, 2025-11-11T21:10:44.074Z, 42.291415, -71.264154, 51.226000, 2.294000, 2.300000, 3, 185
82582.500000, 2025-11-11T21:10:44.130Z, 42.291415, -71.264156, 51.237000, 2.303000, 2.380000, 3, 185
82638.111111, 2025-11-11T21:10:44.186Z, 42.291415, -71.264158, 51.234000, 2.264000, 2.380000, 3, 185
82693.722222, 2025-11-11T21:10:44.241Z, 42.291415, -71.264160, 51.286000, 2.285000, 2.340000, 3, 185
82749.333333, 2025-11-11T21:10:44.297Z, 42.291414, -71.264162, 51.327000, 2.273000, 2.370000, 3, 185
82804.944444, 2025-11-11T21:10:44.352Z, 42.291413, -71.264163, 51.335000, 2.291000, 2.360000, 3, 185
82860.555556, 2025-11-11T21:10:44.408Z, 42.291411, -71.264165, 51.311000, 2.358000, 2.370000, 3, 185
82916.166667, 2025-11-11T21:10:44.464Z, 42.291410, -71.264166, 51.256000, 2.316000, 2.430000, 3, 185
82971.777778, 2025-11-11T21:10:44.519Z, 42.291408, -71.264167, 51.133000, 2.276000, 2.390000, 3, 185
83027.388889, 2025-11-11T21:10:44.575Z, 42.291405, -71.264168, 51.114000, 2.452000, 2.340000, 3, 185
83083.000000, 2025-11-11T21:10:44.620Z, 42.291403, -71.264169, 51.110000, 2.417000, 2.510000, 3, 190
83138.611111, 2025-11-11T21:10:44.675Z, 42.291401, -71.264169, 51.296000, 2.370000, 2.480000, 3, 190
83194.222222, 2025-11-11T21:10:44.731Z, 42.291401, -71.264170, 51.339000, 2.320000, 2.440000, 3, 190
83249.833333, 2025-11-11T21:10:44.786Z, 42.291400, -71.264171, 51.390000, 2.244000, 2.390000, 3, 190
83305.444444, 2025-11-11T21:10:44.842Z, 42.291399, -71.264173, 51.427000, 2.234000, 2.320000, 3, 190
83361.055556, 2025-11-11T21:10:44.898Z, 42.291398, -71.264174, 51.545000, 2.182000, 2.310000, 3, 190
83416.666667, 2025-11-11T21:10:44.953Z, 42.291397, -71.264176, 51.544000, 2.266000, 2.260000, 3, 190
83472.277778, 2025-11-11T21:10:45.009Z, 42.291397, -71.264178, 51.564000, 2.252000, 2.340000, 3, 190
83527.888889, 2025-11-11T21:10:45.064Z, 42.291396, -71.264180, 51.561000, 2.280000, 2.330000, 3, 190
83583.500000, 2025-11-11T21:10:45.120Z, 42.291396, -71.264182, 51.513000, 2.231000, 2.350000, 3, 190
83639.111111, 2025-11-11T21:10:45.176Z, 42.291396, -71.264183, 51.571000, 2.090000, 2.300000, 3, 190
83694.722222, 2025-11-11T21:10:45.231Z, 42.291396, -71.264185, 51.588000, 2.088000, 2.170000, 3, 190
83750.333333, 2025-11-11T21:10:45.287Z, 42.291396, -71.264187, 51.543000, 2.142000, 2.170000, 3, 190
83805.944444, 2025-11-11T21:10:45.342Z, 42.291396, -71.264189, 51.535000, 2.151000, 2.210000, 3, 190
83861.555556, 2025-11-11T21:10:45.398Z, 42.291395, -71.264191, 51.590000, 2.197000, 2.220000, 3, 190
83917.166667, 2025-11-11T21:10:45.454Z, 42.291394, -71.264193, 51.637000, 2.239000, 2.270000, 3, 190
83972.777778, 2025-11-11T21:10:45.509Z, 42.291394, -71.264194, 51.677000, 2.245000, 2.310000, 3, 190
84028.388889, 2025-11-11T21:10:45.565Z, 42.291393, -71.264196, 51.664000, 2.271000, 2.320000, 3, 190
84084.000000, 2025-11-11T21:10:45.665Z, 42.291394, -71.264198, 51.623000, 2.192000, 2.340000, 3, 190
84136.684211, 2025-11-11T21:10:45.717Z, 42.291392, -71.264199, 51.591000, 2.147000, 2.260000, 3, 190
84189.368421, 2025-11-11T21:10:45.770Z, 42.291391, -71.264201, 51.723000, 2.207000, 2.220000, 3, 190
84242.052632, 2025-11-11T21:10:45.823Z, 42.291388, -71.264201, 51.908000, 2.176000, 2.280000, 3, 190
84294.736842, 2025-11-11T21:10:45.875Z, 42.291387, -71.264202, 51.932000, 2.174000, 2.250000, 3, 190
84347.421053, 2025-11-11T21:10:45.928Z, 42.291387, -71.264204, 51.985000, 2.167000, 2.250000, 3, 190
84400.105263, 2025-11-11T21:10:45.981Z, 42.291387, -71.264206, 52.045000, 2.153000, 2.250000, 3, 190
84452.789474, 2025-11-11T21:10:46.033Z, 42.291387, -71.264207, 52.223000, 2.134000, 2.230000, 3, 190
84505.473684, 2025-11-11T21:10:46.086Z, 42.291386, -71.264208, 52.361000, 2.139000, 2.220000, 3, 190
84558.157895, 2025-11-11T21:10:46.139Z, 42.291386, -71.264210, 52.395000, 2.118000, 2.230000, 3, 190
84610.842105, 2025-11-11T21:10:46.191Z, 42.291387, -71.264212, 52.215000, 2.099000, 2.210000, 3, 190
84663.526316, 2025-11-11T21:10:46.244Z, 42.291387, -71.264214, 52.199000, 2.138000, 2.180000, 3, 190
84716.210526, 2025-11-11T21:10:46.297Z, 42.291387, -71.264216, 52.167000, 2.148000, 2.220000, 3, 190
84768.894737, 2025-11-11T21:10:46.349Z, 42.291387, -71.264218, 52.188000, 2.153000, 2.220000, 3, 190
84821.578947, 2025-11-11T21:10:46.402Z, 42.291386, -71.264220, 52.184000, 2.193000, 2.230000, 3, 190
84874.263158, 2025-11-11T21:10:46.455Z, 42.291386, -71.264222, 52.322000, 2.200000, 2.270000, 3, 190
84926.947368, 2025-11-11T21:10:46.507Z, 42.291385, -71.264223, 52.476000, 2.157000, 2.280000, 3, 190
84979.631579, 2025-11-11T21:10:46.560Z, 42.291384, -71.264225, 52.506000, 2.247000, 2.240000, 3, 190
85032.315789, 2025-11-11T21:10:46.613Z, 42.291384, -71.264227, 52.572000, 2.359000, 2.330000, 3, 190
85085.000000, 2025-11-11T21:10:46.600Z, 42.291383, -71.264229, 52.416000, 2.370000, 2.440000, 3, 190
85140.611111, 2025-11-11T21:10:46.655Z, 42.291383, -71.264232, 52.438000, 2.444000, 2.440000, 3, 190
85196.222222, 2025-11-11T21:10:46.711Z, 42.291383, -71.264235, 52.546000, 2.649000, 2.510000, 3, 190
85251.833333, 2025-11-11T21:10:46.766Z, 42.291383, -71.264237, 52.689000, 2.652000, 2.710000, 3, 190
85307.444444, 2025-11-11T21:10:46.822Z, 42.291383, -71.264239, 52.767000, 2.617000, 2.720000, 3, 190
85363.055556, 2025-11-11T21:10:46.878Z, 42.291382, -71.264241, 52.795000, 2.662000, 2.690000, 3, 190
85418.666667, 2025-11-11T21:10:46.933Z, 42.291380, -71.264244, 52.915000, 2.831000, 2.730000, 3, 190
85474.277778, 2025-11-11T21:10:46.989Z, 42.291379, -71.264246, 52.921000, 2.837000, 2.900000, 3, 190
85529.888889, 2025-11-11T21:10:47.044Z, 42.291379, -71.264247, 53.006000, 2.840000, 2.900000, 3, 190
85585.500000, 2025-11-11T21:10:47.100Z, 42.291379, -71.264250, 52.908000, 2.870000, 2.910000, 3, 190
85641.111111, 2025-11-11T21:10:47.156Z, 42.291379, -71.264252, 52.816000, 2.815000, 2.930000, 3, 190
85696.722222, 2025-11-11T21:10:47.211Z, 42.291379, -71.264254, 52.920000, 2.813000, 2.880000, 3, 190
85752.333333, 2025-11-11T21:10:47.267Z, 42.291378, -71.264257, 52.888000, 2.864000, 2.880000, 3, 190
85807.944444, 2025-11-11T21:10:47.322Z, 42.291377, -71.264258, 52.926000, 2.853000, 2.930000, 3, 190
85863.555556, 2025-11-11T21:10:47.378Z, 42.291376, -71.264260, 52.915000, 2.677000, 2.920000, 3, 190
85919.166667, 2025-11-11T21:10:47.434Z, 42.291376, -71.264261, 52.870000, 2.536000, 2.740000, 3, 190
85974.777778, 2025-11-11T21:10:47.489Z, 42.291374, -71.264261, 52.746000, 2.325000, 2.600000, 3, 190
86030.388889, 2025-11-11T21:10:47.545Z, 42.291374, -71.264263, 52.679000, 2.185000, 2.390000, 3, 190
86086.000000, 2025-11-11T21:10:47.645Z, 42.291374, -71.264264, 52.628000, 2.144000, 2.250000, 3, 185
86141.611111, 2025-11-11T21:10:47.700Z, 42.291374, -71.264265, 52.611000, 2.115000, 2.210000, 3, 185
86197.222222, 2025-11-11T21:10:47.756Z, 42.291374, -71.264268, 52.406000, 2.089000, 2.180000, 3, 185
86252.833333, 2025-11-11T21:10:47.811Z, 42.291373, -71.264269, 52.384000, 2.095000, 2.150000, 3, 185
86308.444444, 2025-11-11T21:10:47.867Z, 42.291372, -71.264272, 52.336000, 2.213000, 2.150000, 3, 185
86364.055556, 2025-11-11T21:10:47.923Z, 42.291370, -71.264274, 52.338000, 2.353000, 2.270000, 3, 185
86419.666667, 2025-11-11T21:10:47.978Z, 42.291370, -71.264276, 52.438000, 2.370000, 2.400000, 3, 185
86475.277778, 2025-11-11T21:10:48.034Z, 42.291370, -71.264278, 52.580000, 2.436000, 2.420000, 3, 185
86530.888889, 2025-11-11T21:10:48.089Z, 42.291370, -71.264281, 52.383000, 2.486000, 2.490000, 3, 185
86586.500000, 2025-11-11T21:10:48.145Z, 42.291370, -71.264283, 52.342000, 2.437000, 2.530000, 3, 185
86642.111111, 2025-11-11T21:10:48.201Z, 42.291369, -71.264284, 52.463000, 2.401000, 2.480000, 3, 185
86697.722222, 2025-11-11T21:10:48.256Z, 42.291369, -71.264286, 52.506000, 2.298000, 2.450000, 3, 185
86753.333333, 2025-11-11T21:10:48.312Z, 42.291369, -71.264288, 52.459000, 2.369000, 2.350000, 3, 185
86808.944444, 2025-11-11T21:10:48.367Z, 42.291368, -71.264290, 52.385000, 2.403000, 2.420000, 3, 185
86864.555556, 2025-11-11T21:10:48.423Z, 42.291367, -71.264292, 52.437000, 2.414000, 2.450000, 3, 185
86920.166667, 2025-11-11T21:10:48.479Z, 42.291367, -71.264295, 52.348000, 2.532000, 2.460000, 3, 185
86975.777778, 2025-11-11T21:10:48.534Z, 42.291367, -71.264297, 52.364000, 2.479000, 2.580000, 3, 185
87031.388889, 2025-11-11T21:10:48.590Z, 42.291366, -71.264298, 52.265000, 2.402000, 2.520000, 3, 185
87087.000000, 2025-11-11T21:10:48.580Z, 42.291366, -71.264300, 52.272000, 2.414000, 2.440000, 3, 186
87142.611111, 2025-11-11T21:10:48.635Z, 42.291365, -71.264302, 52.209000, 2.341000, 2.460000, 3, 186
87198.222222, 2025-11-11T21:10:48.691Z, 42.291364, -71.264303, 52.418000, 2.294000, 2.380000, 3, 186
87253.833333, 2025-11-11T21:10:48.746Z, 42.291363, -71.264305, 52.493000, 2.323000, 2.340000, 3, 186
87309.444444, 2025-11-11T21:10:48.802Z, 42.291363, -71.264306, 52.564000, 2.315000, 2.370000, 3, 186
87365.055556, 2025-11-11T21:10:48.858Z, 42.291362, -71.264308, 52.529000, 2.299000, 2.370000, 3, 186
87420.666667, 2025-11-11T21:10:48.913Z, 42.291362, -71.264310, 52.449000, 2.222000, 2.350000, 3, 186
87476.277778, 2025-11-11T21:10:48.969Z, 42.291361, -71.264312, 52.209000, 2.348000, 2.270000, 3, 186
87531.888889, 2025-11-11T21:10:49.024Z, 42.291361, -71.264314, 52.117000, 2.323000, 2.390000, 3, 186
87587.500000, 2025-11-11T21:10:49.080Z, 42.291359, -71.264315, 52.049000, 2.332000, 2.360000, 3, 186
87643.111111, 2025-11-11T21:10:49.136Z, 42.291359, -71.264317, 51.910000, 2.320000, 2.370000, 3, 186
87698.722222, 2025-11-11T21:10:49.191Z, 42.291361, -71.264320, 51.561000, 2.305000, 2.350000, 3, 186
87754.333333, 2025-11-11T21:10:49.247Z, 42.291361, -71.264322, 51.349000, 2.263000, 2.330000, 3, 186
87809.944444, 2025-11-11T21:10:49.302Z, 42.291361, -71.264324, 51.270000, 2.240000, 2.280000, 3, 186
87865.555556, 2025-11-11T21:10:49.358Z, 42.291360, -71.264326, 51.191000, 2.320000, 2.260000, 3, 186
87921.166667, 2025-11-11T21:10:49.414Z, 42.291360, -71.264328, 51.092000, 2.350000, 2.340000, 3, 186
87976.777778, 2025-11-11T21:10:49.469Z, 42.291361, -71.264330, 50.800000, 2.180000, 2.360000, 3, 186
88032.388889, 2025-11-11T21:10:49.525Z, 42.291362, -71.264334, 50.406000, 2.406000, 2.190000, 3, 186
88088.000000, 2025-11-11T21:10:49.625Z, 42.291364, -71.264337, 49.996000, 2.556000, 2.410000, 3, 205
88140.684211, 2025-11-11T21:10:49.677Z, 42.291364, -71.264340, 49.877000, 2.605000, 2.560000, 3, 205
88193.368421, 2025-11-11T21:10:49.730Z, 42.291364, -71.264341, 49.898000, 2.547000, 2.610000, 3, 205
88246.052632, 2025-11-11T21:10:49.783Z, 42.291364, -71.264343, 49.899000, 2.537000, 2.550000, 3, 205
88298.736842, 2025-11-11T21:10:49.835Z, 42.291365, -71.264345, 50.038000, 2.520000, 2.540000, 3, 205
88351.421053, 2025-11-11T21:10:49.888Z, 42.291365, -71.264346, 50.152000, 2.477000, 2.520000, 3, 205
88404.105263, 2025-11-11T21:10:49.941Z, 42.291365, -71.264348, 50.105000, 2.553000, 2.480000, 3, 205
88456.789474, 2025-11-11T21:10:49.993Z, 42.291364, -71.264351, 50.121000, 2.728000, 2.560000, 3, 205
88509.473684, 2025-11-11T21:10:50.046Z, 42.291363, -71.264354, 50.072000, 2.820000, 2.730000, 3, 205
88562.157895, 2025-11-11T21:10:50.099Z, 42.291362, -71.264356, 50.095000, 2.883000, 2.820000, 3, 205
88614.842105, 2025-11-11T21:10:50.151Z, 42.291362, -71.264358, 50.133000, 2.862000, 2.890000, 3, 205
88667.526316, 2025-11-11T21:10:50.204Z, 42.291361, -71.264360, 50.185000, 2.839000, 2.870000, 3, 205
88720.210526, 2025-11-11T21:10:50.257Z, 42.291360, -71.264362, 50.247000, 2.850000, 2.840000, 3, 205
88772.894737, 2025-11-11T21:10:50.309Z, 42.291360, -71.264364, 50.325000, 2.917000, 2.860000, 3, 205
88825.578947, 2025-11-11T21:10:50.362Z, 42.291360, -71.264367, 50.439000, 3.002000, 2.920000, 3, 205
88878.263158, 2025-11-11T21:10:50.415Z, 42.291359, -71.264369, 50.540000, 2.959000, 3.010000, 3, 205
88930.947368, 2025-11-11T21:10:50.467Z, 42.291359, -71.264371, 50.583000, 2.982000, 2.970000, 3, 205
88983.631579, 2025-11-11T21:10:50.520Z, 42.291358, -71.264373, 50.615000, 2.959000, 2.990000, 3, 205
89036.315789, 2025-11-11T21:10:50.573Z, 42.291358, -71.264375, 50.668000, 2.962000, 2.970000, 3, 205
89089.000000, 2025-11-11T21:10:50.615Z, 42.291357, -71.264378, 50.701000, 3.022000, 2.970000, 3, 205
89144.611111, 2025-11-11T21:10:50.670Z, 42.291356, -71.264380, 50.683000, 3.076000, 3.030000, 3, 205
89200.222222, 2025-11-11T21:10:50.726Z, 42.291355, -71.264382, 50.670000, 3.054000, 3.090000, 3, 205
89255.833333, 2025-11-11T21:10:50.781Z, 42.291355, -71.264384, 50.644000, 2.973000, 3.070000, 3, 205
89311.444444, 2025-11-11T21:10:50.837Z, 42.291354, -71.264386, 50.609000, 2.893000, 2.980000, 3, 205
89367.055556, 2025-11-11T21:10:50.893Z, 42.291353, -71.264388, 50.587000, 2.813000, 2.900000, 3, 205
89422.666667, 2025-11-11T21:10:50.948Z, 42.291354, -71.264389, 50.461000, 2.664000, 2.820000, 3, 205
89478.277778, 2025-11-11T21:10:51.004Z, 42.291354, -71.264391, 50.449000, 2.704000, 2.670000, 3, 205
89533.888889, 2025-11-11T21:10:51.059Z, 42.291354, -71.264392, 50.513000, 2.551000, 2.710000, 3, 205
89589.500000, 2025-11-11T21:10:51.115Z, 42.291353, -71.264394, 50.611000, 2.471000, 2.560000, 3, 205
89645.111111, 2025-11-11T21:10:51.171Z, 42.291352, -71.264396, 50.527000, 2.514000, 2.480000, 3, 205
89700.722222, 2025-11-11T21:10:51.226Z, 42.291352, -71.264398, 50.409000, 2.629000, 2.530000, 3, 205
89756.333333, 2025-11-11T21:10:51.282Z, 42.291351, -71.264401, 50.427000, 2.714000, 2.640000, 3, 205
89811.944444, 2025-11-11T21:10:51.337Z, 42.291349, -71.264403, 50.546000, 2.651000, 2.720000, 3, 205
89867.555556, 2025-11-11T21:10:51.393Z, 42.291349, -71.264405, 50.545000, 2.697000, 2.660000, 3, 205
89923.166667, 2025-11-11T21:10:51.449Z, 42.291349, -71.264407, 50.506000, 2.705000, 2.710000, 3, 205
89978.777778, 2025-11-11T21:10:51.504Z, 42.291348, -71.264409, 50.486000, 2.679000, 2.720000, 3, 205
90034.388889, 2025-11-11T21:10:51.560Z, 42.291348, -71.264411, 50.555000, 2.669000, 2.690000, 3, 205
90090.000000, 2025-11-11T21:10:51.660Z, 42.291347, -71.264413, 50.530000, 2.760000, 2.680000, 3, 205
90145.611111, 2025-11-11T21:10:51.715Z, 42.291346, -71.264415, 50.508000, 2.719000, 2.770000, 3, 205
90201.222222, 2025-11-11T21:10:51.771Z, 42.291345, -71.264416, 50.554000, 2.609000, 2.730000, 3, 205
90256.833333, 2025-11-11T21:10:51.826Z, 42.291344, -71.264417, 50.597000, 2.548000, 2.620000, 3, 205
90312.444444, 2025-11-11T21:10:51.882Z, 42.291344, -71.264419, 50.568000, 2.464000, 2.560000, 3, 205
90368.055556, 2025-11-11T21:10:51.938Z, 42.291344, -71.264421, 50.569000, 2.407000, 2.480000, 3, 205
90423.666667, 2025-11-11T21:10:51.993Z, 42.291344, -71.264423, 50.533000, 2.399000, 2.420000, 3, 205
90479.277778, 2025-11-11T21:10:52.049Z, 42.291343, -71.264425, 50.516000, 2.450000, 2.410000, 3, 205
90534.888889, 2025-11-11T21:10:52.104Z, 42.291342, -71.264427, 50.510000, 2.427000, 2.460000, 3, 205
90590.500000, 2025-11-11T21:10:52.160Z, 42.291342, -71.264429, 50.541000, 2.494000, 2.440000, 3, 205
90646.111111, 2025-11-11T21:10:52.216Z, 42.291341, -71.264432, 50.401000, 2.631000, 2.510000, 3, 205
90701.722222, 2025-11-11T21:10:52.271Z, 42.291342, -71.264435, 50.257000, 2.727000, 2.640000, 3, 205
90757.333333, 2025-11-11T21:10:52.327Z, 42.291342, -71.264437, 50.223000, 2.698000, 2.740000, 3, 205
90812.944444, 2025-11-11T21:10:52.382Z, 42.291342, -71.264438, 50.268000, 2.532000, 2.710000, 3, 205
90868.555556, 2025-11-11T21:10:52.438Z, 42.291341, -71.264440, 50.228000, 2.510000, 2.540000, 3, 205
90924.166667, 2025-11-11T21:10:52.494Z, 42.291341, -71.264442, 50.161000, 2.527000, 2.520000, 3, 205
90979.777778, 2025-11-11T21:10:52.549Z, 42.291340, -71.264444, 50.222000, 2.497000, 2.540000, 3, 205
91035.388889, 2025-11-11T21:10:52.605Z, 42.291339, -71.264446, 50.236000, 2.540000, 2.510000, 3, 205
91091.000000, 2025-11-11T21:10:52.595Z, 42.291338, -71.264448, 50.314000, 2.551000, 2.550000, 3, 205
91146.611111, 2025-11-11T21:10:52.650Z, 42.291337, -71.264450, 50.475000, 2.641000, 2.560000, 3, 205
91202.222222, 2025-11-11T21:10:52.706Z, 42.291336, -71.264452, 50.494000, 2.744000, 2.660000, 3, 205
91257.833333, 2025-11-11T21:10:52.761Z, 42.291335, -71.264454, 50.415000, 2.747000, 2.760000, 3, 205
91313.444444, 2025-11-11T21:10:52.817Z, 42.291335, -71.264456, 50.341000, 2.692000, 2.760000, 3, 205
91369.055556, 2025-11-11T21:10:52.873Z, 42.291334, -71.264458, 50.264000, 2.720000, 2.700000, 3, 205
91424.666667, 2025-11-11T21:10:52.928Z, 42.291334, -71.264461, 50.234000, 2.781000, 2.730000, 3, 205
91480.277778, 2025-11-11T21:10:52.984Z, 42.291333, -71.264462, 50.237000, 2.719000, 2.790000, 3, 205
91535.888889, 2025-11-11T21:10:53.039Z, 42.291333, -71.264464, 50.141000, 2.620000, 2.730000, 3, 205
91591.500000, 2025-11-11T21:10:53.095Z, 42.291332, -71.264465, 50.001000, 2.497000, 2.630000, 3, 205
91647.111111, 2025-11-11T21:10:53.151Z, 42.291332, -71.264466, 49.877000, 2.358000, 2.500000, 3, 205
91702.722222, 2025-11-11T21:10:53.206Z, 42.291331, -71.264467, 49.573000, 2.308000, 2.360000, 3, 205
91758.333333, 2025-11-11T21:10:53.262Z, 42.291329, -71.264469, 49.196000, 2.336000, 2.310000, 3, 205
91813.944444, 2025-11-11T21:10:53.317Z, 42.291328, -71.264469, 48.934000, 2.214000, 2.340000, 3, 205
91869.555556, 2025-11-11T21:10:53.373Z, 42.291328, -71.264470, 48.897000, 2.117000, 2.210000, 3, 205
91925.166667, 2025-11-11T21:10:53.429Z, 42.291327, -71.264471, 48.932000, 2.103000, 2.120000, 3, 205
91980.777778, 2025-11-11T21:10:53.484Z, 42.291327, -71.264473, 49.077000, 2.096000, 2.100000, 3, 205
92036.388889, 2025-11-11T21:10:53.540Z, 42.291327, -71.264475, 49.144000, 2.026000, 2.100000, 3, 205
92092.000000, 2025-11-11T21:10:53.640Z, 42.291327, -71.264476, 49.130000, 2.026000, 2.030000, 3, 205
92147.611111, 2025-11-11T21:10:53.695Z, 42.291328, -71.264478, 49.249000, 2.118000, 2.030000, 3, 205
92203.222222, 2025-11-11T21:10:53.751Z, 42.291327, -71.264480, 49.393000, 2.131000, 2.120000, 3, 205
92258.833333, 2025-11-11T21:10:53.806Z, 42.291327, -71.264481, 49.463000, 2.035000, 2.130000, 3, 205
92314.444444, 2025-11-11T21:10:53.862Z, 42.291327, -71.264483, 49.565000, 2.103000, 2.040000, 3, 205
92370.055556, 2025-11-11T21:10:53.918Z, 42.291326, -71.264485, 49.658000, 2.186000, 2.110000, 3, 205
92425.666667, 2025-11-11T21:10:53.973Z, 42.291326, -71.264486, 49.738000, 2.143000, 2.190000, 3, 205
92481.277778, 2025-11-11T21:10:54.029Z, 42.291327, -71.264488, 49.863000, 2.131000, 2.150000, 3, 205
92536.888889, 2025-11-11T21:10:54.084Z, 42.291328, -71.264490, 49.982000, 2.161000, 2.140000, 3, 205
92592.500000, 2025-11-11T21:10:54.140Z, 42.291328, -71.264493, 50.072000, 2.361000, 2.170000, 3, 205
92648.111111, 2025-11-11T21:10:54.196Z, 42.291328, -71.264496, 50.256000, 2.630000, 2.370000, 3, 205
92703.722222, 2025-11-11T21:10:54.251Z, 42.291328, -71.264498, 50.419000, 2.683000, 2.640000, 3, 205
92759.333333, 2025-11-11T21:10:54.307Z, 42.291328, -71.264500, 50.410000, 2.618000, 2.700000, 3, 205
92814.944444, 2025-11-11T21:10:54.362Z, 42.291328, -71.264502, 50.477000, 2.660000, 2.630000, 3, 205
92870.555556, 2025-11-11T21:10:54.418Z, 42.291327, -71.264504, 50.538000, 2.730000, 2.670000, 3, 205
92926.166667, 2025-11-11T21:10:54.474Z, 42.291327, -71.264506, 50.558000, 2.717000, 2.740000, 3, 205
92981.777778, 2025-11-11T21:10:54.529Z, 42.291327, -71.264508, 50.567000, 2.689000, 2.730000, 3, 205
93037.388889, 2025-11-11T21:10:54.585Z, 42.291326, -71.264510, 50.608000, 2.696000, 2.700000, 3, 205
93093.000000, 2025-11-11T21:10:54.630Z, 42.291326, -71.264513, 50.504000, 2.882000, 2.710000, 3, 205
93148.611111, 2025-11-11T21:10:54.685Z, 42.291324, -71.264515, 50.736000, 2.847000, 2.890000, 3, 205
93204.222222, 2025-11-11T21:10:54.741Z, 42.291324, -71.264517, 50.874000, 2.761000, 2.860000, 3, 205
93259.833333, 2025-11-11T21:10:54.796Z, 42.291324, -71.264519, 50.895000, 2.716000, 2.780000, 3, 205
93315.444444, 2025-11-11T21:10:54.852Z, 42.291324, -71.264520, 50.873000, 2.665000, 2.730000, 3, 205
93371.055556, 2025-11-11T21:10:54.908Z, 42.291324, -71.264522, 50.715000, 2.649000, 2.680000, 3, 205
93426.666667, 2025-11-11T21:10:54.963Z, 42.291324, -71.264524, 50.740000, 2.625000, 2.660000, 3, 205
93482.277778, 2025-11-11T21:10:55.019Z, 42.291323, -71.264526, 50.799000, 2.524000, 2.640000, 3, 205
93537.888889, 2025-11-11T21:10:55.074Z, 42.291323, -71.264527, 50.785000, 2.522000, 2.540000, 3, 205
93593.500000, 2025-11-11T21:10:55.130Z, 42.291324, -71.264529, 50.720000, 2.462000, 2.540000, 3, 205
93649.111111, 2025-11-11T21:10:55.186Z, 42.291324, -71.264531, 50.711000, 2.362000, 2.480000, 3, 205
93704.722222, 2025-11-11T21:10:55.241Z, 42.291323, -71.264532, 50.658000, 2.308000, 2.380000, 3, 205
93760.333333, 2025-11-11T21:10:55.297Z, 42.291323, -71.264534, 50.562000, 2.304000, 2.320000, 3, 205
93815.944444, 2025-11-11T21:10:55.352Z, 42.291322, -71.264536, 50.470000, 2.292000, 2.320000, 3, 205
93871.555556, 2025-11-11T21:10:55.408Z, 42.291321, -71.264537, 50.391000, 2.279000, 2.300000, 3, 205
93927.166667, 2025-11-11T21:10:55.464Z, 42.291320, -71.264539, 50.352000, 2.275000, 2.290000, 3, 205
93982.777778, 2025-11-11T21:10:55.519Z, 42.291319, -71.264540, 50.275000, 2.286000, 2.290000, 3, 205
94038.388889, 2025-11-11T21:10:55.575Z, 42.291319, -71.264542, 50.294000, 2.237000, 2.290000, 3, 205
94094.000000, 2025-11-11T21:10:55.620Z, 42.291319, -71.264544, 50.236000, 2.297000, 2.250000, 3, 205
94146.684211, 2025-11-11T21:10:55.672Z, 42.291318, -71.264546, 50.200000, 2.428000, 2.310000, 3, 205
94199.368421, 2025-11-11T21:10:55.725Z, 42.291318, -71.264548, 50.166000, 2.472000, 2.440000, 3, 205
94252.052632, 2025-11-11T21:10:55.778Z, 42.291318, -71.264550, 50.207000, 2.433000, 2.480000, 3, 205
94304.736842, 2025-11-11T21:10:55.830Z, 42.291317, -71.264552, 50.164000, 2.388000, 2.440000, 3, 205
94357.421053, 2025-11-11T21:10:55.883Z, 42.291318, -71.264553, 50.384000, 2.353000, 2.390000, 3, 205
94410.105263, 2025-11-11T21:10:55.936Z, 42.291319, -71.264556, 50.395000, 2.579000, 2.360000, 3, 205
94462.789474, 2025-11-11T21:10:55.988Z, 42.291319, -71.264559, 50.328000, 2.580000, 2.590000, 3, 205
94515.473684, 2025-11-11T21:10:56.041Z, 42.291319, -71.264560, 50.225000, 2.550000, 2.590000, 3, 205
94568.157895, 2025-11-11T21:10:56.094Z, 42.291319, -71.264562, 50.242000, 2.521000, 2.560000, 3, 205
94620.842105, 2025-11-11T21:10:56.146Z, 42.291318, -71.264564, 50.318000, 2.556000, 2.530000, 3, 205
94673.526316, 2025-11-11T21:10:56.199Z, 42.291318, -71.264566, 50.387000, 2.578000, 2.560000, 3, 205
94726.210526, 2025-11-11T21:10:56.252Z, 42.291316, -71.264568, 50.602000, 2.610000, 2.590000, 3, 205
94778.894737, 2025-11-11T21:10:56.304Z, 42.291315, -71.264571, 50.707000, 2.738000, 2.620000, 3, 205
94831.578947, 2025-11-11T21:10:56.357Z, 42.291314, -71.264573, 50.797000, 2.683000, 2.750000, 3, 205
94884.263158, 2025-11-11T21:10:56.410Z, 42.291314, -71.264574, 50.949000, 2.551000, 2.700000, 3, 205
94936.947368, 2025-11-11T21:10:56.462Z, 42.291314, -71.264575, 51.057000, 2.452000, 2.570000, 3, 205
94989.631579, 2025-11-11T21:10:56.515Z, 42.291314, -71.264577, 51.219000, 2.312000, 2.470000, 3, 205
95042.315789, 2025-11-11T21:10:56.568Z, 42.291314, -71.264578, 51.181000, 2.303000, 2.330000, 3, 205
95095.000000, 2025-11-11T21:10:56.665Z, 42.291314, -71.264580, 51.234000, 2.239000, 2.320000, 3, 205
95150.611111, 2025-11-11T21:10:56.720Z, 42.291313, -71.264581, 51.350000, 2.237000, 2.260000, 3, 205
95206.222222, 2025-11-11T21:10:56.776Z, 42.291312, -71.264583, 51.413000, 2.163000, 2.260000, 3, 205
95261.833333, 2025-11-11T21:10:56.831Z, 42.291312, -71.264584, 51.332000, 2.013000, 2.190000, 3, 205
95317.444444, 2025-11-11T21:10:56.887Z, 42.291311, -71.264585, 51.404000, 1.960000, 2.040000, 3, 205
95373.055556, 2025-11-11T21:10:56.943Z, 42.291311, -71.264587, 51.357000, 2.066000, 1.990000, 3, 205
95428.666667, 2025-11-11T21:10:56.998Z, 42.291311, -71.264588, 51.287000, 2.096000, 2.090000, 3, 205
95484.277778, 2025-11-11T21:10:57.054Z, 42.291310, -71.264589, 51.308000, 1.995000, 2.120000, 3, 205
95539.888889, 2025-11-11T21:10:57.109Z, 42.291310, -71.264590, 51.277000, 1.899000, 2.020000, 3, 205
95595.500000, 2025-11-11T21:10:57.165Z, 42.291309, -71.264592, 51.355000, 1.899000, 1.920000, 3, 205
95651.111111, 2025-11-11T21:10:57.221Z, 42.291308, -71.264593, 51.352000, 1.915000, 1.920000, 3, 205
95706.722222, 2025-11-11T21:10:57.276Z, 42.291308, -71.264594, 51.367000, 1.827000, 1.940000, 3, 205
95762.333333, 2025-11-11T21:10:57.332Z, 42.291309, -71.264596, 51.415000, 1.906000, 1.850000, 3, 205
95817.944444, 2025-11-11T21:10:57.387Z, 42.291309, -71.264598, 51.441000, 1.944000, 1.930000, 3, 205
95873.555556, 2025-11-11T21:10:57.443Z, 42.291311, -71.264600, 51.549000, 2.000000, 1.970000, 3, 205
95929.166667, 2025-11-11T21:10:57.499Z, 42.291311, -71.264602, 51.476000, 2.143000, 2.030000, 3, 205
95984.777778, 2025-11-11T21:10:57.554Z, 42.291309, -71.264604, 51.556000, 2.188000, 2.170000, 3, 205
96040.388889, 2025-11-11T21:10:57.610Z, 42.291309, -71.264606, 51.515000, 2.242000, 2.210000, 3, 205
96096.000000, 2025-11-11T21:10:57.600Z, 42.291309, -71.264608, 51.469000, 2.212000, 2.260000, 3, 205
96151.611111, 2025-11-11T21:10:57.655Z, 42.291309, -71.264610, 51.443000, 2.267000, 2.230000, 3, 205
96207.222222, 2025-11-11T21:10:57.711Z, 42.291310, -71.264612, 51.410000, 2.332000, 2.290000, 3, 205
96262.833333, 2025-11-11T21:10:57.766Z, 42.291310, -71.264614, 51.369000, 2.350000, 2.350000, 3, 205
96318.444444, 2025-11-11T21:10:57.822Z, 42.291311, -71.264617, 51.366000, 2.367000, 2.370000, 3, 205
96374.055556, 2025-11-11T21:10:57.878Z, 42.291311, -71.264619, 51.342000, 2.366000, 2.380000, 3, 205
96429.666667, 2025-11-11T21:10:57.933Z, 42.291312, -71.264620, 51.317000, 2.311000, 2.380000, 3, 205
96485.277778, 2025-11-11T21:10:57.989Z, 42.291312, -71.264622, 51.390000, 2.331000, 2.330000, 3, 205
96540.888889, 2025-11-11T21:10:58.044Z, 42.291314, -71.264624, 51.413000, 2.377000, 2.350000, 3, 205
96596.500000, 2025-11-11T21:10:58.100Z, 42.291314, -71.264626, 51.481000, 2.355000, 2.390000, 3, 205
96652.111111, 2025-11-11T21:10:58.156Z, 42.291315, -71.264628, 51.617000, 2.416000, 2.370000, 3, 205
96707.722222, 2025-11-11T21:10:58.211Z, 42.291314, -71.264629, 51.602000, 2.261000, 2.430000, 3, 205
96763.333333, 2025-11-11T21:10:58.267Z, 42.291315, -71.264631, 51.638000, 2.290000, 2.280000, 3, 205
96818.944444, 2025-11-11T21:10:58.322Z, 42.291315, -71.264632, 51.679000, 2.268000, 2.310000, 3, 205
96874.555556, 2025-11-11T21:10:58.378Z, 42.291315, -71.264634, 51.686000, 2.280000, 2.290000, 3, 205
96930.166667, 2025-11-11T21:10:58.434Z, 42.291315, -71.264636, 51.674000, 2.291000, 2.300000, 3, 205
96985.777778, 2025-11-11T21:10:58.489Z, 42.291316, -71.264638, 51.653000, 2.315000, 2.310000, 3, 205
97041.388889, 2025-11-11T21:10:58.545Z, 42.291316, -71.264640, 51.643000, 2.418000, 2.330000, 3, 205
97097.000000, 2025-11-11T21:10:58.590Z, 42.291316, -71.264643, 51.681000, 2.501000, 2.430000, 3, 205
97152.611111, 2025-11-11T21:10:58.645Z, 42.291315, -71.264645, 51.775000, 2.537000, 2.520000, 3, 205
97208.222222, 2025-11-11T21:10:58.701Z, 42.291314, -71.264647, 51.866000, 2.480000, 2.550000, 3, 205
97263.833333, 2025-11-11T21:10:58.756Z, 42.291314, -71.264648, 51.972000, 2.236000, 2.500000, 3, 205
97319.444444, 2025-11-11T21:10:58.812Z, 42.291314, -71.264649, 51.992000, 2.224000, 2.260000, 3, 205
97375.055556, 2025-11-11T21:10:58.868Z, 42.291314, -71.264651, 52.004000, 2.329000, 2.250000, 3, 205
97430.666667, 2025-11-11T21:10:58.923Z, 42.291313, -71.264652, 52.361000, 2.135000, 2.350000, 3, 205
97486.277778, 2025-11-11T21:10:58.979Z, 42.291313, -71.264653, 52.413000, 1.991000, 2.170000, 3, 205
97541.888889, 2025-11-11T21:10:59.034Z, 42.291313, -71.264654, 52.436000, 1.932000, 2.030000, 3, 205
97597.500000, 2025-11-11T21:10:59.090Z, 42.291312, -71.264655, 52.480000, 1.881000, 1.970000, 3, 205
97653.111111, 2025-11-11T21:10:59.146Z, 42.291312, -71.264657, 52.506000, 1.843000, 1.920000, 3, 205
97708.722222, 2025-11-11T21:10:59.201Z, 42.291311, -71.264659, 52.358000, 1.876000, 1.880000, 3, 205
97764.333333, 2025-11-11T21:10:59.257Z, 42.291311, -71.264660, 52.410000, 1.885000, 1.910000, 3, 205
97819.944444, 2025-11-11T21:10:59.312Z, 42.291310, -71.264663, 52.478000, 2.050000, 1.920000, 3, 205
97875.555556, 2025-11-11T21:10:59.368Z, 42.291309, -71.264664, 52.522000, 2.120000, 2.080000, 3, 205
97931.166667, 2025-11-11T21:10:59.424Z, 42.291309, -71.264666, 52.600000, 2.137000, 2.150000, 3, 205
97986.777778, 2025-11-11T21:10:59.479Z, 42.291309, -71.264668, 52.684000, 2.189000, 2.170000, 3, 205
98042.388889, 2025-11-11T21:10:59.535Z, 42.291309, -71.264671, 52.758000, 2.408000, 2.220000, 3, 205
98098.000000, 2025-11-11T21:10:59.635Z, 42.291309, -71.264673, 52.779000, 2.432000, 2.440000, 3, 205
98150.684211, 2025-11-11T21:10:59.687Z, 42.291308, -71.264675, 52.834000, 2.373000, 2.460000, 3, 205
98203.368421, 2025-11-11T21:10:59.740Z, 42.291308, -71.264676, 52.936000, 2.326000, 2.400000, 3, 205
98256.052632, 2025-11-11T21:10:59.793Z, 42.291308, -71.264678, 52.988000, 2.267000, 2.360000, 3, 205
98308.736842, 2025-11-11T21:10:59.845Z, 42.291308, -71.264679, 52.881000, 2.244000, 2.300000, 3, 205
98361.421053, 2025-11-11T21:10:59.898Z, 42.291308, -71.264681, 52.879000, 2.171000, 2.280000, 3, 205
98414.105263, 2025-11-11T21:10:59.951Z, 42.291308, -71.264683, 52.860000, 2.132000, 2.200000, 3, 205
98466.789474, 2025-11-11T21:11:00.003Z, 42.291308, -71.264684, 52.848000, 2.158000, 2.160000, 3, 205
98519.473684, 2025-11-11T21:11:00.056Z, 42.291307, -71.264686, 52.930000, 2.113000, 2.190000, 3, 205
98572.157895, 2025-11-11T21:11:00.109Z, 42.291307, -71.264687, 52.968000, 2.039000, 2.150000, 3, 205
98624.842105, 2025-11-11T21:11:00.161Z, 42.291306, -71.264689, 52.975000, 2.055000, 2.070000, 3, 205
98677.526316, 2025-11-11T21:11:00.214Z, 42.291305, -71.264692, 52.988000, 2.317000, 2.090000, 3, 205
98730.210526, 2025-11-11T21:11:00.267Z, 42.291305, -71.264694, 52.965000, 2.361000, 2.350000, 3, 205
98782.894737, 2025-11-11T21:11:00.319Z, 42.291305, -71.264696, 52.986000, 2.323000, 2.390000, 3, 205
98835.578947, 2025-11-11T21:11:00.372Z, 42.291305, -71.264698, 53.093000, 2.261000, 2.350000, 3, 205
98888.263158, 2025-11-11T21:11:00.425Z, 42.291305, -71.264700, 53.139000, 2.322000, 2.290000, 3, 205
98940.947368, 2025-11-11T21:11:00.477Z, 42.291305, -71.264703, 53.108000, 2.481000, 2.350000, 3, 205
98993.631579, 2025-11-11T21:11:00.530Z, 42.291305, -71.264705, 53.037000, 2.537000, 2.510000, 3, 205
99046.315789, 2025-11-11T21:11:00.583Z, 42.291305, -71.264707, 53.052000, 2.517000, 2.560000, 3, 205
99099.000000, 2025-11-11T21:11:00.625Z, 42.291306, -71.264709, 52.987000, 2.480000, 2.540000, 3, 205
99157.882353, 2025-11-11T21:11:00.683Z, 42.291306, -71.264711, 52.940000, 2.446000, 2.500000, 3, 205
99216.764706, 2025-11-11T21:11:00.742Z, 42.291307, -71.264712, 52.802000, 2.341000, 2.470000, 3, 205
99275.647059, 2025-11-11T21:11:00.801Z, 42.291308, -71.264715, 52.722000, 2.423000, 2.360000, 3, 205
99334.529412, 2025-11-11T21:11:00.860Z, 42.291308, -71.264717, 52.679000, 2.455000, 2.440000, 3, 205
99393.411765, 2025-11-11T21:11:00.919Z, 42.291309, -71.264719, 52.692000, 2.444000, 2.470000, 3, 205
99452.294118, 2025-11-11T21:11:00.978Z, 42.291309, -71.264721, 52.671000, 2.389000, 2.460000, 3, 205
99511.176471, 2025-11-11T21:11:01.037Z, 42.291309, -71.264722, 52.734000, 2.265000, 2.400000, 3, 205
99570.058824, 2025-11-11T21:11:01.096Z, 42.291309, -71.264724, 52.732000, 2.296000, 2.280000, 3, 205
99628.941176, 2025-11-11T21:11:01.154Z, 42.291309, -71.264726, 52.654000, 2.389000, 2.310000, 3, 205
99687.823529, 2025-11-11T21:11:01.213Z, 42.291309, -71.264728, 52.581000, 2.371000, 2.400000, 3, 205
99746.705882, 2025-11-11T21:11:01.272Z, 42.291309, -71.264730, 52.604000, 2.362000, 2.380000, 3, 205
99805.588235, 2025-11-11T21:11:01.331Z, 42.291308, -71.264732, 52.584000, 2.400000, 2.370000, 3, 205
99864.470588, 2025-11-11T21:11:01.390Z, 42.291308, -71.264735, 52.482000, 2.494000, 2.410000, 3, 205
99923.352941, 2025-11-11T21:11:01.449Z, 42.291309, -71.264737, 52.343000, 2.511000, 2.500000, 3, 205
99982.235294, 2025-11-11T21:11:01.508Z, 42.291310, -71.264740, 52.254000, 2.572000, 2.520000, 3, 205
100041.117647, 2025-11-11T21:11:01.567Z, 42.291311, -71.264742, 52.261000, 2.617000, 2.580000, 3, 205
100100.000000, 2025-11-11T21:11:01.615Z, 42.291311, -71.264744, 52.212000, 2.619000, 2.620000, 3, 205
100152.684211, 2025-11-11T21:11:01.667Z, 42.291310, -71.264746, 52.129000, 2.549000, 2.620000, 3, 205
100205.368421, 2025-11-11T21:11:01.720Z, 42.291310, -71.264747, 52.158000, 2.516000, 2.550000, 3, 205
100258.052632, 2025-11-11T21:11:01.773Z, 42.291310, -71.264749, 52.243000, 2.568000, 2.520000, 3, 205
100310.736842, 2025-11-11T21:11:01.825Z, 42.291309, -71.264751, 52.404000, 2.568000, 2.570000, 3, 205
100363.421053, 2025-11-11T21:11:01.878Z, 42.291309, -71.264753, 52.395000, 2.508000, 2.570000, 3, 205
100416.105263, 2025-11-11T21:11:01.931Z, 42.291309, -71.264754, 52.345000, 2.427000, 2.510000, 3, 205
100468.789474, 2025-11-11T21:11:01.983Z, 42.291309, -71.264756, 52.367000, 2.407000, 2.430000, 3, 205
100521.473684, 2025-11-11T21:11:02.036Z, 42.291309, -71.264758, 52.355000, 2.394000, 2.410000, 3, 205
100574.157895, 2025-11-11T21:11:02.089Z, 42.291309, -71.264760, 52.343000, 2.459000, 2.400000, 3, 205
100626.842105, 2025-11-11T21:11:02.141Z, 42.291309, -71.264763, 52.326000, 2.578000, 2.460000, 3, 205
100679.526316, 2025-11-11T21:11:02.194Z, 42.291309, -71.264765, 52.393000, 2.592000, 2.580000, 3, 205
100732.210526, 2025-11-11T21:11:02.247Z, 42.291309, -71.264767, 52.545000, 2.606000, 2.600000, 3, 205
100784.894737, 2025-11-11T21:11:02.299Z, 42.291310, -71.264769, 52.486000, 2.745000, 2.610000, 3, 205
100837.578947, 2025-11-11T21:11:02.352Z, 42.291310, -71.264771, 52.481000, 2.745000, 2.750000, 3, 205
100890.263158, 2025-11-11T21:11:02.405Z, 42.291310, -71.264773, 52.563000, 2.680000, 2.750000, 3, 205
100942.947368, 2025-11-11T21:11:02.457Z, 42.291310, -71.264775, 52.643000, 2.676000, 2.690000, 3, 205
100995.631579, 2025-11-11T21:11:02.510Z, 42.291310, -71.264778, 52.699000, 2.817000, 2.680000, 3, 205
101048.315789, 2025-11-11T21:11:02.563Z, 42.291311, -71.264781, 52.832000, 2.944000, 2.820000, 3, 205
101101.000000, 2025-11-11T21:11:02.605Z, 42.291312, -71.264783, 52.748000, 2.902000, 2.950000, 3, 205
101156.611111, 2025-11-11T21:11:02.660Z, 42.291312, -71.264785, 52.667000, 2.832000, 2.910000, 3, 205
101212.222222, 2025-11-11T21:11:02.716Z, 42.291313, -71.264787, 52.604000, 2.813000, 2.840000, 3, 205
101267.833333, 2025-11-11T21:11:02.771Z, 42.291313, -71.264789, 52.686000, 2.875000, 2.820000, 3, 205
101323.444444, 2025-11-11T21:11:02.827Z, 42.291314, -71.264791, 52.721000, 2.897000, 2.880000, 3, 205
101379.055556, 2025-11-11T21:11:02.883Z, 42.291314, -71.264793, 52.745000, 2.892000, 2.900000, 3, 205
101434.666667, 2025-11-11T21:11:02.938Z, 42.291315, -71.264796, 52.724000, 2.945000, 2.900000, 3, 205
101490.277778, 2025-11-11T21:11:02.994Z, 42.291316, -71.264797, 52.744000, 2.897000, 2.950000, 3, 205
101545.888889, 2025-11-11T21:11:03.049Z, 42.291316, -71.264799, 52.738000, 2.875000, 2.900000, 3, 205
101601.500000, 2025-11-11T21:11:03.105Z, 42.291317, -71.264801, 52.741000, 2.838000, 2.880000, 3, 205
101657.111111, 2025-11-11T21:11:03.161Z, 42.291318, -71.264804, 52.724000, 2.970000, 2.840000, 3, 205
101712.722222, 2025-11-11T21:11:03.216Z, 42.291318, -71.264807, 52.782000, 3.108000, 2.970000, 3, 205
101768.333333, 2025-11-11T21:11:03.272Z, 42.291319, -71.264810, 52.744000, 3.110000, 3.110000, 3, 205
101823.944444, 2025-11-11T21:11:03.327Z, 42.291320, -71.264812, 52.688000, 3.164000, 3.110000, 3, 205
101879.555556, 2025-11-11T21:11:03.383Z, 42.291320, -71.264815, 52.648000, 3.201000, 3.170000, 3, 205
101935.166667, 2025-11-11T21:11:03.439Z, 42.291320, -71.264817, 52.640000, 3.182000, 3.200000, 3, 205
101990.777778, 2025-11-11T21:11:03.494Z, 42.291320, -71.264820, 52.736000, 3.201000, 3.190000, 3, 205
102046.388889, 2025-11-11T21:11:03.550Z, 42.291319, -71.264822, 52.814000, 3.116000, 3.210000, 3, 205
102102.000000, 2025-11-11T21:11:03.650Z, 42.291318, -71.264823, 52.692000, 2.790000, 3.120000, 3, 205
102157.611111, 2025-11-11T21:11:03.705Z, 42.291317, -71.264825, 52.415000, 2.753000, 2.790000, 3, 205
102213.222222, 2025-11-11T21:11:03.761Z, 42.291317, -71.264827, 51.839000, 2.632000, 2.750000, 3, 205
102268.833333, 2025-11-11T21:11:03.816Z, 42.291317, -71.264830, 51.583000, 2.669000, 2.630000, 3, 205
102324.444444, 2025-11-11T21:11:03.872Z, 42.291317, -71.264832, 51.417000, 2.652000, 2.670000, 3, 205
102380.055556, 2025-11-11T21:11:03.928Z, 42.291316, -71.264835, 51.326000, 2.676000, 2.650000, 3, 205
102435.666667, 2025-11-11T21:11:03.983Z, 42.291316, -71.264837, 51.180000, 2.757000, 2.680000, 3, 205
102491.277778, 2025-11-11T21:11:04.039Z, 42.291315, -71.264839, 51.157000, 2.772000, 2.760000, 3, 205
102546.888889, 2025-11-11T21:11:04.094Z, 42.291315, -71.264842, 50.984000, 2.791000, 2.780000, 3, 205
102602.500000, 2025-11-11T21:11:04.150Z, 42.291315, -71.264844, 50.804000, 2.798000, 2.800000, 3, 205
102658.111111, 2025-11-11T21:11:04.206Z, 42.291315, -71.264846, 50.820000, 2.633000, 2.810000, 3, 205
102713.722222, 2025-11-11T21:11:04.261Z, 42.291315, -71.264848, 50.756000, 2.755000, 2.640000, 3, 205
102769.333333, 2025-11-11T21:11:04.317Z, 42.291316, -71.264850, 50.660000, 2.816000, 2.760000, 3, 205
102824.944444, 2025-11-11T21:11:04.372Z, 42.291317, -71.264853, 50.440000, 2.915000, 2.820000, 3, 205
102880.555556, 2025-11-11T21:11:04.428Z, 42.291317, -71.264855, 50.423000, 2.940000, 2.930000, 3, 205
102936.166667, 2025-11-11T21:11:04.484Z, 42.291319, -71.264857, 50.350000, 2.886000, 2.950000, 3, 205
102991.777778, 2025-11-11T21:11:04.539Z, 42.291319, -71.264859, 50.289000, 2.869000, 2.900000, 3, 205
103047.388889, 2025-11-11T21:11:04.595Z, 42.291319, -71.264862, 50.296000, 2.899000, 2.880000, 3, 205
103103.000000, 2025-11-11T21:11:04.640Z, 42.291319, -71.264864, 50.244000, 2.852000, 2.910000, 3, 205
103158.611111, 2025-11-11T21:11:04.695Z, 42.291320, -71.264865, 50.228000, 2.860000, 2.860000, 3, 205
103214.222222, 2025-11-11T21:11:04.751Z, 42.291320, -71.264867, 50.173000, 2.822000, 2.870000, 3, 205
103269.833333, 2025-11-11T21:11:04.806Z, 42.291321, -71.264869, 50.149000, 2.720000, 2.840000, 3, 205
103325.444444, 2025-11-11T21:11:04.862Z, 42.291321, -71.264871, 50.110000, 2.701000, 2.730000, 3, 205
103381.055556, 2025-11-11T21:11:04.918Z, 42.291322, -71.264873, 50.106000, 2.701000, 2.720000, 3, 205
103436.666667, 2025-11-11T21:11:04.973Z, 42.291322, -71.264876, 50.037000, 2.836000, 2.710000, 3, 205
103492.277778, 2025-11-11T21:11:05.029Z, 42.291322, -71.264877, 50.025000, 2.836000, 2.850000, 3, 205
103547.888889, 2025-11-11T21:11:05.084Z, 42.291323, -71.264879, 50.003000, 2.788000, 2.850000, 3, 205
103603.500000, 2025-11-11T21:11:05.140Z, 42.291323, -71.264881, 50.002000, 2.732000, 2.800000, 3, 205
103659.111111, 2025-11-11T21:11:05.196Z, 42.291324, -71.264882, 50.010000, 2.679000, 2.750000, 3, 205
103714.722222, 2025-11-11T21:11:05.251Z, 42.291325, -71.264884, 50.027000, 2.637000, 2.690000, 3, 205
103770.333333, 2025-11-11T21:11:05.307Z, 42.291325, -71.264886, 50.043000, 2.599000, 2.650000, 3, 205
103825.944444, 2025-11-11T21:11:05.362Z, 42.291325, -71.264887, 50.082000, 2.569000, 2.610000, 3, 205
103881.555556, 2025-11-11T21:11:05.418Z, 42.291326, -71.264889, 50.127000, 2.537000, 2.580000, 3, 205
103937.166667, 2025-11-11T21:11:05.474Z, 42.291326, -71.264891, 50.185000, 2.547000, 2.550000, 3, 205
103992.777778, 2025-11-11T21:11:05.529Z, 42.291325, -71.264893, 50.238000, 2.566000, 2.560000, 3, 205
104048.388889, 2025-11-11T21:11:05.585Z, 42.291325, -71.264895, 50.282000, 2.562000, 2.580000, 3, 205
104104.000000, 2025-11-11T21:11:05.685Z, 42.291325, -71.264897, 50.332000, 2.556000, 2.570000, 3, 205
104159.611111, 2025-11-11T21:11:05.740Z, 42.291325, -71.264898, 50.401000, 2.535000, 2.570000, 3, 205
104215.222222, 2025-11-11T21:11:05.796Z, 42.291325, -71.264900, 50.454000, 2.484000, 2.540000, 3, 205
104270.833333, 2025-11-11T21:11:05.851Z, 42.291325, -71.264902, 50.460000, 2.556000, 2.490000, 3, 205
104326.444444, 2025-11-11T21:11:05.907Z, 42.291325, -71.264905, 50.436000, 2.711000, 2.570000, 3, 205
104382.055556, 2025-11-11T21:11:05.963Z, 42.291326, -71.264908, 50.444000, 2.851000, 2.720000, 3, 205
104437.666667, 2025-11-11T21:11:06.018Z, 42.291327, -71.264911, 50.394000, 2.986000, 2.860000, 3, 205
104493.277778, 2025-11-11T21:11:06.074Z, 42.291329, -71.264914, 50.327000, 3.132000, 2.990000, 3, 205
104548.888889, 2025-11-11T21:11:06.129Z, 42.291331, -71.264917, 50.223000, 3.318000, 3.140000, 3, 205
104604.500000, 2025-11-11T21:11:06.185Z, 42.291333, -71.264920, 50.135000, 3.385000, 3.330000, 3, 205
104660.111111, 2025-11-11T21:11:06.241Z, 42.291334, -71.264922, 50.140000, 3.400000, 3.400000, 3, 205
104715.722222, 2025-11-11T21:11:06.296Z, 42.291334, -71.264925, 50.131000, 3.403000, 3.410000, 3, 205
104771.333333, 2025-11-11T21:11:06.352Z, 42.291335, -71.264927, 50.161000, 3.400000, 3.410000, 3, 205
104826.944444, 2025-11-11T21:11:06.407Z, 42.291335, -71.264929, 50.192000, 3.315000, 3.410000, 3, 205
104882.555556, 2025-11-11T21:11:06.463Z, 42.291336, -71.264931, 50.228000, 3.245000, 3.330000, 3, 205
104938.166667, 2025-11-11T21:11:06.519Z, 42.291334, -71.264931, 50.343000, 2.985000, 3.250000, 3, 205
104993.777778, 2025-11-11T21:11:06.574Z, 42.291333, -71.264932, 50.285000, 2.826000, 2.990000, 3, 205
105049.388889, 2025-11-11T21:11:06.630Z, 42.291333, -71.264934, 50.324000, 2.834000, 2.840000, 3, 205
105105.000000, 2025-11-11T21:11:06.675Z, 42.291334, -71.264936, 50.369000, 2.855000, 2.840000, 3, 205
105155.050000, 2025-11-11T21:11:06.725Z, 42.291334, -71.264937, 50.429000, 2.797000, 2.860000, 3, 205
105205.100000, 2025-11-11T21:11:06.775Z, 42.291334, -71.264939, 50.456000, 2.702000, 2.810000, 3, 205
105255.150000, 2025-11-11T21:11:06.825Z, 42.291335, -71.264940, 50.469000, 2.614000, 2.710000, 3, 205
105305.200000, 2025-11-11T21:11:06.875Z, 42.291336, -71.264942, 50.480000, 2.603000, 2.620000, 3, 205
105355.250000, 2025-11-11T21:11:06.925Z, 42.291336, -71.264943, 50.477000, 2.581000, 2.610000, 3, 205
105405.300000, 2025-11-11T21:11:06.975Z, 42.291337, -71.264945, 50.497000, 2.592000, 2.590000, 3, 205
105455.350000, 2025-11-11T21:11:07.025Z, 42.291338, -71.264947, 50.500000, 2.677000, 2.600000, 3, 205
105505.400000, 2025-11-11T21:11:07.075Z, 42.291338, -71.264949, 50.520000, 2.659000, 2.690000, 3, 205
105555.450000, 2025-11-11T21:11:07.125Z, 42.291339, -71.264951, 50.552000, 2.645000, 2.670000, 3, 205
105605.500000, 2025-11-11T21:11:07.175Z, 42.291339, -71.264953, 50.588000, 2.663000, 2.650000, 3, 205
105655.550000, 2025-11-11T21:11:07.225Z, 42.291339, -71.264954, 50.655000, 2.611000, 2.670000, 3, 205
105705.600000, 2025-11-11T21:11:07.275Z, 42.291339, -71.264956, 50.723000, 2.649000, 2.620000, 3, 205
105755.650000, 2025-11-11T21:11:07.325Z, 42.291340, -71.264958, 50.774000, 2.650000, 2.650000, 3, 205
105805.700000, 2025-11-11T21:11:07.375Z, 42.291340, -71.264959, 50.788000, 2.549000, 2.660000, 3, 205
105855.750000, 2025-11-11T21:11:07.425Z, 42.291340, -71.264960, 50.727000, 2.408000, 2.550000, 3, 205
105905.800000, 2025-11-11T21:11:07.475Z, 42.291341, -71.264962, 50.728000, 2.418000, 2.410000, 3, 205
105955.850000, 2025-11-11T21:11:07.525Z, 42.291341, -71.264963, 50.786000, 2.422000, 2.420000, 3, 205
106005.900000, 2025-11-11T21:11:07.575Z, 42.291341, -71.264966, 50.813000, 2.453000, 2.430000, 3, 205
106055.950000, 2025-11-11T21:11:07.625Z, 42.291342, -71.264968, 50.782000, 2.494000, 2.460000, 3, 205
106106.000000, 2025-11-11T21:11:07.665Z, 42.291343, -71.264970, 50.792000, 2.614000, 2.500000, 3, 186
106164.882353, 2025-11-11T21:11:07.723Z, 42.291344, -71.264972, 50.709000, 2.698000, 2.620000, 3, 186
106223.764706, 2025-11-11T21:11:07.782Z, 42.291345, -71.264974, 50.784000, 2.709000, 2.700000, 3, 186
106282.647059, 2025-11-11T21:11:07.841Z, 42.291345, -71.264975, 50.804000, 2.539000, 2.710000, 3, 186
106341.529412, 2025-11-11T21:11:07.900Z, 42.291345, -71.264977, 50.811000, 2.539000, 2.550000, 3, 186
106400.411765, 2025-11-11T21:11:07.959Z, 42.291346, -71.264979, 50.888000, 2.656000, 2.540000, 3, 186
106459.294118, 2025-11-11T21:11:08.018Z, 42.291346, -71.264980, 50.880000, 2.565000, 2.660000, 3, 186
106518.176471, 2025-11-11T21:11:08.077Z, 42.291346, -71.264983, 50.839000, 2.581000, 2.570000, 3, 186
106577.058824, 2025-11-11T21:11:08.136Z, 42.291346, -71.264985, 50.789000, 2.596000, 2.590000, 3, 186
106635.941176, 2025-11-11T21:11:08.194Z, 42.291347, -71.264987, 50.784000, 2.666000, 2.600000, 3, 186
106694.823529, 2025-11-11T21:11:08.253Z, 42.291348, -71.264989, 50.709000, 2.767000, 2.670000, 3, 186
106753.705882, 2025-11-11T21:11:08.312Z, 42.291349, -71.264991, 50.725000, 2.830000, 2.770000, 3, 186
106812.588235, 2025-11-11T21:11:08.371Z, 42.291351, -71.264993, 50.643000, 2.938000, 2.840000, 3, 186
106871.470588, 2025-11-11T21:11:08.430Z, 42.291352, -71.264996, 50.480000, 3.083000, 2.940000, 3, 186
106930.352941, 2025-11-11T21:11:08.489Z, 42.291353, -71.264998, 50.467000, 3.055000, 3.090000, 3, 186
106989.235294, 2025-11-11T21:11:08.548Z, 42.291353, -71.265000, 50.321000, 2.928000, 3.060000, 3, 186
107048.117647, 2025-11-11T21:11:08.607Z, 42.291354, -71.265001, 50.214000, 2.898000, 2.940000, 3, 186
107107.000000, 2025-11-11T21:11:08.655Z, 42.291354, -71.265003, 50.086000, 2.851000, 2.910000, 3, 186
107162.611111, 2025-11-11T21:11:08.710Z, 42.291355, -71.265006, 49.842000, 2.817000, 2.860000, 3, 186
107218.222222, 2025-11-11T21:11:08.766Z, 42.291356, -71.265009, 49.582000, 2.977000, 2.830000, 3, 186
107273.833333, 2025-11-11T21:11:08.821Z, 42.291356, -71.265011, 49.516000, 2.968000, 3.000000, 3, 186
107329.444444, 2025-11-11T21:11:08.877Z, 42.291357, -71.265013, 49.483000, 2.966000, 2.990000, 3, 186
107385.055556, 2025-11-11T21:11:08.933Z, 42.291357, -71.265014, 49.491000, 2.872000, 2.990000, 3, 186
107440.666667, 2025-11-11T21:11:08.988Z, 42.291358, -71.265017, 49.408000, 2.853000, 2.890000, 3, 186
107496.277778, 2025-11-11T21:11:09.044Z, 42.291358, -71.265018, 49.336000, 2.796000, 2.880000, 3, 186
107551.888889, 2025-11-11T21:11:09.099Z, 42.291358, -71.265021, 49.196000, 2.798000, 2.820000, 3, 186
107607.500000, 2025-11-11T21:11:09.155Z, 42.291358, -71.265023, 49.365000, 2.837000, 2.830000, 3, 186
107663.111111, 2025-11-11T21:11:09.211Z, 42.291358, -71.265025, 49.326000, 2.874000, 2.860000, 3, 186
107718.722222, 2025-11-11T21:11:09.266Z, 42.291359, -71.265028, 49.302000, 2.896000, 2.900000, 3, 186
107774.333333, 2025-11-11T21:11:09.322Z, 42.291359, -71.265029, 49.333000, 2.737000, 2.920000, 3, 186
107829.944444, 2025-11-11T21:11:09.377Z, 42.291359, -71.265031, 49.294000, 2.769000, 2.760000, 3, 186
107885.555556, 2025-11-11T21:11:09.433Z, 42.291360, -71.265034, 49.210000, 2.922000, 2.800000, 3, 186
107941.166667, 2025-11-11T21:11:09.489Z, 42.291360, -71.265035, 49.264000, 2.825000, 2.950000, 3, 186
107996.777778, 2025-11-11T21:11:09.544Z, 42.291361, -71.265037, 49.191000, 2.805000, 2.850000, 3, 186
108052.388889, 2025-11-11T21:11:09.600Z, 42.291361, -71.265039, 49.093000, 2.671000, 2.830000, 3, 186
108108.000000, 2025-11-11T21:11:09.645Z, 42.291362, -71.265041, 48.932000, 2.607000, 2.700000, 3, 186
108163.611111, 2025-11-11T21:11:09.700Z, 42.291362, -71.265043, 48.844000, 2.647000, 2.640000, 3, 186
108219.222222, 2025-11-11T21:11:09.756Z, 42.291362, -71.265045, 48.785000, 2.597000, 2.690000, 3, 186
108274.833333, 2025-11-11T21:11:09.811Z, 42.291362, -71.265047, 48.676000, 2.610000, 2.640000, 3, 186
108330.444444, 2025-11-11T21:11:09.867Z, 42.291362, -71.265049, 48.596000, 2.552000, 2.660000, 3, 186
108386.055556, 2025-11-11T21:11:09.923Z, 42.291362, -71.265051, 48.517000, 2.507000, 2.600000, 3, 186
108441.666667, 2025-11-11T21:11:09.978Z, 42.291363, -71.265053, 48.352000, 2.618000, 2.560000, 3, 186
108497.277778, 2025-11-11T21:11:10.034Z, 42.291364, -71.265055, 48.221000, 2.785000, 2.680000, 3, 186
108552.888889, 2025-11-11T21:11:10.089Z, 42.291365, -71.265056, 48.175000, 2.769000, 2.840000, 3, 186
108608.500000, 2025-11-11T21:11:10.145Z, 42.291366, -71.265058, 48.057000, 2.752000, 2.830000, 3, 186
108664.111111, 2025-11-11T21:11:10.201Z, 42.291366, -71.265060, 48.009000, 2.781000, 2.810000, 3, 186
108719.722222, 2025-11-11T21:11:10.256Z, 42.291367, -71.265062, 48.044000, 2.785000, 2.840000, 3, 186
108775.333333, 2025-11-11T21:11:10.312Z, 42.291367, -71.265064, 48.103000, 2.851000, 2.840000, 3, 186
108830.944444, 2025-11-11T21:11:10.367Z, 42.291368, -71.265066, 48.125000, 2.888000, 2.910000, 3, 186
108886.555556, 2025-11-11T21:11:10.423Z, 42.291369, -71.265068, 48.077000, 2.848000, 2.940000, 3, 186
108942.166667, 2025-11-11T21:11:10.479Z, 42.291370, -71.265070, 47.996000, 2.818000, 2.900000, 3, 186
108997.777778, 2025-11-11T21:11:10.534Z, 42.291370, -71.265072, 48.009000, 2.847000, 2.870000, 3, 186
109053.388889, 2025-11-11T21:11:10.590Z, 42.291371, -71.265073, 48.033000, 2.865000, 2.900000, 3, 186
109109.000000, 2025-11-11T21:11:10.635Z, 42.291372, -71.265076, 48.075000, 2.951000, 2.920000, 3, 186
109161.684211, 2025-11-11T21:11:10.687Z, 42.291372, -71.265077, 48.071000, 2.877000, 3.000000, 3, 186
109214.368421, 2025-11-11T21:11:10.740Z, 42.291373, -71.265079, 48.059000, 2.812000, 2.930000, 3, 186
109267.052632, 2025-11-11T21:11:10.793Z, 42.291373, -71.265081, 48.021000, 2.775000, 2.860000, 3, 186
109319.736842, 2025-11-11T21:11:10.845Z, 42.291374, -71.265083, 47.911000, 2.811000, 2.830000, 3, 186
109372.421053, 2025-11-11T21:11:10.898Z, 42.291374, -71.265085, 47.873000, 2.758000, 2.870000, 3, 186
109425.105263, 2025-11-11T21:11:10.951Z, 42.291374, -71.265086, 47.901000, 2.594000, 2.810000, 3, 186
109477.789474, 2025-11-11T21:11:11.003Z, 42.291375, -71.265089, 47.824000, 2.664000, 2.650000, 3, 186
109530.473684, 2025-11-11T21:11:11.056Z, 42.291376, -71.265091, 47.745000, 2.759000, 2.720000, 3, 186
109583.157895, 2025-11-11T21:11:11.109Z, 42.291376, -71.265093, 47.716000, 2.836000, 2.820000, 3, 186
109635.842105, 2025-11-11T21:11:11.161Z, 42.291378, -71.265096, 47.592000, 2.964000, 2.890000, 3, 186
109688.526316, 2025-11-11T21:11:11.214Z, 42.291378, -71.265097, 47.456000, 2.899000, 3.020000, 3, 186
109741.210526, 2025-11-11T21:11:11.267Z, 42.291379, -71.265099, 47.481000, 2.806000, 2.960000, 3, 186
109793.894737, 2025-11-11T21:11:11.319Z, 42.291379, -71.265101, 47.447000, 2.811000, 2.870000, 3, 186
109846.578947, 2025-11-11T21:11:11.372Z, 42.291380, -71.265103, 47.436000, 2.876000, 2.870000, 3, 186
109899.263158, 2025-11-11T21:11:11.425Z, 42.291381, -71.265105, 47.412000, 2.907000, 2.930000, 3, 186
109951.947368, 2025-11-11T21:11:11.477Z, 42.291381, -71.265107, 47.403000, 2.881000, 2.960000, 3, 186
110004.631579, 2025-11-11T21:11:11.530Z, 42.291382, -71.265109, 47.304000, 2.963000, 2.940000, 3, 186
110057.315789, 2025-11-11T21:11:11.583Z, 42.291383, -71.265112, 47.357000, 2.990000, 3.020000, 3, 186
110110.000000, 2025-11-11T21:11:11.625Z, 42.291384, -71.265113, 47.350000, 3.034000, 3.040000, 3, 186
110165.611111, 2025-11-11T21:11:11.680Z, 42.291385, -71.265115, 47.402000, 3.010000, 3.080000, 3, 186
110221.222222, 2025-11-11T21:11:11.736Z, 42.291385, -71.265117, 47.342000, 2.802000, 3.060000, 3, 186
110276.833333, 2025-11-11T21:11:11.791Z, 42.291385, -71.265119, 47.218000, 2.816000, 2.860000, 3, 186
110332.444444, 2025-11-11T21:11:11.847Z, 42.291386, -71.265121, 47.246000, 2.674000, 2.870000, 3, 186
110388.055556, 2025-11-11T21:11:11.903Z, 42.291387, -71.265122, 47.233000, 2.734000, 2.730000, 3, 186
110443.666667, 2025-11-11T21:11:11.958Z, 42.291388, -71.265124, 47.174000, 2.786000, 2.790000, 3, 186
110499.277778, 2025-11-11T21:11:12.014Z, 42.291388, -71.265126, 47.138000, 2.681000, 2.840000, 3, 186
110554.888889, 2025-11-11T21:11:12.069Z, 42.291389, -71.265129, 47.064000, 2.718000, 2.740000, 3, 186
110610.500000, 2025-11-11T21:11:12.125Z, 42.291390, -71.265131, 47.111000, 2.900000, 2.780000, 3, 186
110666.111111, 2025-11-11T21:11:12.181Z, 42.291391, -71.265133, 47.012000, 2.991000, 2.950000, 3, 186
110721.722222, 2025-11-11T21:11:12.236Z, 42.291392, -71.265135, 46.863000, 2.967000, 3.040000, 3, 186
110777.333333, 2025-11-11T21:11:12.292Z, 42.291392, -71.265137, 46.765000, 2.830000, 3.020000, 3, 186
110832.944444, 2025-11-11T21:11:12.347Z, 42.291392, -71.265139, 46.512000, 2.567000, 2.890000, 3, 186
110888.555556, 2025-11-11T21:11:12.403Z, 42.291392, -71.265141, 46.460000, 2.545000, 2.640000, 3, 186
110944.166667, 2025-11-11T21:11:12.459Z, 42.291393, -71.265143, 46.405000, 2.550000, 2.620000, 3, 186
110999.777778, 2025-11-11T21:11:12.514Z, 42.291393, -71.265145, 46.355000, 2.563000, 2.620000, 3, 186
111055.388889, 2025-11-11T21:11:12.570Z, 42.291394, -71.265147, 46.300000, 2.573000, 2.640000, 3, 186
111111.000000, 2025-11-11T21:11:12.615Z, 42.291395, -71.265149, 46.272000, 2.685000, 2.650000, 3, 186
111166.611111, 2025-11-11T21:11:12.670Z, 42.291396, -71.265151, 46.163000, 2.863000, 2.750000, 3, 186
111222.222222, 2025-11-11T21:11:12.726Z, 42.291397, -71.265153, 46.147000, 2.870000, 2.930000, 3, 186
111277.833333, 2025-11-11T21:11:12.781Z, 42.291397, -71.265154, 45.932000, 2.684000, 2.940000, 3, 186
111333.444444, 2025-11-11T21:11:12.837Z, 42.291397, -71.265156, 45.903000, 2.671000, 2.760000, 3, 186
111389.055556, 2025-11-11T21:11:12.893Z, 42.291398, -71.265158, 45.882000, 2.663000, 2.750000, 3, 186
111444.666667, 2025-11-11T21:11:12.948Z, 42.291399, -71.265160, 45.855000, 2.768000, 2.740000, 3, 186
111500.277778, 2025-11-11T21:11:13.004Z, 42.291401, -71.265163, 45.919000, 2.938000, 2.840000, 3, 186
111555.888889, 2025-11-11T21:11:13.059Z, 42.291401, -71.265165, 45.925000, 2.898000, 3.000000, 3, 186
111611.500000, 2025-11-11T21:11:13.115Z, 42.291402, -71.265167, 45.923000, 2.776000, 2.960000, 3, 186
111667.111111, 2025-11-11T21:11:13.171Z, 42.291402, -71.265169, 45.921000, 2.743000, 2.840000, 3, 186
111722.722222, 2025-11-11T21:11:13.226Z, 42.291403, -71.265171, 45.875000, 2.927000, 2.810000, 3, 186
111778.333333, 2025-11-11T21:11:13.282Z, 42.291404, -71.265174, 45.812000, 3.066000, 2.990000, 3, 186
111833.944444, 2025-11-11T21:11:13.337Z, 42.291405, -71.265176, 45.724000, 3.132000, 3.120000, 3, 186
111889.555556, 2025-11-11T21:11:13.393Z, 42.291406, -71.265179, 45.653000, 3.056000, 3.190000, 3, 186
111945.166667, 2025-11-11T21:11:13.449Z, 42.291407, -71.265181, 45.557000, 2.999000, 3.120000, 3, 186
112000.777778, 2025-11-11T21:11:13.504Z, 42.291407, -71.265183, 45.565000, 2.933000, 3.060000, 3, 186
112056.388889, 2025-11-11T21:11:13.560Z, 42.291408, -71.265186, 45.693000, 3.095000, 3.000000, 3, 186
112112.000000, 2025-11-11T21:11:13.660Z, 42.291409, -71.265188, 45.648000, 3.236000, 3.150000, 3, 206
112167.611111, 2025-11-11T21:11:13.715Z, 42.291410, -71.265190, 45.588000, 3.190000, 3.290000, 3, 206
112223.222222, 2025-11-11T21:11:13.771Z, 42.291410, -71.265191, 45.672000, 2.966000, 3.240000, 3, 206
112278.833333, 2025-11-11T21:11:13.826Z, 42.291411, -71.265193, 45.691000, 3.001000, 3.020000, 3, 206
112334.444444, 2025-11-11T21:11:13.882Z, 42.291413, -71.265195, 45.726000, 3.126000, 3.050000, 3, 206
112390.055556, 2025-11-11T21:11:13.938Z, 42.291414, -71.265197, 45.669000, 3.119000, 3.170000, 3, 206
112445.666667, 2025-11-11T21:11:13.993Z, 42.291414, -71.265199, 45.569000, 2.988000, 3.170000, 3, 206
112501.277778, 2025-11-11T21:11:14.049Z, 42.291415, -71.265200, 45.374000, 2.912000, 3.040000, 3, 206
112556.888889, 2025-11-11T21:11:14.104Z, 42.291415, -71.265202, 45.235000, 2.879000, 2.970000, 3, 206
112612.500000, 2025-11-11T21:11:14.160Z, 42.291416, -71.265203, 45.135000, 2.855000, 2.940000, 3, 206
112668.111111, 2025-11-11T21:11:14.216Z, 42.291417, -71.265205, 45.034000, 2.839000, 2.920000, 3, 206
112723.722222, 2025-11-11T21:11:14.271Z, 42.291418, -71.265207, 44.950000, 2.819000, 2.910000, 3, 206
112779.333333, 2025-11-11T21:11:14.327Z, 42.291418, -71.265209, 44.929000, 2.683000, 2.890000, 3, 206
112834.944444, 2025-11-11T21:11:14.382Z, 42.291419, -71.265211, 44.848000, 2.743000, 2.760000, 3, 206
112890.555556, 2025-11-11T21:11:14.438Z, 42.291420, -71.265214, 44.775000, 2.826000, 2.820000, 3, 206
112946.166667, 2025-11-11T21:11:14.494Z, 42.291420, -71.265217, 44.652000, 3.044000, 2.900000, 3, 206
113001.777778, 2025-11-11T21:11:14.549Z, 42.291421, -71.265219, 44.605000, 3.048000, 3.120000, 3, 206
113057.388889, 2025-11-11T21:11:14.605Z, 42.291422, -71.265221, 44.585000, 3.109000, 3.120000, 3, 206
113113.000000, 2025-11-11T21:11:14.650Z, 42.291424, -71.265223, 44.541000, 3.165000, 3.180000, 3, 186
113165.684211, 2025-11-11T21:11:14.702Z, 42.291425, -71.265225, 44.494000, 3.173000, 3.240000, 3, 186
113218.368421, 2025-11-11T21:11:14.755Z, 42.291426, -71.265228, 44.422000, 3.227000, 3.240000, 3, 186
113271.052632, 2025-11-11T21:11:14.808Z, 42.291427, -71.265230, 44.295000, 3.291000, 3.300000, 3, 186
113323.736842, 2025-11-11T21:11:14.860Z, 42.291428, -71.265233, 44.201000, 3.394000, 3.360000, 3, 186
113376.421053, 2025-11-11T21:11:14.913Z, 42.291429, -71.265235, 44.068000, 3.332000, 3.470000, 3, 186
113429.105263, 2025-11-11T21:11:14.966Z, 42.291430, -71.265236, 43.973000, 3.264000, 3.410000, 3, 186
113481.789474, 2025-11-11T21:11:15.018Z, 42.291432, -71.265238, 43.945000, 3.359000, 3.340000, 3, 186
113534.473684, 2025-11-11T21:11:15.071Z, 42.291433, -71.265241, 44.140000, 3.412000, 3.430000, 3, 186
113587.157895, 2025-11-11T21:11:15.124Z, 42.291434, -71.265242, 44.126000, 3.254000, 3.480000, 3, 186
113639.842105, 2025-11-11T21:11:15.176Z, 42.291435, -71.265244, 44.078000, 3.181000, 3.320000, 3, 186
113692.526316, 2025-11-11T21:11:15.229Z, 42.291436, -71.265246, 44.017000, 3.232000, 3.250000, 3, 186
113745.210526, 2025-11-11T21:11:15.282Z, 42.291437, -71.265248, 43.990000, 3.174000, 3.300000, 3, 186
113797.894737, 2025-11-11T21:11:15.334Z, 42.291438, -71.265249, 43.913000, 3.032000, 3.240000, 3, 186
113850.578947, 2025-11-11T21:11:15.387Z, 42.291439, -71.265250, 43.785000, 2.880000, 3.110000, 3, 186
113903.263158, 2025-11-11T21:11:15.440Z, 42.291440, -71.265251, 43.697000, 2.876000, 2.960000, 3, 186
113955.947368, 2025-11-11T21:11:15.492Z, 42.291441, -71.265253, 43.621000, 2.849000, 2.960000, 3, 186
114008.631579, 2025-11-11T21:11:15.545Z, 42.291442, -71.265254, 43.487000, 2.741000, 2.940000, 3, 186
114061.315789, 2025-11-11T21:11:15.598Z, 42.291443, -71.265254, 43.460000, 2.605000, 2.830000, 3, 186
114114.000000, 2025-11-11T21:11:15.695Z, 42.291443, -71.265255, 43.446000, 2.427000, 2.700000, 3, 186
114169.611111, 2025-11-11T21:11:15.750Z, 42.291444, -71.265255, 43.574000, 2.290000, 2.530000, 3, 186
114225.222222, 2025-11-11T21:11:15.806Z, 42.291445, -71.265256, 43.632000, 2.344000, 2.390000, 3, 186
114280.833333, 2025-11-11T21:11:15.861Z, 42.291447, -71.265258, 43.625000, 2.498000, 2.440000, 3, 186
114336.444444, 2025-11-11T21:11:15.917Z, 42.291448, -71.265259, 43.641000, 2.589000, 2.590000, 3, 186
114392.055556, 2025-11-11T21:11:15.973Z, 42.291449, -71.265260, 43.603000, 2.539000, 2.670000, 3, 186
114447.666667, 2025-11-11T21:11:16.028Z, 42.291450, -71.265262, 43.588000, 2.537000, 2.620000, 3, 186
114503.277778, 2025-11-11T21:11:16.084Z, 42.291452, -71.265263, 43.572000, 2.660000, 2.620000, 3, 186
114558.888889, 2025-11-11T21:11:16.139Z, 42.291454, -71.265265, 43.508000, 2.903000, 2.740000, 3, 186
114614.500000, 2025-11-11T21:11:16.195Z, 42.291455, -71.265266, 43.528000, 2.887000, 2.980000, 3, 186
114670.111111, 2025-11-11T21:11:16.251Z, 42.291456, -71.265268, 43.555000, 2.863000, 2.960000, 3, 186
114725.722222, 2025-11-11T21:11:16.306Z, 42.291456, -71.265270, 43.619000, 2.657000, 2.930000, 3, 186
114781.333333, 2025-11-11T21:11:16.362Z, 42.291456, -71.265273, 43.525000, 2.726000, 2.730000, 3, 186
114836.944444, 2025-11-11T21:11:16.417Z, 42.291457, -71.265276, 43.414000, 2.776000, 2.800000, 3, 186
114892.555556, 2025-11-11T21:11:16.473Z, 42.291457, -71.265277, 43.280000, 2.777000, 2.850000, 3, 186
114948.166667, 2025-11-11T21:11:16.529Z, 42.291458, -71.265280, 43.152000, 2.789000, 2.860000, 3, 186
115003.777778, 2025-11-11T21:11:16.584Z, 42.291459, -71.265281, 43.162000, 2.832000, 2.870000, 3, 186
115059.388889, 2025-11-11T21:11:16.640Z, 42.291460, -71.265283, 43.243000, 2.882000, 2.910000, 3, 186
115115.000000, 2025-11-11T21:11:16.630Z, 42.291461, -71.265285, 43.281000, 2.897000, 2.960000, 3, 186
115170.611111, 2025-11-11T21:11:16.685Z, 42.291462, -71.265286, 43.232000, 2.841000, 2.970000, 3, 186
115226.222222, 2025-11-11T21:11:16.741Z, 42.291463, -71.265288, 43.170000, 2.821000, 2.920000, 3, 186
115281.833333, 2025-11-11T21:11:16.796Z, 42.291464, -71.265289, 43.095000, 2.764000, 2.900000, 3, 186
115337.444444, 2025-11-11T21:11:16.852Z, 42.291465, -71.265291, 43.041000, 2.739000, 2.850000, 3, 186
115393.055556, 2025-11-11T21:11:16.908Z, 42.291465, -71.265293, 42.992000, 2.732000, 2.820000, 3, 186
115448.666667, 2025-11-11T21:11:16.963Z, 42.291466, -71.265295, 43.005000, 2.711000, 2.820000, 3, 186
115504.277778, 2025-11-11T21:11:17.019Z, 42.291466, -71.265297, 42.994000, 2.660000, 2.790000, 3, 186
115559.888889, 2025-11-11T21:11:17.074Z, 42.291467, -71.265299, 42.842000, 2.632000, 2.740000, 3, 186
115615.500000, 2025-11-11T21:11:17.130Z, 42.291468, -71.265300, 42.789000, 2.644000, 2.720000, 3, 186
115671.111111, 2025-11-11T21:11:17.186Z, 42.291469, -71.265302, 42.746000, 2.667000, 2.740000, 3, 186
115726.722222, 2025-11-11T21:11:17.241Z, 42.291470, -71.265303, 42.812000, 2.622000, 2.760000, 3, 186
115782.333333, 2025-11-11T21:11:17.297Z, 42.291471, -71.265305, 42.889000, 2.652000, 2.710000, 3, 186
115837.944444, 2025-11-11T21:11:17.352Z, 42.291472, -71.265307, 42.931000, 2.714000, 2.730000, 3, 186
115893.555556, 2025-11-11T21:11:17.408Z, 42.291473, -71.265309, 42.992000, 2.796000, 2.790000, 3, 186
115949.166667, 2025-11-11T21:11:17.464Z, 42.291474, -71.265311, 43.006000, 2.734000, 2.870000, 3, 186
116004.777778, 2025-11-11T21:11:17.519Z, 42.291475, -71.265312, 43.006000, 2.714000, 2.810000, 3, 186
116060.388889, 2025-11-11T21:11:17.575Z, 42.291477, -71.265314, 42.938000, 2.817000, 2.780000, 3, 186
116116.000000, 2025-11-11T21:11:17.620Z, 42.291478, -71.265315, 42.942000, 2.848000, 2.890000, 3, 164
116171.611111, 2025-11-11T21:11:17.675Z, 42.291480, -71.265317, 42.922000, 2.936000, 2.920000, 3, 164
116227.222222, 2025-11-11T21:11:17.731Z, 42.291481, -71.265319, 43.035000, 2.897000, 3.000000, 3, 164
116282.833333, 2025-11-11T21:11:17.786Z, 42.291483, -71.265320, 43.177000, 2.937000, 2.960000, 3, 164
116338.444444, 2025-11-11T21:11:17.842Z, 42.291484, -71.265321, 43.133000, 2.945000, 2.990000, 3, 164
116394.055556, 2025-11-11T21:11:17.898Z, 42.291485, -71.265323, 43.036000, 2.862000, 3.000000, 3, 164
116449.666667, 2025-11-11T21:11:17.953Z, 42.291486, -71.265324, 42.980000, 2.839000, 2.920000, 3, 164
116505.277778, 2025-11-11T21:11:18.009Z, 42.291487, -71.265326, 42.886000, 2.848000, 2.900000, 3, 164
116560.888889, 2025-11-11T21:11:18.064Z, 42.291487, -71.265328, 42.772000, 2.864000, 2.910000, 3, 164
116616.500000, 2025-11-11T21:11:18.120Z, 42.291488, -71.265330, 42.751000, 2.769000, 2.930000, 3, 164
116672.111111, 2025-11-11T21:11:18.176Z, 42.291488, -71.265331, 42.801000, 2.725000, 2.840000, 3, 164
116727.722222, 2025-11-11T21:11:18.231Z, 42.291489, -71.265333, 42.807000, 2.738000, 2.790000, 3, 164
116783.333333, 2025-11-11T21:11:18.287Z, 42.291490, -71.265335, 42.721000, 2.761000, 2.800000, 3, 164
116838.944444, 2025-11-11T21:11:18.342Z, 42.291491, -71.265336, 42.684000, 2.734000, 2.830000, 3, 164
116894.555556, 2025-11-11T21:11:18.398Z, 42.291493, -71.265338, 42.585000, 2.847000, 2.800000, 3, 164
116950.166667, 2025-11-11T21:11:18.454Z, 42.291495, -71.265340, 42.521000, 2.881000, 2.920000, 3, 164
117005.777778, 2025-11-11T21:11:18.509Z, 42.291496, -71.265342, 42.450000, 2.895000, 2.950000, 3, 164
117061.388889, 2025-11-11T21:11:18.565Z, 42.291497, -71.265343, 42.377000, 2.857000, 2.960000, 3, 164
117117.000000, 2025-11-11T21:11:18.665Z, 42.291498, -71.265345, 42.343000, 2.781000, 2.930000, 3, 164
117172.611111, 2025-11-11T21:11:18.720Z, 42.291499, -71.265347, 42.279000, 2.753000, 2.850000, 3, 164
117228.222222, 2025-11-11T21:11:18.776Z, 42.291501, -71.265348, 42.232000, 2.792000, 2.830000, 3, 164
117283.833333, 2025-11-11T21:11:18.831Z, 42.291502, -71.265350, 42.235000, 2.842000, 2.860000, 3, 164
117339.444444, 2025-11-11T21:11:18.887Z, 42.291504, -71.265351, 42.257000, 2.862000, 2.910000, 3, 164
117395.055556, 2025-11-11T21:11:18.943Z, 42.291505, -71.265353, 42.267000, 2.815000, 2.930000, 3, 164
117450.666667, 2025-11-11T21:11:18.998Z, 42.291507, -71.265354, 42.268000, 2.787000, 2.880000, 3, 164
117506.277778, 2025-11-11T21:11:19.054Z, 42.291508, -71.265356, 42.273000, 2.760000, 2.850000, 3, 164
117561.888889, 2025-11-11T21:11:19.109Z, 42.291509, -71.265357, 42.268000, 2.762000, 2.820000, 3, 164
117617.500000, 2025-11-11T21:11:19.165Z, 42.291510, -71.265359, 42.261000, 2.802000, 2.820000, 3, 164
117673.111111, 2025-11-11T21:11:19.221Z, 42.291512, -71.265361, 42.258000, 2.813000, 2.860000, 3, 164
117728.722222, 2025-11-11T21:11:19.276Z, 42.291513, -71.265363, 42.311000, 2.810000, 2.870000, 3, 164
117784.333333, 2025-11-11T21:11:19.332Z, 42.291514, -71.265364, 42.341000, 2.724000, 2.860000, 3, 164
117839.944444, 2025-11-11T21:11:19.387Z, 42.291514, -71.265366, 42.401000, 2.525000, 2.770000, 3, 164
117895.555556, 2025-11-11T21:11:19.443Z, 42.291516, -71.265367, 42.378000, 2.555000, 2.580000, 3, 164
117951.166667, 2025-11-11T21:11:19.499Z, 42.291516, -71.265369, 42.435000, 2.463000, 2.600000, 3, 164
118006.777778, 2025-11-11T21:11:19.554Z, 42.291517, -71.265371, 42.478000, 2.478000, 2.510000, 3, 164
118062.388889, 2025-11-11T21:11:19.610Z, 42.291518, -71.265372, 42.555000, 2.378000, 2.520000, 3, 164
118118.000000, 2025-11-11T21:11:19.655Z, 42.291519, -71.265373, 42.595000, 2.277000, 2.420000, 3, 164
118173.611111, 2025-11-11T21:11:19.710Z, 42.291520, -71.265374, 42.621000, 2.302000, 2.320000, 3, 164
118229.222222, 2025-11-11T21:11:19.766Z, 42.291521, -71.265376, 42.650000, 2.337000, 2.340000, 3, 164
118284.833333, 2025-11-11T21:11:19.821Z, 42.291522, -71.265377, 42.627000, 2.341000, 2.380000, 3, 164
118340.444444, 2025-11-11T21:11:19.877Z, 42.291523, -71.265378, 42.631000, 2.342000, 2.380000, 3, 164
118396.055556, 2025-11-11T21:11:19.933Z, 42.291525, -71.265380, 42.712000, 2.459000, 2.380000, 3, 164
118451.666667, 2025-11-11T21:11:19.988Z, 42.291526, -71.265381, 42.747000, 2.562000, 2.490000, 3, 164
118507.277778, 2025-11-11T21:11:20.044Z, 42.291528, -71.265383, 42.753000, 2.602000, 2.590000, 3, 164
118562.888889, 2025-11-11T21:11:20.099Z, 42.291528, -71.265385, 42.613000, 2.595000, 2.630000, 3, 164
118618.500000, 2025-11-11T21:11:20.155Z, 42.291529, -71.265388, 42.434000, 2.597000, 2.630000, 3, 164
118674.111111, 2025-11-11T21:11:20.211Z, 42.291530, -71.265390, 42.347000, 2.602000, 2.630000, 3, 164
118729.722222, 2025-11-11T21:11:20.266Z, 42.291531, -71.265391, 42.414000, 2.674000, 2.640000, 3, 164
118785.333333, 2025-11-11T21:11:20.322Z, 42.291533, -71.265393, 42.455000, 2.736000, 2.710000, 3, 164
118840.944444, 2025-11-11T21:11:20.377Z, 42.291533, -71.265395, 42.404000, 2.721000, 2.770000, 3, 164
118896.555556, 2025-11-11T21:11:20.433Z, 42.291535, -71.265396, 42.355000, 2.736000, 2.750000, 3, 164
118952.166667, 2025-11-11T21:11:20.489Z, 42.291536, -71.265398, 42.400000, 2.744000, 2.770000, 3, 164
119007.777778, 2025-11-11T21:11:20.544Z, 42.291537, -71.265400, 42.355000, 2.818000, 2.770000, 3, 164
119063.388889, 2025-11-11T21:11:20.600Z, 42.291538, -71.265401, 42.390000, 2.911000, 2.850000, 3, 164
119119.000000, 2025-11-11T21:11:20.645Z, 42.291539, -71.265403, 42.479000, 2.965000, 2.940000, 3, 164
119171.684211, 2025-11-11T21:11:20.697Z, 42.291541, -71.265405, 42.502000, 2.995000, 2.990000, 3, 164
119224.368421, 2025-11-11T21:11:20.750Z, 42.291542, -71.265406, 42.533000, 2.889000, 3.020000, 3, 164
119277.052632, 2025-11-11T21:11:20.803Z, 42.291543, -71.265407, 42.572000, 2.930000, 2.910000, 3, 164
119329.736842, 2025-11-11T21:11:20.855Z, 42.291545, -71.265409, 42.628000, 3.063000, 2.950000, 3, 164
119382.421053, 2025-11-11T21:11:20.908Z, 42.291546, -71.265411, 42.663000, 3.069000, 3.080000, 3, 164
119435.105263, 2025-11-11T21:11:20.961Z, 42.291547, -71.265413, 42.610000, 3.035000, 3.090000, 3, 164
119487.789474, 2025-11-11T21:11:21.013Z, 42.291548, -71.265414, 42.575000, 3.047000, 3.060000, 3, 164
119540.473684, 2025-11-11T21:11:21.066Z, 42.291549, -71.265416, 42.596000, 3.049000, 3.070000, 3, 164
119593.157895, 2025-11-11T21:11:21.119Z, 42.291551, -71.265417, 42.637000, 3.129000, 3.070000, 3, 164
119645.842105, 2025-11-11T21:11:21.171Z, 42.291552, -71.265418, 42.706000, 3.108000, 3.150000, 3, 164
119698.526316, 2025-11-11T21:11:21.224Z, 42.291553, -71.265419, 42.721000, 2.964000, 3.130000, 3, 164
119751.210526, 2025-11-11T21:11:21.277Z, 42.291554, -71.265421, 42.660000, 2.869000, 2.980000, 3, 164
119803.894737, 2025-11-11T21:11:21.329Z, 42.291555, -71.265422, 42.706000, 2.807000, 2.890000, 3, 164
119856.578947, 2025-11-11T21:11:21.382Z, 42.291557, -71.265423, 42.723000, 2.852000, 2.820000, 3, 164
119909.263158, 2025-11-11T21:11:21.435Z, 42.291558, -71.265424, 42.700000, 2.901000, 2.870000, 3, 164
119961.947368, 2025-11-11T21:11:21.487Z, 42.291559, -71.265426, 42.647000, 2.857000, 2.920000, 3, 164
120014.631579, 2025-11-11T21:11:21.540Z, 42.291560, -71.265427, 42.618000, 2.842000, 2.880000, 3, 164
120067.315789, 2025-11-11T21:11:21.593Z, 42.291562, -71.265428, 42.623000, 2.745000, 2.860000, 3, 164
120120.000000, 2025-11-11T21:11:21.635Z, 42.291563, -71.265429, 42.657000, 2.878000, 2.760000, 3, 164
120175.611111, 2025-11-11T21:11:21.690Z, 42.291565, -71.265430, 42.623000, 2.960000, 2.900000, 3, 164
120231.222222, 2025-11-11T21:11:21.746Z, 42.291566, -71.265432, 42.614000, 2.943000, 2.980000, 3, 164
120286.833333, 2025-11-11T21:11:21.801Z, 42.291567, -71.265433, 42.614000, 2.842000, 2.960000, 3, 164
120342.444444, 2025-11-11T21:11:21.857Z, 42.291568, -71.265435, 42.630000, 2.783000, 2.860000, 3, 164
120398.055556, 2025-11-11T21:11:21.913Z, 42.291569, -71.265436, 42.654000, 2.767000, 2.800000, 3, 164
120453.666667, 2025-11-11T21:11:21.968Z, 42.291570, -71.265437, 42.676000, 2.742000, 2.780000, 3, 164
120509.277778, 2025-11-11T21:11:22.024Z, 42.291571, -71.265438, 42.764000, 2.678000, 2.760000, 3, 164
120564.888889, 2025-11-11T21:11:22.079Z, 42.291572, -71.265439, 42.876000, 2.644000, 2.690000, 3, 164
120620.500000, 2025-11-11T21:11:22.135Z, 42.291574, -71.265441, 42.941000, 2.719000, 2.660000, 3, 164
120676.111111, 2025-11-11T21:11:22.191Z, 42.291575, -71.265442, 43.042000, 2.736000, 2.730000, 3, 164
120731.722222, 2025-11-11T21:11:22.246Z, 42.291576, -71.265444, 43.065000, 2.786000, 2.740000, 3, 164
120787.333333, 2025-11-11T21:11:22.302Z, 42.291577, -71.265445, 43.075000, 2.569000, 2.790000, 3, 164
120842.944444, 2025-11-11T21:11:22.357Z, 42.291578, -71.265447, 43.125000, 2.559000, 2.580000, 3, 164
120898.555556, 2025-11-11T21:11:22.413Z, 42.291579, -71.265448, 43.204000, 2.545000, 2.570000, 3, 164
120954.166667, 2025-11-11T21:11:22.469Z, 42.291579, -71.265449, 43.316000, 2.516000, 2.550000, 3, 164
121009.777778, 2025-11-11T21:11:22.524Z, 42.291580, -71.265451, 43.391000, 2.576000, 2.520000, 3, 164
121065.388889, 2025-11-11T21:11:22.580Z, 42.291581, -71.265453, 43.404000, 2.601000, 2.580000, 3, 164
121121.000000, 2025-11-11T21:11:22.625Z, 42.291582, -71.265455, 43.420000, 2.534000, 2.610000, 3, 164
121176.611111, 2025-11-11T21:11:22.680Z, 42.291582, -71.265457, 43.452000, 2.470000, 2.540000, 3, 164
121232.222222, 2025-11-11T21:11:22.736Z, 42.291583, -71.265459, 43.506000, 2.498000, 2.470000, 3, 164
121287.833333, 2025-11-11T21:11:22.791Z, 42.291584, -71.265461, 43.546000, 2.568000, 2.500000, 3, 164
121343.444444, 2025-11-11T21:11:22.847Z, 42.291585, -71.265462, 43.637000, 2.588000, 2.570000, 3, 164
121399.055556, 2025-11-11T21:11:22.903Z, 42.291586, -71.265464, 43.681000, 2.612000, 2.590000, 3, 164
121454.666667, 2025-11-11T21:11:22.958Z, 42.291587, -71.265466, 43.725000, 2.548000, 2.610000, 3, 164
121510.277778, 2025-11-11T21:11:23.014Z, 42.291588, -71.265467, 43.791000, 2.522000, 2.550000, 3, 164
121565.888889, 2025-11-11T21:11:23.069Z, 42.291589, -71.265468, 43.911000, 2.483000, 2.520000, 3, 164
121621.500000, 2025-11-11T21:11:23.125Z, 42.291590, -71.265469, 43.951000, 2.524000, 2.480000, 3, 164
121677.111111, 2025-11-11T21:11:23.181Z, 42.291591, -71.265471, 43.977000, 2.560000, 2.530000, 3, 164
121732.722222, 2025-11-11T21:11:23.236Z, 42.291592, -71.265472, 44.102000, 2.454000, 2.560000, 3, 164
121788.333333, 2025-11-11T21:11:23.292Z, 42.291593, -71.265474, 44.141000, 2.607000, 2.450000, 3, 164
121843.944444, 2025-11-11T21:11:23.347Z, 42.291595, -71.265475, 44.277000, 2.658000, 2.610000, 3, 164
121899.555556, 2025-11-11T21:11:23.403Z, 42.291596, -71.265477, 44.324000, 2.580000, 2.660000, 3, 164
121955.166667, 2025-11-11T21:11:23.459Z, 42.291598, -71.265478, 44.363000, 2.501000, 2.580000, 3, 164
122010.777778, 2025-11-11T21:11:23.514Z, 42.291599, -71.265479, 44.451000, 2.547000, 2.500000, 3, 164
122066.388889, 2025-11-11T21:11:23.570Z, 42.291600, -71.265481, 44.465000, 2.559000, 2.550000, 3, 164
122122.000000, 2025-11-11T21:11:23.670Z, 42.291601, -71.265483, 44.486000, 2.556000, 2.560000, 3, 164
122177.611111, 2025-11-11T21:11:23.725Z, 42.291602, -71.265484, 44.538000, 2.520000, 2.560000, 3, 164
122233.222222, 2025-11-11T21:11:23.781Z, 42.291603, -71.265485, 44.578000, 2.515000, 2.520000, 3, 164
122288.833333, 2025-11-11T21:11:23.836Z, 42.291604, -71.265487, 44.602000, 2.527000, 2.520000, 3, 164
122344.444444, 2025-11-11T21:11:23.892Z, 42.291605, -71.265488, 44.607000, 2.527000, 2.530000, 3, 164
122400.055556, 2025-11-11T21:11:23.948Z, 42.291606, -71.265489, 44.627000, 2.480000, 2.530000, 3, 164
122455.666667, 2025-11-11T21:11:24.003Z, 42.291607, -71.265491, 44.634000, 2.551000, 2.480000, 3, 164
122511.277778, 2025-11-11T21:11:24.059Z, 42.291608, -71.265493, 44.673000, 2.685000, 2.550000, 3, 164
122566.888889, 2025-11-11T21:11:24.114Z, 42.291609, -71.265495, 44.701000, 2.730000, 2.690000, 3, 164
122622.500000, 2025-11-11T21:11:24.170Z, 42.291609, -71.265496, 44.776000, 2.587000, 2.730000, 3, 164
122678.111111, 2025-11-11T21:11:24.226Z, 42.291610, -71.265497, 44.709000, 2.507000, 2.590000, 3, 164
122733.722222, 2025-11-11T21:11:24.281Z, 42.291610, -71.265499, 44.713000, 2.476000, 2.510000, 3, 164
122789.333333, 2025-11-11T21:11:24.337Z, 42.291611, -71.265500, 44.705000, 2.495000, 2.480000, 3, 164
122844.944444, 2025-11-11T21:11:24.392Z, 42.291612, -71.265502, 44.716000, 2.530000, 2.500000, 3, 164
122900.555556, 2025-11-11T21:11:24.448Z, 42.291613, -71.265503, 44.828000, 2.428000, 2.530000, 3, 164
122956.166667, 2025-11-11T21:11:24.504Z, 42.291614, -71.265504, 44.855000, 2.433000, 2.430000, 3, 164
123011.777778, 2025-11-11T21:11:24.559Z, 42.291615, -71.265505, 44.927000, 2.377000, 2.430000, 3, 164
123067.388889, 2025-11-11T21:11:24.615Z, 42.291616, -71.265506, 44.973000, 2.329000, 2.380000, 3, 164
123123.000000, 2025-11-11T21:11:24.660Z, 42.291617, -71.265507, 45.022000, 2.286000, 2.330000, 3, 164
123178.611111, 2025-11-11T21:11:24.715Z, 42.291617, -71.265509, 45.081000, 2.238000, 2.290000, 3, 164
123234.222222, 2025-11-11T21:11:24.771Z, 42.291618, -71.265510, 45.160000, 2.159000, 2.240000, 3, 164
123289.833333, 2025-11-11T21:11:24.826Z, 42.291618, -71.265511, 45.191000, 2.131000, 2.160000, 3, 164
123345.444444, 2025-11-11T21:11:24.882Z, 42.291619, -71.265513, 45.202000, 2.145000, 2.130000, 3, 164
123401.055556, 2025-11-11T21:11:24.938Z, 42.291620, -71.265514, 45.160000, 2.156000, 2.150000, 3, 164
123456.666667, 2025-11-11T21:11:24.993Z, 42.291620, -71.265515, 45.145000, 2.155000, 2.160000, 3, 164
123512.277778, 2025-11-11T21:11:25.049Z, 42.291621, -71.265517, 45.099000, 2.097000, 2.160000, 3, 164
123567.888889, 2025-11-11T21:11:25.104Z, 42.291621, -71.265518, 45.017000, 2.067000, 2.100000, 3, 164
123623.500000, 2025-11-11T21:11:25.160Z, 42.291622, -71.265519, 45.013000, 2.091000, 2.070000, 3, 164
123679.111111, 2025-11-11T21:11:25.216Z, 42.291622, -71.265520, 45.031000, 2.069000, 2.090000, 3, 164
123734.722222, 2025-11-11T21:11:25.271Z, 42.291623, -71.265521, 45.131000, 2.000000, 2.070000, 3, 164
123790.333333, 2025-11-11T21:11:25.327Z, 42.291624, -71.265522, 45.093000, 1.998000, 2.000000, 3, 164
123845.944444, 2025-11-11T21:11:25.382Z, 42.291625, -71.265523, 45.081000, 1.896000, 2.000000, 3, 164
123901.555556, 2025-11-11T21:11:25.438Z, 42.291626, -71.265524, 45.051000, 1.898000, 1.900000, 3, 164
123957.166667, 2025-11-11T21:11:25.494Z, 42.291626, -71.265526, 45.017000, 1.937000, 1.900000, 3, 164
124012.777778, 2025-11-11T21:11:25.549Z, 42.291627, -71.265527, 45.035000, 1.982000, 1.940000, 3, 164
124068.388889, 2025-11-11T21:11:25.605Z, 42.291628, -71.265528, 45.094000, 2.106000, 1.980000, 3, 164
124124.000000, 2025-11-11T21:11:25.650Z, 42.291630, -71.265530, 45.353000, 2.298000, 2.110000, 3, 164
124176.684211, 2025-11-11T21:11:25.702Z, 42.291631, -71.265531, 45.447000, 2.271000, 2.300000, 3, 164
124229.368421, 2025-11-11T21:11:25.755Z, 42.291632, -71.265532, 45.466000, 2.239000, 2.280000, 3, 164
124282.052632, 2025-11-11T21:11:25.808Z, 42.291632, -71.265533, 45.488000, 2.223000, 2.240000, 3, 164
124334.736842, 2025-11-11T21:11:25.860Z, 42.291632, -71.265535, 45.458000, 2.155000, 2.230000, 3, 164
124387.421053, 2025-11-11T21:11:25.913Z, 42.291633, -71.265536, 45.466000, 2.043000, 2.160000, 3, 164
124440.105263, 2025-11-11T21:11:25.966Z, 42.291633, -71.265537, 45.495000, 2.007000, 2.050000, 3, 164
124492.789474, 2025-11-11T21:11:26.018Z, 42.291633, -71.265539, 45.465000, 1.947000, 2.010000, 3, 164
124545.473684, 2025-11-11T21:11:26.071Z, 42.291634, -71.265539, 45.490000, 1.847000, 1.950000, 3, 164
124598.157895, 2025-11-11T21:11:26.124Z, 42.291634, -71.265540, 45.497000, 1.762000, 1.850000, 3, 164
124650.842105, 2025-11-11T21:11:26.176Z, 42.291636, -71.265541, 45.487000, 1.868000, 1.770000, 3, 164
124703.526316, 2025-11-11T21:11:26.229Z, 42.291637, -71.265542, 45.542000, 2.029000, 1.870000, 3, 164
124756.210526, 2025-11-11T21:11:26.282Z, 42.291638, -71.265543, 45.604000, 1.966000, 2.030000, 3, 164
124808.894737, 2025-11-11T21:11:26.334Z, 42.291640, -71.265544, 45.538000, 1.985000, 1.970000, 3, 164
124861.578947, 2025-11-11T21:11:26.387Z, 42.291641, -71.265545, 45.516000, 2.025000, 1.990000, 3, 164
124914.263158, 2025-11-11T21:11:26.440Z, 42.291642, -71.265546, 45.576000, 2.000000, 2.030000, 3, 164
124966.947368, 2025-11-11T21:11:26.492Z, 42.291643, -71.265547, 45.651000, 1.932000, 2.010000, 3, 164
125019.631579, 2025-11-11T21:11:26.545Z, 42.291644, -71.265548, 45.675000, 1.964000, 1.940000, 3, 164
125072.315789, 2025-11-11T21:11:26.598Z, 42.291645, -71.265549, 45.724000, 2.076000, 1.970000, 3, 164
125125.000000, 2025-11-11T21:11:26.640Z, 42.291647, -71.265549, 45.807000, 2.193000, 2.080000, 3, 164
125183.882353, 2025-11-11T21:11:26.698Z, 42.291649, -71.265550, 45.867000, 2.151000, 2.200000, 3, 164
125242.764706, 2025-11-11T21:11:26.757Z, 42.291651, -71.265551, 45.917000, 2.242000, 2.160000, 3, 164
125301.647059, 2025-11-11T21:11:26.816Z, 42.291653, -71.265552, 46.017000, 2.520000, 2.250000, 3, 164
125360.529412, 2025-11-11T21:11:26.875Z, 42.291654, -71.265552, 46.043000, 2.486000, 2.530000, 3, 164
125419.411765, 2025-11-11T21:11:26.934Z, 42.291656, -71.265553, 46.051000, 2.573000, 2.490000, 3, 164
125478.294118, 2025-11-11T21:11:26.993Z, 42.291657, -71.265555, 46.124000, 2.601000, 2.580000, 3, 164
125537.176471, 2025-11-11T21:11:27.052Z, 42.291659, -71.265555, 46.264000, 2.658000, 2.610000, 3, 164
125596.058824, 2025-11-11T21:11:27.111Z, 42.291661, -71.265556, 46.331000, 2.656000, 2.670000, 3, 164
125654.941176, 2025-11-11T21:11:27.169Z, 42.291663, -71.265556, 46.380000, 2.703000, 2.670000, 3, 164
125713.823529, 2025-11-11T21:11:27.228Z, 42.291665, -71.265557, 46.511000, 2.678000, 2.710000, 3, 164
125772.705882, 2025-11-11T21:11:27.287Z, 42.291666, -71.265557, 46.639000, 2.593000, 2.690000, 3, 164
125831.588235, 2025-11-11T21:11:27.346Z, 42.291667, -71.265558, 46.720000, 2.625000, 2.610000, 3, 164
125890.470588, 2025-11-11T21:11:27.405Z, 42.291668, -71.265559, 46.803000, 2.597000, 2.640000, 3, 164
125949.352941, 2025-11-11T21:11:27.464Z, 42.291669, -71.265560, 46.898000, 2.411000, 2.620000, 3, 164
126008.235294, 2025-11-11T21:11:27.523Z, 42.291670, -71.265560, 46.983000, 2.308000, 2.430000, 3, 164
126067.117647, 2025-11-11T21:11:27.582Z, 42.291671, -71.265561, 47.085000, 2.276000, 2.330000, 3, 164
126126.000000, 2025-11-11T21:11:27.630Z, 42.291672, -71.265561, 47.214000, 2.243000, 2.300000, 3, 164
126178.684211, 2025-11-11T21:11:27.682Z, 42.291674, -71.265562, 47.306000, 2.260000, 2.280000, 3, 164
126231.368421, 2025-11-11T21:11:27.735Z, 42.291676, -71.265562, 47.320000, 2.488000, 2.290000, 3, 164
126284.052632, 2025-11-11T21:11:27.788Z, 42.291678, -71.265563, 47.355000, 2.644000, 2.520000, 3, 164
126336.736842, 2025-11-11T21:11:27.840Z, 42.291680, -71.265563, 47.447000, 2.664000, 2.670000, 3, 164
126389.421053, 2025-11-11T21:11:27.893Z, 42.291682, -71.265563, 47.479000, 2.676000, 2.690000, 3, 164
126442.105263, 2025-11-11T21:11:27.946Z, 42.291684, -71.265564, 47.524000, 2.859000, 2.710000, 3, 164
126494.789474, 2025-11-11T21:11:27.998Z, 42.291685, -71.265565, 47.584000, 2.826000, 2.890000, 3, 164
126547.473684, 2025-11-11T21:11:28.051Z, 42.291686, -71.265566, 47.596000, 2.714000, 2.860000, 3, 164
126600.157895, 2025-11-11T21:11:28.104Z, 42.291686, -71.265566, 47.614000, 2.589000, 2.740000, 3, 164
126652.842105, 2025-11-11T21:11:28.156Z, 42.291687, -71.265567, 47.651000, 2.468000, 2.620000, 3, 164
126705.526316, 2025-11-11T21:11:28.209Z, 42.291688, -71.265568, 47.701000, 2.490000, 2.500000, 3, 164
126758.210526, 2025-11-11T21:11:28.262Z, 42.291690, -71.265569, 47.864000, 2.536000, 2.520000, 3, 164
126810.894737, 2025-11-11T21:11:28.314Z, 42.291691, -71.265570, 48.044000, 2.591000, 2.570000, 3, 164
126863.578947, 2025-11-11T21:11:28.367Z, 42.291693, -71.265570, 48.200000, 2.477000, 2.630000, 3, 164
126916.263158, 2025-11-11T21:11:28.420Z, 42.291693, -71.265571, 48.352000, 2.487000, 2.520000, 3, 164
126968.947368, 2025-11-11T21:11:28.472Z, 42.291694, -71.265572, 48.428000, 2.478000, 2.540000, 3, 164
127021.631579, 2025-11-11T21:11:28.525Z, 42.291695, -71.265572, 48.549000, 2.352000, 2.530000, 3, 164
127074.315789, 2025-11-11T21:11:28.578Z, 42.291696, -71.265572, 48.758000, 2.189000, 2.410000, 3, 164
127127.000000, 2025-11-11T21:11:28.675Z, 42.291696, -71.265573, 48.911000, 2.105000, 2.260000, 3, 164
127182.611111, 2025-11-11T21:11:28.730Z, 42.291697, -71.265573, 49.036000, 2.037000, 2.180000, 3, 164
127238.222222, 2025-11-11T21:11:28.786Z, 42.291697, -71.265574, 49.132000, 1.936000, 2.120000, 3, 164
127293.833333, 2025-11-11T21:11:28.841Z, 42.291697, -71.265575, 49.224000, 1.824000, 2.030000, 3, 164
127349.444444, 2025-11-11T21:11:28.897Z, 42.291697, -71.265576, 49.326000, 1.654000, 1.930000, 3, 164
127405.055556, 2025-11-11T21:11:28.953Z, 42.291698, -71.265577, 49.377000, 1.684000, 1.770000, 3, 164
127460.666667, 2025-11-11T21:11:29.008Z, 42.291698, -71.265577, 49.311000, 1.528000, 1.800000, 3, 164
127516.277778, 2025-11-11T21:11:29.064Z, 42.291699, -71.265578, 49.288000, 1.537000, 1.650000, 3, 164
127571.888889, 2025-11-11T21:11:29.119Z, 42.291700, -71.265579, 49.269000, 1.607000, 1.650000, 3, 164
127627.500000, 2025-11-11T21:11:29.175Z, 42.291702, -71.265580, 49.339000, 1.770000, 1.710000, 3, 164
127683.111111, 2025-11-11T21:11:29.231Z, 42.291703, -71.265580, 49.413000, 1.911000, 1.870000, 3, 164
127738.722222, 2025-11-11T21:11:29.286Z, 42.291706, -71.265581, 49.481000, 2.143000, 2.000000, 3, 164
127794.333333, 2025-11-11T21:11:29.342Z, 42.291708, -71.265582, 49.620000, 2.237000, 2.230000, 3, 164
127849.944444, 2025-11-11T21:11:29.397Z, 42.291710, -71.265582, 49.772000, 2.280000, 2.320000, 3, 164
127905.555556, 2025-11-11T21:11:29.453Z, 42.291711, -71.265582, 49.902000, 2.303000, 2.370000, 3, 164
127961.166667, 2025-11-11T21:11:29.509Z, 42.291713, -71.265583, 49.982000, 2.426000, 2.400000, 3, 164
128016.777778, 2025-11-11T21:11:29.564Z, 42.291715, -71.265583, 50.073000, 2.523000, 2.520000, 3, 164
128072.388889, 2025-11-11T21:11:29.620Z, 42.291716, -71.265584, 50.147000, 2.571000, 2.610000, 3, 164
128128.000000, 2025-11-11T21:11:29.665Z, 42.291718, -71.265584, 50.184000, 2.650000, 2.660000, 3, 164
128180.684211, 2025-11-11T21:11:29.717Z, 42.291719, -71.265585, 50.175000, 2.658000, 2.740000, 3, 164
128233.368421, 2025-11-11T21:11:29.770Z, 42.291720, -71.265586, 50.191000, 2.583000, 2.740000, 3, 164
128286.052632, 2025-11-11T21:11:29.823Z, 42.291722, -71.265587, 50.203000, 2.572000, 2.670000, 3, 164
128338.736842, 2025-11-11T21:11:29.875Z, 42.291723, -71.265587, 50.226000, 2.538000, 2.660000, 3, 164
128391.421053, 2025-11-11T21:11:29.928Z, 42.291724, -71.265588, 50.235000, 2.540000, 2.620000, 3, 164
128444.105263, 2025-11-11T21:11:29.981Z, 42.291726, -71.265588, 50.244000, 2.486000, 2.630000, 3, 164
128496.789474, 2025-11-11T21:11:30.033Z, 42.291727, -71.265588, 50.201000, 2.430000, 2.570000, 3, 164
128549.473684, 2025-11-11T21:11:30.086Z, 42.291728, -71.265589, 50.191000, 2.422000, 2.510000, 3, 164
128602.157895, 2025-11-11T21:11:30.139Z, 42.291729, -71.265589, 50.212000, 2.460000, 2.500000, 3, 164
128654.842105, 2025-11-11T21:11:30.191Z, 42.291730, -71.265590, 50.295000, 2.417000, 2.540000, 3, 164
128707.526316, 2025-11-11T21:11:30.244Z, 42.291732, -71.265590, 50.351000, 2.450000, 2.500000, 3, 164
128760.210526, 2025-11-11T21:11:30.297Z, 42.291734, -71.265591, 50.406000, 2.625000, 2.530000, 3, 164
128812.894737, 2025-11-11T21:11:30.349Z, 42.291735, -71.265592, 50.383000, 2.572000, 2.700000, 3, 164
128865.578947, 2025-11-11T21:11:30.402Z, 42.291736, -71.265592, 50.314000, 2.599000, 2.650000, 3, 164
128918.263158, 2025-11-11T21:11:30.455Z, 42.291738, -71.265593, 50.393000, 2.545000, 2.670000, 3, 164
128970.947368, 2025-11-11T21:11:30.507Z, 42.291739, -71.265594, 50.288000, 2.565000, 2.620000, 3, 164
129023.631579, 2025-11-11T21:11:30.560Z, 42.291741, -71.265595, 50.348000, 2.668000, 2.630000, 3, 164
129076.315789, 2025-11-11T21:11:30.613Z, 42.291742, -71.265595, 50.412000, 2.684000, 2.740000, 3, 164
129129.000000, 2025-11-11T21:11:30.655Z, 42.291744, -71.265595, 50.648000, 2.533000, 2.750000, 3, 164
129187.882353, 2025-11-11T21:11:30.713Z, 42.291745, -71.265595, 50.677000, 2.491000, 2.610000, 3, 164
129246.764706, 2025-11-11T21:11:30.772Z, 42.291746, -71.265596, 50.726000, 2.564000, 2.570000, 3, 164
129305.647059, 2025-11-11T21:11:30.831Z, 42.291747, -71.265597, 50.745000, 2.530000, 2.640000, 3, 164
129364.529412, 2025-11-11T21:11:30.890Z, 42.291748, -71.265597, 50.739000, 2.435000, 2.610000, 3, 164
129423.411765, 2025-11-11T21:11:30.949Z, 42.291749, -71.265598, 50.739000, 2.361000, 2.510000, 3, 164
129482.294118, 2025-11-11T21:11:31.008Z, 42.291750, -71.265598, 50.745000, 2.264000, 2.440000, 3, 164
129541.176471, 2025-11-11T21:11:31.067Z, 42.291750, -71.265599, 50.764000, 2.141000, 2.350000, 3, 164
129600.058824, 2025-11-11T21:11:31.126Z, 42.291752, -71.265600, 50.750000, 2.149000, 2.230000, 3, 164
129658.941176, 2025-11-11T21:11:31.184Z, 42.291753, -71.265600, 50.727000, 2.219000, 2.230000, 3, 164
129717.823529, 2025-11-11T21:11:31.243Z, 42.291755, -71.265600, 50.684000, 2.320000, 2.300000, 3, 164
129776.705882, 2025-11-11T21:11:31.302Z, 42.291756, -71.265600, 50.687000, 2.324000, 2.390000, 3, 164
129835.588235, 2025-11-11T21:11:31.361Z, 42.291758, -71.265600, 50.739000, 2.344000, 2.390000, 3, 164
129894.470588, 2025-11-11T21:11:31.420Z, 42.291759, -71.265600, 50.788000, 2.292000, 2.410000, 3, 164
129953.352941, 2025-11-11T21:11:31.479Z, 42.291760, -71.265600, 50.867000, 2.220000, 2.360000, 3, 164
130012.235294, 2025-11-11T21:11:31.538Z, 42.291761, -71.265601, 50.899000, 2.164000, 2.290000, 3, 164
130071.117647, 2025-11-11T21:11:31.597Z, 42.291762, -71.265601, 50.903000, 2.074000, 2.240000, 3, 164
130130.000000, 2025-11-11T21:11:31.645Z, 42.291763, -71.265601, 50.939000, 2.016000, 2.150000, 3, 164
130182.684211, 2025-11-11T21:11:31.697Z, 42.291764, -71.265601, 51.042000, 1.916000, 2.090000, 3, 164
130235.368421, 2025-11-11T21:11:31.750Z, 42.291764, -71.265600, 51.125000, 1.830000, 2.000000, 3, 164
130288.052632, 2025-11-11T21:11:31.803Z, 42.291765, -71.265600, 51.168000, 1.825000, 1.920000, 3, 164
130340.736842, 2025-11-11T21:11:31.855Z, 42.291766, -71.265601, 51.186000, 1.776000, 1.920000, 3, 164
130393.421053, 2025-11-11T21:11:31.908Z, 42.291767, -71.265602, 51.159000, 1.960000, 1.870000, 3, 164
130446.105263, 2025-11-11T21:11:31.961Z, 42.291769, -71.265602, 51.169000, 2.024000, 2.040000, 3, 164
130498.789474, 2025-11-11T21:11:32.013Z, 42.291770, -71.265603, 51.175000, 2.042000, 2.100000, 3, 164
130551.473684, 2025-11-11T21:11:32.066Z, 42.291772, -71.265603, 51.181000, 2.100000, 2.120000, 3, 164
130604.157895, 2025-11-11T21:11:32.119Z, 42.291773, -71.265604, 51.228000, 2.206000, 2.170000, 3, 164
130656.842105, 2025-11-11T21:11:32.171Z, 42.291776, -71.265604, 51.339000, 2.372000, 2.280000, 3, 164
130709.526316, 2025-11-11T21:11:32.224Z, 42.291777, -71.265604, 51.493000, 2.400000, 2.440000, 3, 164
130762.210526, 2025-11-11T21:11:32.277Z, 42.291779, -71.265605, 51.583000, 2.487000, 2.470000, 3, 164
130814.894737, 2025-11-11T21:11:32.329Z, 42.291781, -71.265605, 51.679000, 2.584000, 2.560000, 3, 164
130867.578947, 2025-11-11T21:11:32.382Z, 42.291783, -71.265605, 51.760000, 2.687000, 2.660000, 3, 164
130920.263158, 2025-11-11T21:11:32.435Z, 42.291784, -71.265605, 51.755000, 2.683000, 2.760000, 3, 164
130972.947368, 2025-11-11T21:11:32.487Z, 42.291786, -71.265605, 51.766000, 2.725000, 2.750000, 3, 164
131025.631579, 2025-11-11T21:11:32.540Z, 42.291787, -71.265605, 51.916000, 2.672000, 2.790000, 3, 164
131078.315789, 2025-11-11T21:11:32.593Z, 42.291789, -71.265604, 52.038000, 2.636000, 2.750000, 3, 164
131131.000000, 2025-11-11T21:11:32.635Z, 42.291790, -71.265604, 52.078000, 2.559000, 2.720000, 3, 164
131186.611111, 2025-11-11T21:11:32.690Z, 42.291790, -71.265605, 52.015000, 2.415000, 2.640000, 3, 164
131242.222222, 2025-11-11T21:11:32.746Z, 42.291791, -71.265605, 51.953000, 2.369000, 2.500000, 3, 164
131297.833333, 2025-11-11T21:11:32.801Z, 42.291792, -71.265605, 51.894000, 2.257000, 2.450000, 3, 164
131353.444444, 2025-11-11T21:11:32.857Z, 42.291793, -71.265605, 51.843000, 2.304000, 2.340000, 3, 164
131409.055556, 2025-11-11T21:11:32.913Z, 42.291794, -71.265606, 51.619000, 2.291000, 2.380000, 3, 164
131464.666667, 2025-11-11T21:11:32.968Z, 42.291796, -71.265607, 51.444000, 2.369000, 2.360000, 3, 164
131520.277778, 2025-11-11T21:11:33.024Z, 42.291797, -71.265607, 51.365000, 2.345000, 2.430000, 3, 164
131575.888889, 2025-11-11T21:11:33.079Z, 42.291798, -71.265607, 51.186000, 2.361000, 2.400000, 3, 164
131631.500000, 2025-11-11T21:11:33.135Z, 42.291800, -71.265608, 51.133000, 2.417000, 2.410000, 3, 164
131687.111111, 2025-11-11T21:11:33.191Z, 42.291802, -71.265608, 51.134000, 2.508000, 2.460000, 3, 164
131742.722222, 2025-11-11T21:11:33.246Z, 42.291803, -71.265608, 51.158000, 2.563000, 2.550000, 3, 164
131798.333333, 2025-11-11T21:11:33.302Z, 42.291804, -71.265608, 51.183000, 2.498000, 2.600000, 3, 164
131853.944444, 2025-11-11T21:11:33.357Z, 42.291806, -71.265608, 51.152000, 2.447000, 2.540000, 3, 164
131909.555556, 2025-11-11T21:11:33.413Z, 42.291806, -71.265608, 51.054000, 2.258000, 2.490000, 3, 164
131965.166667, 2025-11-11T21:11:33.469Z, 42.291806, -71.265608, 50.892000, 2.103000, 2.300000, 3, 164
132020.777778, 2025-11-11T21:11:33.524Z, 42.291806, -71.265609, 50.772000, 1.948000, 2.140000, 3, 164
132076.388889, 2025-11-11T21:11:33.580Z, 42.291806, -71.265609, 50.644000, 1.820000, 1.980000, 3, 164
132132.000000, 2025-11-11T21:11:33.680Z, 42.291807, -71.265609, 50.524000, 1.754000, 1.850000, 3, 164
132187.611111, 2025-11-11T21:11:33.735Z, 42.291808, -71.265609, 50.411000, 1.707000, 1.780000, 3, 164
132243.222222, 2025-11-11T21:11:33.791Z, 42.291808, -71.265609, 50.274000, 1.630000, 1.740000, 3, 164
132298.833333, 2025-11-11T21:11:33.846Z, 42.291809, -71.265608, 50.192000, 1.564000, 1.660000, 3, 164
132354.444444, 2025-11-11T21:11:33.902Z, 42.291809, -71.265608, 50.134000, 1.457000, 1.590000, 3, 164
132410.055556, 2025-11-11T21:11:33.958Z, 42.291809, -71.265609, 49.963000, 1.312000, 1.480000, 3, 164
132465.666667, 2025-11-11T21:11:34.013Z, 42.291809, -71.265609, 49.899000, 1.289000, 1.330000, 3, 164
132521.277778, 2025-11-11T21:11:34.069Z, 42.291810, -71.265609, 49.830000, 1.226000, 1.310000, 3, 164
132576.888889, 2025-11-11T21:11:34.124Z, 42.291810, -71.265609, 49.760000, 1.232000, 1.240000, 3, 164
132632.500000, 2025-11-11T21:11:34.180Z, 42.291811, -71.265609, 49.706000, 1.245000, 1.250000, 3, 164
132688.111111, 2025-11-11T21:11:34.236Z, 42.291812, -71.265609, 49.583000, 1.354000, 1.260000, 3, 164
132743.722222, 2025-11-11T21:11:34.291Z, 42.291813, -71.265609, 49.475000, 1.423000, 1.360000, 3, 164
132799.333333, 2025-11-11T21:11:34.347Z, 42.291814, -71.265608, 49.380000, 1.447000, 1.430000, 3, 164
132854.944444, 2025-11-11T21:11:34.402Z, 42.291815, -71.265608, 49.275000, 1.548000, 1.450000, 3, 164
132910.555556, 2025-11-11T21:11:34.458Z, 42.291816, -71.265608, 49.213000, 1.518000, 1.550000, 3, 164
132966.166667, 2025-11-11T21:11:34.514Z, 42.291817, -71.265607, 49.151000, 1.524000, 1.520000, 3, 164
133021.777778, 2025-11-11T21:11:34.569Z, 42.291818, -71.265607, 49.090000, 1.652000, 1.530000, 3, 164
133077.388889, 2025-11-11T21:11:34.625Z, 42.291820, -71.265607, 49.013000, 1.718000, 1.650000, 3, 164
133133.000000, 2025-11-11T21:11:34.670Z, 42.291821, -71.265607, 48.993000, 1.749000, 1.720000, 3, 164
133188.611111, 2025-11-11T21:11:34.725Z, 42.291822, -71.265607, 48.987000, 1.856000, 1.750000, 3, 164
133244.222222, 2025-11-11T21:11:34.781Z, 42.291824, -71.265607, 49.022000, 1.972000, 1.860000, 3, 164
133299.833333, 2025-11-11T21:11:34.836Z, 42.291826, -71.265608, 48.975000, 2.101000, 1.970000, 3, 164
133355.444444, 2025-11-11T21:11:34.892Z, 42.291827, -71.265608, 48.974000, 2.198000, 2.100000, 3, 164
133411.055556, 2025-11-11T21:11:34.948Z, 42.291829, -71.265608, 48.961000, 2.300000, 2.200000, 3, 164
133466.666667, 2025-11-11T21:11:35.003Z, 42.291831, -71.265609, 48.964000, 2.343000, 2.300000, 3, 164
133522.277778, 2025-11-11T21:11:35.059Z, 42.291832, -71.265609, 48.983000, 2.384000, 2.340000, 3, 164
133577.888889, 2025-11-11T21:11:35.114Z, 42.291834, -71.265609, 49.003000, 2.409000, 2.380000, 3, 164
133633.500000, 2025-11-11T21:11:35.170Z, 42.291835, -71.265609, 49.011000, 2.478000, 2.410000, 3, 164
133689.111111, 2025-11-11T21:11:35.226Z, 42.291837, -71.265609, 48.988000, 2.572000, 2.480000, 3, 164
133744.722222, 2025-11-11T21:11:35.281Z, 42.291839, -71.265609, 48.908000, 2.666000, 2.570000, 3, 164
133800.333333, 2025-11-11T21:11:35.337Z, 42.291841, -71.265609, 48.830000, 2.777000, 2.670000, 3, 164
133855.944444, 2025-11-11T21:11:35.392Z, 42.291843, -71.265609, 48.838000, 2.771000, 2.780000, 3, 164
133911.555556, 2025-11-11T21:11:35.448Z, 42.291844, -71.265609, 48.891000, 2.669000, 2.770000, 3, 164
133967.166667, 2025-11-11T21:11:35.504Z, 42.291845, -71.265608, 48.945000, 2.685000, 2.670000, 3, 164
134022.777778, 2025-11-11T21:11:35.559Z, 42.291846, -71.265608, 48.977000, 2.681000, 2.690000, 3, 164
134078.388889, 2025-11-11T21:11:35.615Z, 42.291848, -71.265608, 48.983000, 2.640000, 2.680000, 3, 164
134134.000000, 2025-11-11T21:11:35.660Z, 42.291849, -71.265609, 48.989000, 2.558000, 2.640000, 3, 164
134186.684211, 2025-11-11T21:11:35.712Z, 42.291849, -71.265609, 49.059000, 2.503000, 2.560000, 3, 164
134239.368421, 2025-11-11T21:11:35.765Z, 42.291850, -71.265609, 49.201000, 2.392000, 2.500000, 3, 164
134292.052632, 2025-11-11T21:11:35.818Z, 42.291851, -71.265610, 49.325000, 2.301000, 2.390000, 3, 164
134344.736842, 2025-11-11T21:11:35.870Z, 42.291852, -71.265610, 49.389000, 2.219000, 2.300000, 3, 164
134397.421053, 2025-11-11T21:11:35.923Z, 42.291853, -71.265610, 49.389000, 2.176000, 2.220000, 3, 164
134450.105263, 2025-11-11T21:11:35.976Z, 42.291854, -71.265610, 49.314000, 2.246000, 2.180000, 3, 164
134502.789474, 2025-11-11T21:11:36.028Z, 42.291856, -71.265610, 49.299000, 2.312000, 2.250000, 3, 164
134555.473684, 2025-11-11T21:11:36.081Z, 42.291857, -71.265610, 49.289000, 2.266000, 2.310000, 3, 164
134608.157895, 2025-11-11T21:11:36.134Z, 42.291858, -71.265610, 49.213000, 2.240000, 2.270000, 3, 164
134660.842105, 2025-11-11T21:11:36.186Z, 42.291859, -71.265611, 49.150000, 2.314000, 2.240000, 3, 164
134713.526316, 2025-11-11T21:11:36.239Z, 42.291860, -71.265611, 49.062000, 2.261000, 2.320000, 3, 164
134766.210526, 2025-11-11T21:11:36.292Z, 42.291862, -71.265612, 49.078000, 2.349000, 2.260000, 3, 164
134818.894737, 2025-11-11T21:11:36.344Z, 42.291863, -71.265614, 48.889000, 2.372000, 2.350000, 3, 164
134871.578947, 2025-11-11T21:11:36.397Z, 42.291865, -71.265613, 49.073000, 2.335000, 2.370000, 3, 164
134924.263158, 2025-11-11T21:11:36.450Z, 42.291865, -71.265614, 48.965000, 2.278000, 2.340000, 3, 164
134976.947368, 2025-11-11T21:11:36.502Z, 42.291866, -71.265614, 48.959000, 2.219000, 2.280000, 3, 164
135029.631579, 2025-11-11T21:11:36.555Z, 42.291868, -71.265615, 48.932000, 2.269000, 2.220000, 3, 164
135082.315789, 2025-11-11T21:11:36.608Z, 42.291869, -71.265614, 49.003000, 2.256000, 2.270000, 3, 164
135135.000000, 2025-11-11T21:11:36.650Z, 42.291870, -71.265615, 49.005000, 2.275000, 2.260000, 3, 164
135190.611111, 2025-11-11T21:11:36.705Z, 42.291871, -71.265615, 49.020000, 2.294000, 2.280000, 3, 164
135246.222222, 2025-11-11T21:11:36.761Z, 42.291873, -71.265615, 49.030000, 2.342000, 2.300000, 3, 164
135301.833333, 2025-11-11T21:11:36.816Z, 42.291875, -71.265615, 49.026000, 2.434000, 2.340000, 3, 164
135357.444444, 2025-11-11T21:11:36.872Z, 42.291876, -71.265615, 48.995000, 2.423000, 2.440000, 3, 164
135413.055556, 2025-11-11T21:11:36.928Z, 42.291877, -71.265614, 48.992000, 2.275000, 2.420000, 3, 164
135468.666667, 2025-11-11T21:11:36.983Z, 42.291877, -71.265614, 49.041000, 2.104000, 2.280000, 3, 164
135524.277778, 2025-11-11T21:11:37.039Z, 42.291877, -71.265613, 49.139000, 2.112000, 2.110000, 3, 164
135579.888889, 2025-11-11T21:11:37.094Z, 42.291879, -71.265613, 49.105000, 2.196000, 2.110000, 3, 164
135635.500000, 2025-11-11T21:11:37.150Z, 42.291880, -71.265612, 49.080000, 2.212000, 2.200000, 3, 164
135691.111111, 2025-11-11T21:11:37.206Z, 42.291881, -71.265612, 49.058000, 2.200000, 2.210000, 3, 164
135746.722222, 2025-11-11T21:11:37.261Z, 42.291882, -71.265612, 49.059000, 2.176000, 2.200000, 3, 164
135802.333333, 2025-11-11T21:11:37.317Z, 42.291882, -71.265612, 49.061000, 2.032000, 2.180000, 3, 164
135857.944444, 2025-11-11T21:11:37.372Z, 42.291883, -71.265611, 49.072000, 2.020000, 2.030000, 3, 164
135913.555556, 2025-11-11T21:11:37.428Z, 42.291884, -71.265611, 49.029000, 1.950000, 2.020000, 3, 164
135969.166667, 2025-11-11T21:11:37.484Z, 42.291885, -71.265611, 49.056000, 1.943000, 1.950000, 3, 164
136024.777778, 2025-11-11T21:11:37.539Z, 42.291885, -71.265612, 49.107000, 1.853000, 1.950000, 3, 164
136080.388889, 2025-11-11T21:11:37.595Z, 42.291885, -71.265612, 49.154000, 1.731000, 1.860000, 3, 164
136136.000000, 2025-11-11T21:11:37.640Z, 42.291886, -71.265612, 49.236000, 1.650000, 1.730000, 3, 164
136191.611111, 2025-11-11T21:11:37.695Z, 42.291886, -71.265612, 49.340000, 1.584000, 1.650000, 3, 164
136247.222222, 2025-11-11T21:11:37.751Z, 42.291888, -71.265612, 49.409000, 1.686000, 1.590000, 3, 164
136302.833333, 2025-11-11T21:11:37.806Z, 42.291889, -71.265612, 49.462000, 1.743000, 1.690000, 3, 164
136358.444444, 2025-11-11T21:11:37.862Z, 42.291890, -71.265612, 49.524000, 1.739000, 1.750000, 3, 164
136414.055556, 2025-11-11T21:11:37.918Z, 42.291891, -71.265612, 49.555000, 1.741000, 1.750000, 3, 164
136469.666667, 2025-11-11T21:11:37.973Z, 42.291892, -71.265612, 49.543000, 1.680000, 1.750000, 3, 164
136525.277778, 2025-11-11T21:11:38.029Z, 42.291893, -71.265612, 49.534000, 1.694000, 1.690000, 3, 164
136580.888889, 2025-11-11T21:11:38.084Z, 42.291894, -71.265612, 49.514000, 1.738000, 1.700000, 3, 164
136636.500000, 2025-11-11T21:11:38.140Z, 42.291895, -71.265612, 49.531000, 1.726000, 1.740000, 3, 164
136692.111111, 2025-11-11T21:11:38.196Z, 42.291893, -71.265611, 49.520000, 1.410000, 1.730000, 3, 164
136747.722222, 2025-11-11T21:11:38.251Z, 42.291893, -71.265611, 49.492000, 1.274000, 1.420000, 3, 164
136803.333333, 2025-11-11T21:11:38.307Z, 42.291893, -71.265611, 49.494000, 1.203000, 1.280000, 3, 164
136858.944444, 2025-11-11T21:11:38.362Z, 42.291893, -71.265611, 49.477000, 1.132000, 1.210000, 3, 164
136914.555556, 2025-11-11T21:11:38.418Z, 42.291894, -71.265610, 49.464000, 1.112000, 1.140000, 3, 164
136970.166667, 2025-11-11T21:11:38.474Z, 42.291894, -71.265611, 49.405000, 1.050000, 1.120000, 3, 164
137025.777778, 2025-11-11T21:11:38.529Z, 42.291894, -71.265611, 49.245000, 1.015000, 1.060000, 3, 164
137081.388889, 2025-11-11T21:11:38.585Z, 42.291895, -71.265611, 49.178000, 1.010000, 1.020000, 3, 164
137137.000000, 2025-11-11T21:11:38.685Z, 42.291895, -71.265611, 49.041000, 1.008000, 1.020000, 3, 164
137192.611111, 2025-11-11T21:11:38.740Z, 42.291895, -71.265611, 48.962000, 0.886000, 1.010000, 3, 164
137248.222222, 2025-11-11T21:11:38.796Z, 42.291895, -71.265611, 48.907000, 0.857000, 0.890000, 3, 164
137303.833333, 2025-11-11T21:11:38.851Z, 42.291895, -71.265611, 48.849000, 0.801000, 0.860000, 3, 164
137359.444444, 2025-11-11T21:11:38.907Z, 42.291895, -71.265612, 48.816000, 0.650000, 0.800000, 3, 164
137415.055556, 2025-11-11T21:11:38.963Z, 42.291895, -71.265611, 48.853000, 0.623000, 0.650000, 3, 164
137470.666667, 2025-11-11T21:11:39.018Z, 42.291895, -71.265611, 48.827000, 0.644000, 0.620000, 3, 164
137526.277778, 2025-11-11T21:11:39.074Z, 42.291896, -71.265611, 48.783000, 0.632000, 0.650000, 3, 164
137581.888889, 2025-11-11T21:11:39.129Z, 42.291896, -71.265611, 48.717000, 0.678000, 0.630000, 3, 164
137637.500000, 2025-11-11T21:11:39.185Z, 42.291898, -71.265611, 48.606000, 0.824000, 0.680000, 3, 164
137693.111111, 2025-11-11T21:11:39.241Z, 42.291899, -71.265611, 48.530000, 0.901000, 0.820000, 3, 164
137748.722222, 2025-11-11T21:11:39.296Z, 42.291899, -71.265610, 48.487000, 0.976000, 0.900000, 3, 164
137804.333333, 2025-11-11T21:11:39.352Z, 42.291900, -71.265610, 48.477000, 1.052000, 0.980000, 3, 164
137859.944444, 2025-11-11T21:11:39.407Z, 42.291901, -71.265609, 48.457000, 1.021000, 1.050000, 3, 164
137915.555556, 2025-11-11T21:11:39.463Z, 42.291901, -71.265610, 48.413000, 0.981000, 1.020000, 3, 164
137971.166667, 2025-11-11T21:11:39.519Z, 42.291901, -71.265610, 48.402000, 0.897000, 0.980000, 3, 164
138026.777778, 2025-11-11T21:11:39.574Z, 42.291901, -71.265611, 48.307000, 0.789000, 0.900000, 3, 164
138082.388889, 2025-11-11T21:11:39.630Z, 42.291902, -71.265612, 48.201000, 0.846000, 0.790000, 3, 164
138138.000000, 2025-11-11T21:11:39.675Z, 42.291902, -71.265612, 48.160000, 0.794000, 0.850000, 3, 164
138190.684211, 2025-11-11T21:11:39.727Z, 42.291902, -71.265612, 48.124000, 0.733000, 0.790000, 3, 164
138243.368421, 2025-11-11T21:11:39.780Z, 42.291902, -71.265613, 48.091000, 0.668000, 0.730000, 3, 164
138296.052632, 2025-11-11T21:11:39.833Z, 42.291902, -71.265613, 48.060000, 0.632000, 0.670000, 3, 164
138348.736842, 2025-11-11T21:11:39.885Z, 42.291903, -71.265614, 48.001000, 0.703000, 0.630000, 3, 164
138401.421053, 2025-11-11T21:11:39.938Z, 42.291904, -71.265614, 47.952000, 0.772000, 0.710000, 3, 164
138454.105263, 2025-11-11T21:11:39.991Z, 42.291905, -71.265615, 47.861000, 0.950000, 0.770000, 3, 164
138506.789474, 2025-11-11T21:11:40.043Z, 42.291907, -71.265615, 47.760000, 1.122000, 0.950000, 3, 164
138559.473684, 2025-11-11T21:11:40.096Z, 42.291908, -71.265614, 47.768000, 1.079000, 1.130000, 3, 164
138612.157895, 2025-11-11T21:11:40.149Z, 42.291908, -71.265615, 47.784000, 1.068000, 1.080000, 3, 164
138664.842105, 2025-11-11T21:11:40.201Z, 42.291909, -71.265615, 47.799000, 1.099000, 1.070000, 3, 164
138717.526316, 2025-11-11T21:11:40.254Z, 42.291910, -71.265615, 47.832000, 1.096000, 1.100000, 3, 164
138770.210526, 2025-11-11T21:11:40.307Z, 42.291910, -71.265616, 47.826000, 1.037000, 1.100000, 3, 164
138822.894737, 2025-11-11T21:11:40.359Z, 42.291910, -71.265616, 47.789000, 0.958000, 1.040000, 3, 164
138875.578947, 2025-11-11T21:11:40.412Z, 42.291911, -71.265617, 47.793000, 1.035000, 0.960000, 3, 164
138928.263158, 2025-11-11T21:11:40.465Z, 42.291912, -71.265618, 47.813000, 1.088000, 1.040000, 3, 164
138980.947368, 2025-11-11T21:11:40.517Z, 42.291913, -71.265618, 47.834000, 1.150000, 1.090000, 3, 164
139033.631579, 2025-11-11T21:11:40.570Z, 42.291914, -71.265618, 47.851000, 1.174000, 1.150000, 3, 164
139086.315789, 2025-11-11T21:11:40.623Z, 42.291915, -71.265618, 47.884000, 1.181000, 1.180000, 3, 164
139139.000000, 2025-11-11T21:11:40.665Z, 42.291916, -71.265619, 47.917000, 1.204000, 1.180000, 3, 164
139197.882353, 2025-11-11T21:11:40.723Z, 42.291917, -71.265618, 47.959000, 1.274000, 1.210000, 3, 164
139256.764706, 2025-11-11T21:11:40.782Z, 42.291919, -71.265619, 48.003000, 1.372000, 1.280000, 3, 164
139315.647059, 2025-11-11T21:11:40.841Z, 42.291921, -71.265619, 48.088000, 1.630000, 1.370000, 3, 164
139374.529412, 2025-11-11T21:11:40.900Z, 42.291922, -71.265619, 48.127000, 1.575000, 1.630000, 3, 164
139433.411765, 2025-11-11T21:11:40.959Z, 42.291923, -71.265618, 48.082000, 1.531000, 1.580000, 3, 164
139492.294118, 2025-11-11T21:11:41.018Z, 42.291924, -71.265618, 48.036000, 1.520000, 1.530000, 3, 164
139551.176471, 2025-11-11T21:11:41.077Z, 42.291925, -71.265617, 47.994000, 1.571000, 1.520000, 3, 164
139610.058824, 2025-11-11T21:11:41.136Z, 42.291926, -71.265615, 47.950000, 1.638000, 1.570000, 3, 164
139668.941176, 2025-11-11T21:11:41.194Z, 42.291928, -71.265615, 47.902000, 1.666000, 1.640000, 3, 164
139727.823529, 2025-11-11T21:11:41.253Z, 42.291928, -71.265615, 47.838000, 1.635000, 1.670000, 3, 164
139786.705882, 2025-11-11T21:11:41.312Z, 42.291929, -71.265614, 47.761000, 1.646000, 1.640000, 3, 164
139845.588235, 2025-11-11T21:11:41.371Z, 42.291930, -71.265614, 47.682000, 1.622000, 1.650000, 3, 164
139904.470588, 2025-11-11T21:11:41.430Z, 42.291930, -71.265614, 47.593000, 1.573000, 1.620000, 3, 164
139963.352941, 2025-11-11T21:11:41.489Z, 42.291931, -71.265613, 47.472000, 1.610000, 1.570000, 3, 164
140022.235294, 2025-11-11T21:11:41.548Z, 42.291932, -71.265612, 47.455000, 1.657000, 1.610000, 3, 164
140081.117647, 2025-11-11T21:11:41.607Z, 42.291933, -71.265611, 47.421000, 1.614000, 1.660000, 3, 164
140140.000000, 2025-11-11T21:11:41.710Z, 42.291933, -71.265611, 47.408000, 1.554000, 1.620000, 3, 164
140192.684211, 2025-11-11T21:11:41.762Z, 42.291934, -71.265611, 47.323000, 1.579000, 1.560000, 3, 164
140245.368421, 2025-11-11T21:11:41.815Z, 42.291936, -71.265610, 47.240000, 1.631000, 1.580000, 3, 164
140298.052632, 2025-11-11T21:11:41.868Z, 42.291937, -71.265610, 47.115000, 1.664000, 1.640000, 3, 164
140350.736842, 2025-11-11T21:11:41.920Z, 42.291937, -71.265611, 47.054000, 1.575000, 1.670000, 3, 164
140403.421053, 2025-11-11T21:11:41.973Z, 42.291938, -71.265611, 46.983000, 1.519000, 1.580000, 3, 164
140456.105263, 2025-11-11T21:11:42.026Z, 42.291939, -71.265612, 46.994000, 1.489000, 1.530000, 3, 164
140508.789474, 2025-11-11T21:11:42.078Z, 42.291940, -71.265612, 47.035000, 1.454000, 1.500000, 3, 164
140561.473684, 2025-11-11T21:11:42.131Z, 42.291940, -71.265612, 47.071000, 1.448000, 1.460000, 3, 164
140614.157895, 2025-11-11T21:11:42.184Z, 42.291941, -71.265612, 47.096000, 1.419000, 1.450000, 3, 164
140666.842105, 2025-11-11T21:11:42.236Z, 42.291942, -71.265612, 47.099000, 1.369000, 1.420000, 3, 164
140719.526316, 2025-11-11T21:11:42.289Z, 42.291943, -71.265612, 47.116000, 1.393000, 1.370000, 3, 164
140772.210526, 2025-11-11T21:11:42.342Z, 42.291944, -71.265612, 47.177000, 1.437000, 1.400000, 3, 164
140824.894737, 2025-11-11T21:11:42.394Z, 42.291945, -71.265612, 47.266000, 1.405000, 1.440000, 3, 164
140877.578947, 2025-11-11T21:11:42.447Z, 42.291946, -71.265612, 47.257000, 1.449000, 1.410000, 3, 164
140930.263158, 2025-11-11T21:11:42.500Z, 42.291948, -71.265612, 47.238000, 1.516000, 1.450000, 3, 164
140982.947368, 2025-11-11T21:11:42.552Z, 42.291950, -71.265612, 47.203000, 1.630000, 1.520000, 3, 164
141035.631579, 2025-11-11T21:11:42.605Z, 42.291951, -71.265610, 47.207000, 1.708000, 1.630000, 3, 164
141088.315789, 2025-11-11T21:11:42.658Z, 42.291953, -71.265610, 46.995000, 1.829000, 1.710000, 3, 164
141141.000000, 2025-11-11T21:11:42.645Z, 42.291955, -71.265610, 46.927000, 1.873000, 1.830000, 3, 164
141196.611111, 2025-11-11T21:11:42.700Z, 42.291956, -71.265610, 46.929000, 1.900000, 1.880000, 3, 164
141252.222222, 2025-11-11T21:11:42.756Z, 42.291957, -71.265609, 47.213000, 1.951000, 1.900000, 3, 164
141307.833333, 2025-11-11T21:11:42.811Z, 42.291959, -71.265609, 47.270000, 1.997000, 1.950000, 3, 164
141363.444444, 2025-11-11T21:11:42.867Z, 42.291961, -71.265609, 47.218000, 2.053000, 2.000000, 3, 164
141419.055556, 2025-11-11T21:11:42.923Z, 42.291962, -71.265609, 47.233000, 2.085000, 2.050000, 3, 164
141474.666667, 2025-11-11T21:11:42.978Z, 42.291964, -71.265609, 47.227000, 2.106000, 2.090000, 3, 164
141530.277778, 2025-11-11T21:11:43.034Z, 42.291965, -71.265609, 47.202000, 2.109000, 2.110000, 3, 164
141585.888889, 2025-11-11T21:11:43.089Z, 42.291966, -71.265609, 47.182000, 2.099000, 2.110000, 3, 164
141641.500000, 2025-11-11T21:11:43.145Z, 42.291967, -71.265609, 47.201000, 2.095000, 2.100000, 3, 164
141697.111111, 2025-11-11T21:11:43.201Z, 42.291968, -71.265609, 47.137000, 2.058000, 2.100000, 3, 164
141752.722222, 2025-11-11T21:11:43.256Z, 42.291970, -71.265609, 47.006000, 2.024000, 2.060000, 3, 164
141808.333333, 2025-11-11T21:11:43.312Z, 42.291970, -71.265609, 46.844000, 1.959000, 2.030000, 3, 164
141863.944444, 2025-11-11T21:11:43.367Z, 42.291971, -71.265609, 46.856000, 1.860000, 1.960000, 3, 164
141919.555556, 2025-11-11T21:11:43.423Z, 42.291972, -71.265609, 46.884000, 1.848000, 1.860000, 3, 164
141975.166667, 2025-11-11T21:11:43.479Z, 42.291973, -71.265609, 46.912000, 1.818000, 1.850000, 3, 164
142030.777778, 2025-11-11T21:11:43.534Z, 42.291973, -71.265609, 46.943000, 1.737000, 1.820000, 3, 164
142086.388889, 2025-11-11T21:11:43.590Z, 42.291974, -71.265609, 46.936000, 1.739000, 1.740000, 3, 164
142142.000000, 2025-11-11T21:11:43.690Z, 42.291975, -71.265609, 46.971000, 1.685000, 1.740000, 3, 164
142197.611111, 2025-11-11T21:11:43.745Z, 42.291976, -71.265608, 47.033000, 1.648000, 1.690000, 3, 164
142253.222222, 2025-11-11T21:11:43.801Z, 42.291976, -71.265608, 47.082000, 1.626000, 1.650000, 3, 164
142308.833333, 2025-11-11T21:11:43.856Z, 42.291977, -71.265608, 47.140000, 1.580000, 1.630000, 3, 164
142364.444444, 2025-11-11T21:11:43.912Z, 42.291978, -71.265607, 47.144000, 1.600000, 1.580000, 3, 164
142420.055556, 2025-11-11T21:11:43.968Z, 42.291979, -71.265607, 47.189000, 1.597000, 1.600000, 3, 164
142475.666667, 2025-11-11T21:11:44.023Z, 42.291980, -71.265607, 47.107000, 1.627000, 1.600000, 3, 164
142531.277778, 2025-11-11T21:11:44.079Z, 42.291981, -71.265606, 47.285000, 1.698000, 1.630000, 3, 164
142586.888889, 2025-11-11T21:11:44.134Z, 42.291982, -71.265606, 47.421000, 1.706000, 1.700000, 3, 164
142642.500000, 2025-11-11T21:11:44.190Z, 42.291983, -71.265605, 47.561000, 1.730000, 1.710000, 3, 164
142698.111111, 2025-11-11T21:11:44.246Z, 42.291985, -71.265604, 47.583000, 1.796000, 1.730000, 3, 164
142753.722222, 2025-11-11T21:11:44.301Z, 42.291986, -71.265603, 47.601000, 1.857000, 1.800000, 3, 164
142809.333333, 2025-11-11T21:11:44.357Z, 42.291987, -71.265602, 47.579000, 1.935000, 1.860000, 3, 164
142864.944444, 2025-11-11T21:11:44.412Z, 42.291989, -71.265602, 47.576000, 1.977000, 1.940000, 3, 164
142920.555556, 2025-11-11T21:11:44.468Z, 42.291990, -71.265601, 47.595000, 2.014000, 1.980000, 3, 164
142976.166667, 2025-11-11T21:11:44.524Z, 42.291991, -71.265602, 47.469000, 1.933000, 2.010000, 3, 164
143031.777778, 2025-11-11T21:11:44.579Z, 42.291992, -71.265602, 47.547000, 1.977000, 1.930000, 3, 164
143087.388889, 2025-11-11T21:11:44.635Z, 42.291994, -71.265601, 47.547000, 1.999000, 1.980000, 3, 164
143143.000000, 2025-11-11T21:11:44.680Z, 42.291995, -71.265601, 47.528000, 2.070000, 2.000000, 3, 181
143198.611111, 2025-11-11T21:11:44.735Z, 42.291997, -71.265600, 47.461000, 2.062000, 2.070000, 3, 181
143254.222222, 2025-11-11T21:11:44.791Z, 42.291997, -71.265600, 47.421000, 2.046000, 2.060000, 3, 181
143309.833333, 2025-11-11T21:11:44.846Z, 42.291998, -71.265601, 47.503000, 1.949000, 2.050000, 3, 181
143365.444444, 2025-11-11T21:11:44.902Z, 42.291999, -71.265600, 47.538000, 1.929000, 1.950000, 3, 181
143421.055556, 2025-11-11T21:11:44.958Z, 42.291999, -71.265599, 47.291000, 1.779000, 1.930000, 3, 181
143476.666667, 2025-11-11T21:11:45.013Z, 42.292000, -71.265598, 47.091000, 1.841000, 1.780000, 3, 181
143532.277778, 2025-11-11T21:11:45.069Z, 42.292001, -71.265597, 47.021000, 1.888000, 1.840000, 3, 181
143587.888889, 2025-11-11T21:11:45.124Z, 42.292002, -71.265596, 46.912000, 1.900000, 1.890000, 3, 181
143643.500000, 2025-11-11T21:11:45.180Z, 42.292003, -71.265596, 46.942000, 1.818000, 1.900000, 3, 181
143699.111111, 2025-11-11T21:11:45.236Z, 42.292002, -71.265596, 47.191000, 1.620000, 1.820000, 3, 181
143754.722222, 2025-11-11T21:11:45.291Z, 42.292004, -71.265594, 47.087000, 1.781000, 1.620000, 3, 181
143810.333333, 2025-11-11T21:11:45.347Z, 42.292006, -71.265594, 46.858000, 1.932000, 1.780000, 3, 181
143865.944444, 2025-11-11T21:11:45.402Z, 42.292008, -71.265593, 46.774000, 2.163000, 1.940000, 3, 181
143921.555556, 2025-11-11T21:11:45.458Z, 42.292009, -71.265591, 46.742000, 2.198000, 2.170000, 3, 181
143977.166667, 2025-11-11T21:11:45.514Z, 42.292011, -71.265590, 46.724000, 2.282000, 2.200000, 3, 181
144032.777778, 2025-11-11T21:11:45.569Z, 42.292013, -71.265589, 46.736000, 2.363000, 2.290000, 3, 181
144088.388889, 2025-11-11T21:11:45.625Z, 42.292014, -71.265588, 46.712000, 2.390000, 2.370000, 3, 181
144144.000000, 2025-11-11T21:11:45.670Z, 42.292016, -71.265587, 46.679000, 2.418000, 2.400000, 3, 181
144196.684211, 2025-11-11T21:11:45.722Z, 42.292017, -71.265586, 46.698000, 2.443000, 2.420000, 3, 181
144249.368421, 2025-11-11T21:11:45.775Z, 42.292019, -71.265584, 46.740000, 2.620000, 2.450000, 3, 181
144302.052632, 2025-11-11T21:11:45.828Z, 42.292020, -71.265582, 46.786000, 2.685000, 2.630000, 3, 181
144354.736842, 2025-11-11T21:11:45.880Z, 42.292022, -71.265580, 46.893000, 2.869000, 2.690000, 3, 181
144407.421053, 2025-11-11T21:11:45.933Z, 42.292024, -71.265577, 47.153000, 3.078000, 2.870000, 3, 181
144460.105263, 2025-11-11T21:11:45.986Z, 42.292025, -71.265576, 47.252000, 3.028000, 3.080000, 3, 181
144512.789474, 2025-11-11T21:11:46.038Z, 42.292027, -71.265574, 47.384000, 3.133000, 3.030000, 3, 181
144565.473684, 2025-11-11T21:11:46.091Z, 42.292029, -71.265573, 47.460000, 3.182000, 3.130000, 3, 181
144618.157895, 2025-11-11T21:11:46.144Z, 42.292032, -71.265572, 47.502000, 3.200000, 3.180000, 3, 181
144670.842105, 2025-11-11T21:11:46.196Z, 42.292034, -71.265572, 47.527000, 3.206000, 3.200000, 3, 181
144723.526316, 2025-11-11T21:11:46.249Z, 42.292036, -71.265571, 47.588000, 3.230000, 3.210000, 3, 181
144776.210526, 2025-11-11T21:11:46.302Z, 42.292038, -71.265570, 47.592000, 3.233000, 3.230000, 3, 181
144828.894737, 2025-11-11T21:11:46.354Z, 42.292040, -71.265569, 47.612000, 3.193000, 3.230000, 3, 181
144881.578947, 2025-11-11T21:11:46.407Z, 42.292041, -71.265568, 47.705000, 3.116000, 3.190000, 3, 181
144934.263158, 2025-11-11T21:11:46.460Z, 42.292042, -71.265567, 47.768000, 3.026000, 3.120000, 3, 181
144986.947368, 2025-11-11T21:11:46.512Z, 42.292043, -71.265565, 47.826000, 2.978000, 3.030000, 3, 181
145039.631579, 2025-11-11T21:11:46.565Z, 42.292044, -71.265564, 47.874000, 2.972000, 2.980000, 3, 181
145092.315789, 2025-11-11T21:11:46.618Z, 42.292046, -71.265564, 47.878000, 2.980000, 2.970000, 3, 181
145145.000000, 2025-11-11T21:11:46.660Z, 42.292049, -71.265564, 47.887000, 2.983000, 2.980000, 3, 164
145200.611111, 2025-11-11T21:11:46.715Z, 42.292050, -71.265562, 47.917000, 2.907000, 2.980000, 3, 164
145256.222222, 2025-11-11T21:11:46.771Z, 42.292050, -71.265561, 47.800000, 2.772000, 2.910000, 3, 164
145311.833333, 2025-11-11T21:11:46.826Z, 42.292051, -71.265560, 47.828000, 2.718000, 2.770000, 3, 164
145367.444444, 2025-11-11T21:11:46.882Z, 42.292052, -71.265559, 47.875000, 2.623000, 2.720000, 3, 164
145423.055556, 2025-11-11T21:11:46.938Z, 42.292053, -71.265558, 47.914000, 2.509000, 2.620000, 3, 164
145478.666667, 2025-11-11T21:11:46.993Z, 42.292053, -71.265557, 47.973000, 2.394000, 2.510000, 3, 164
145534.277778, 2025-11-11T21:11:47.049Z, 42.292054, -71.265556, 48.081000, 2.273000, 2.390000, 3, 164
145589.888889, 2025-11-11T21:11:47.104Z, 42.292055, -71.265555, 48.175000, 2.304000, 2.270000, 3, 164
145645.500000, 2025-11-11T21:11:47.160Z, 42.292057, -71.265554, 48.175000, 2.341000, 2.310000, 3, 164
145701.111111, 2025-11-11T21:11:47.216Z, 42.292058, -71.265554, 48.054000, 2.335000, 2.340000, 3, 164
145756.722222, 2025-11-11T21:11:47.271Z, 42.292060, -71.265553, 48.003000, 2.443000, 2.340000, 3, 164
145812.333333, 2025-11-11T21:11:47.327Z, 42.292062, -71.265552, 47.941000, 2.464000, 2.440000, 3, 164
145867.944444, 2025-11-11T21:11:47.382Z, 42.292063, -71.265552, 47.787000, 2.383000, 2.460000, 3, 164
145923.555556, 2025-11-11T21:11:47.438Z, 42.292064, -71.265552, 47.584000, 2.298000, 2.380000, 3, 164
145979.166667, 2025-11-11T21:11:47.494Z, 42.292065, -71.265552, 47.376000, 2.213000, 2.300000, 3, 164
146034.777778, 2025-11-11T21:11:47.549Z, 42.292066, -71.265551, 47.313000, 2.214000, 2.210000, 3, 164
146090.388889, 2025-11-11T21:11:47.605Z, 42.292068, -71.265550, 47.171000, 2.271000, 2.220000, 3, 164
146146.000000, 2025-11-11T21:11:47.650Z, 42.292069, -71.265549, 47.073000, 2.303000, 2.270000, 3, 164
146201.611111, 2025-11-11T21:11:47.705Z, 42.292071, -71.265548, 47.001000, 2.390000, 2.310000, 3, 164
146257.222222, 2025-11-11T21:11:47.761Z, 42.292073, -71.265547, 46.980000, 2.477000, 2.390000, 3, 164
146312.833333, 2025-11-11T21:11:47.816Z, 42.292074, -71.265546, 46.955000, 2.525000, 2.480000, 3, 164
146368.444444, 2025-11-11T21:11:47.872Z, 42.292076, -71.265545, 46.941000, 2.563000, 2.530000, 3, 164
146424.055556, 2025-11-11T21:11:47.928Z, 42.292077, -71.265543, 46.915000, 2.640000, 2.570000, 3, 164
146479.666667, 2025-11-11T21:11:47.983Z, 42.292079, -71.265542, 46.989000, 2.686000, 2.640000, 3, 164
146535.277778, 2025-11-11T21:11:48.039Z, 42.292080, -71.265541, 47.059000, 2.697000, 2.690000, 3, 164
146590.888889, 2025-11-11T21:11:48.094Z, 42.292082, -71.265540, 47.075000, 2.687000, 2.700000, 3, 164
146646.500000, 2025-11-11T21:11:48.150Z, 42.292083, -71.265540, 47.060000, 2.709000, 2.690000, 3, 164
146702.111111, 2025-11-11T21:11:48.206Z, 42.292085, -71.265539, 47.085000, 2.656000, 2.710000, 3, 164
146757.722222, 2025-11-11T21:11:48.261Z, 42.292085, -71.265538, 47.181000, 2.574000, 2.660000, 3, 164
146813.333333, 2025-11-11T21:11:48.317Z, 42.292086, -71.265537, 47.255000, 2.500000, 2.580000, 3, 164
146868.944444, 2025-11-11T21:11:48.372Z, 42.292087, -71.265536, 47.318000, 2.465000, 2.500000, 3, 164
146924.555556, 2025-11-11T21:11:48.428Z, 42.292088, -71.265535, 47.371000, 2.469000, 2.470000, 3, 164
146980.166667, 2025-11-11T21:11:48.484Z, 42.292089, -71.265534, 47.435000, 2.376000, 2.470000, 3, 164
147035.777778, 2025-11-11T21:11:48.539Z, 42.292090, -71.265534, 47.537000, 2.264000, 2.380000, 3, 164
147091.388889, 2025-11-11T21:11:48.595Z, 42.292091, -71.265532, 47.574000, 2.343000, 2.260000, 3, 164
147147.000000, 2025-11-11T21:11:48.695Z, 42.292093, -71.265530, 47.623000, 2.491000, 2.340000, 3, 164
147202.611111, 2025-11-11T21:11:48.750Z, 42.292095, -71.265529, 47.689000, 2.579000, 2.490000, 3, 164
147258.222222, 2025-11-11T21:11:48.806Z, 42.292096, -71.265528, 47.692000, 2.589000, 2.580000, 3, 164
147313.833333, 2025-11-11T21:11:48.861Z, 42.292097, -71.265526, 47.780000, 2.649000, 2.590000, 3, 164
147369.444444, 2025-11-11T21:11:48.917Z, 42.292098, -71.265525, 47.800000, 2.682000, 2.650000, 3, 164
147425.055556, 2025-11-11T21:11:48.973Z, 42.292099, -71.265523, 47.711000, 2.661000, 2.680000, 3, 164
147480.666667, 2025-11-11T21:11:49.028Z, 42.292100, -71.265521, 47.686000, 2.718000, 2.660000, 3, 164
147536.277778, 2025-11-11T21:11:49.084Z, 42.292102, -71.265520, 47.663000, 2.736000, 2.720000, 3, 164
147591.888889, 2025-11-11T21:11:49.139Z, 42.292103, -71.265518, 47.685000, 2.879000, 2.740000, 3, 164
147647.500000, 2025-11-11T21:11:49.195Z, 42.292104, -71.265516, 47.699000, 2.825000, 2.880000, 3, 164
147703.111111, 2025-11-11T21:11:49.251Z, 42.292105, -71.265515, 47.653000, 2.770000, 2.830000, 3, 164
147758.722222, 2025-11-11T21:11:49.306Z, 42.292106, -71.265513, 47.571000, 2.805000, 2.770000, 3, 164
147814.333333, 2025-11-11T21:11:49.362Z, 42.292107, -71.265511, 47.613000, 2.832000, 2.810000, 3, 164
147869.944444, 2025-11-11T21:11:49.417Z, 42.292109, -71.265509, 47.652000, 2.956000, 2.830000, 3, 164
147925.555556, 2025-11-11T21:11:49.473Z, 42.292110, -71.265508, 47.626000, 2.935000, 2.960000, 3, 164
147981.166667, 2025-11-11T21:11:49.529Z, 42.292111, -71.265507, 47.505000, 2.775000, 2.940000, 3, 164
148036.777778, 2025-11-11T21:11:49.584Z, 42.292112, -71.265507, 47.407000, 2.698000, 2.780000, 3, 164
148092.388889, 2025-11-11T21:11:49.640Z, 42.292113, -71.265506, 47.425000, 2.658000, 2.700000, 3, 164
148148.000000, 2025-11-11T21:11:49.685Z, 42.292114, -71.265504, 47.502000, 2.627000, 2.660000, 3, 164
148203.611111, 2025-11-11T21:11:49.740Z, 42.292116, -71.265502, 47.607000, 2.764000, 2.630000, 3, 164
148259.222222, 2025-11-11T21:11:49.796Z, 42.292117, -71.265501, 47.694000, 2.788000, 2.770000, 3, 164
148314.833333, 2025-11-11T21:11:49.851Z, 42.292119, -71.265500, 47.741000, 2.838000, 2.790000, 3, 164
148370.444444, 2025-11-11T21:11:49.907Z, 42.292121, -71.265499, 47.794000, 2.880000, 2.840000, 3, 164
148426.055556, 2025-11-11T21:11:49.963Z, 42.292122, -71.265498, 47.782000, 2.811000, 2.880000, 3, 164
148481.666667, 2025-11-11T21:11:50.018Z, 42.292124, -71.265497, 47.731000, 2.847000, 2.810000, 3, 164
148537.277778, 2025-11-11T21:11:50.074Z, 42.292125, -71.265495, 47.660000, 2.943000, 2.850000, 3, 164
148592.888889, 2025-11-11T21:11:50.129Z, 42.292127, -71.265494, 47.608000, 3.014000, 2.940000, 3, 164
148648.500000, 2025-11-11T21:11:50.185Z, 42.292129, -71.265492, 47.563000, 3.024000, 3.020000, 3, 164
148704.111111, 2025-11-11T21:11:50.241Z, 42.292130, -71.265491, 47.513000, 3.101000, 3.030000, 3, 164
148759.722222, 2025-11-11T21:11:50.296Z, 42.292132, -71.265489, 47.474000, 3.184000, 3.100000, 3, 164
148815.333333, 2025-11-11T21:11:50.352Z, 42.292134, -71.265488, 47.465000, 3.182000, 3.190000, 3, 164
148870.944444, 2025-11-11T21:11:50.407Z, 42.292135, -71.265487, 47.454000, 3.104000, 3.180000, 3, 164
148926.555556, 2025-11-11T21:11:50.463Z, 42.292137, -71.265486, 47.438000, 3.104000, 3.110000, 3, 164
148982.166667, 2025-11-11T21:11:50.519Z, 42.292138, -71.265485, 47.285000, 3.009000, 3.110000, 3, 164
149037.777778, 2025-11-11T21:11:50.574Z, 42.292139, -71.265483, 47.203000, 2.944000, 3.010000, 3, 164
149093.388889, 2025-11-11T21:11:50.630Z, 42.292140, -71.265482, 47.193000, 2.972000, 2.950000, 3, 164
149149.000000, 2025-11-11T21:11:50.675Z, 42.292141, -71.265480, 47.119000, 2.963000, 2.980000, 3, 238
149204.611111, 2025-11-11T21:11:50.730Z, 42.292142, -71.265479, 47.048000, 2.897000, 2.970000, 3, 238
149260.222222, 2025-11-11T21:11:50.786Z, 42.292143, -71.265477, 46.821000, 2.775000, 2.900000, 3, 238
149315.833333, 2025-11-11T21:11:50.841Z, 42.292144, -71.265476, 46.757000, 2.775000, 2.780000, 3, 238
149371.444444, 2025-11-11T21:11:50.897Z, 42.292146, -71.265475, 46.709000, 2.837000, 2.790000, 3, 238
149427.055556, 2025-11-11T21:11:50.953Z, 42.292148, -71.265474, 46.633000, 2.961000, 2.850000, 3, 238
149482.666667, 2025-11-11T21:11:51.008Z, 42.292150, -71.265473, 46.533000, 3.042000, 2.970000, 3, 238
149538.277778, 2025-11-11T21:11:51.064Z, 42.292153, -71.265472, 46.460000, 3.189000, 3.050000, 3, 238
149593.888889, 2025-11-11T21:11:51.119Z, 42.292155, -71.265471, 46.415000, 3.173000, 3.200000, 3, 238
149649.500000, 2025-11-11T21:11:51.175Z, 42.292156, -71.265470, 46.328000, 3.164000, 3.180000, 3, 238
149705.111111, 2025-11-11T21:11:51.231Z, 42.292158, -71.265469, 46.285000, 3.151000, 3.180000, 3, 238
149760.722222, 2025-11-11T21:11:51.286Z, 42.292159, -71.265468, 46.212000, 3.181000, 3.170000, 3, 238
149816.333333, 2025-11-11T21:11:51.342Z, 42.292161, -71.265467, 46.148000, 3.220000, 3.200000, 3, 238
149871.944444, 2025-11-11T21:11:51.397Z, 42.292163, -71.265465, 46.131000, 3.255000, 3.240000, 3, 238
149927.555556, 2025-11-11T21:11:51.453Z, 42.292164, -71.265463, 46.153000, 3.263000, 3.270000, 3, 238
149983.166667, 2025-11-11T21:11:51.509Z, 42.292165, -71.265461, 46.171000, 3.325000, 3.280000, 3, 238
150038.777778, 2025-11-11T21:11:51.564Z, 42.292166, -71.265460, 46.182000, 3.311000, 3.340000, 3, 238
150094.388889, 2025-11-11T21:11:51.620Z, 42.292168, -71.265458, 46.172000, 3.296000, 3.320000, 3, 238
150150.000000, 2025-11-11T21:11:51.665Z, 42.292169, -71.265457, 46.142000, 3.273000, 3.310000, 3, 238
150202.684211, 2025-11-11T21:11:51.717Z, 42.292170, -71.265456, 46.106000, 3.245000, 3.290000, 3, 238
150255.368421, 2025-11-11T21:11:51.770Z, 42.292172, -71.265455, 46.095000, 3.267000, 3.260000, 3, 238
150308.052632, 2025-11-11T21:11:51.823Z, 42.292173, -71.265453, 46.062000, 3.255000, 3.280000, 3, 238
150360.736842, 2025-11-11T21:11:51.875Z, 42.292174, -71.265452, 46.059000, 3.183000, 3.270000, 3, 238
150413.421053, 2025-11-11T21:11:51.928Z, 42.292175, -71.265451, 46.086000, 3.191000, 3.200000, 3, 238
150466.105263, 2025-11-11T21:11:51.981Z, 42.292177, -71.265450, 46.134000, 3.175000, 3.200000, 3, 238
150518.789474, 2025-11-11T21:11:52.033Z, 42.292178, -71.265449, 46.151000, 3.084000, 3.190000, 3, 238
150571.473684, 2025-11-11T21:11:52.086Z, 42.292180, -71.265449, 46.213000, 2.957000, 3.100000, 3, 238
150624.157895, 2025-11-11T21:11:52.139Z, 42.292181, -71.265448, 46.253000, 2.943000, 2.970000, 3, 238
150676.842105, 2025-11-11T21:11:52.191Z, 42.292183, -71.265446, 46.293000, 3.059000, 2.960000, 3, 238
150729.526316, 2025-11-11T21:11:52.244Z, 42.292185, -71.265445, 46.336000, 3.174000, 3.070000, 3, 238
150782.210526, 2025-11-11T21:11:52.297Z, 42.292187, -71.265444, 46.377000, 3.220000, 3.180000, 3, 238
150834.894737, 2025-11-11T21:11:52.349Z, 42.292188, -71.265444, 46.440000, 3.203000, 3.230000, 3, 238
150887.578947, 2025-11-11T21:11:52.402Z, 42.292190, -71.265443, 46.507000, 3.192000, 3.210000, 3, 238
150940.263158, 2025-11-11T21:11:52.455Z, 42.292192, -71.265442, 46.496000, 3.202000, 3.200000, 3, 238
150992.947368, 2025-11-11T21:11:52.507Z, 42.292194, -71.265441, 46.593000, 3.240000, 3.210000, 3, 238
151045.631579, 2025-11-11T21:11:52.560Z, 42.292196, -71.265440, 46.692000, 3.246000, 3.250000, 3, 238
151098.315789, 2025-11-11T21:11:52.613Z, 42.292198, -71.265439, 46.781000, 3.289000, 3.250000, 3, 238
151151.000000, 2025-11-11T21:11:52.655Z, 42.292199, -71.265439, 46.838000, 3.257000, 3.290000, 3, 238
151206.611111, 2025-11-11T21:11:52.710Z, 42.292201, -71.265438, 46.982000, 3.237000, 3.260000, 3, 238
151262.222222, 2025-11-11T21:11:52.766Z, 42.292202, -71.265437, 46.928000, 3.066000, 3.240000, 3, 238
151317.833333, 2025-11-11T21:11:52.821Z, 42.292203, -71.265436, 47.069000, 3.098000, 3.070000, 3, 238
151373.444444, 2025-11-11T21:11:52.877Z, 42.292204, -71.265434, 47.161000, 3.125000, 3.100000, 3, 238
151429.055556, 2025-11-11T21:11:52.933Z, 42.292206, -71.265433, 47.268000, 3.193000, 3.130000, 3, 238
151484.666667, 2025-11-11T21:11:52.988Z, 42.292207, -71.265432, 47.358000, 3.192000, 3.190000, 3, 238
151540.277778, 2025-11-11T21:11:53.044Z, 42.292209, -71.265431, 47.387000, 3.219000, 3.190000, 3, 238
151595.888889, 2025-11-11T21:11:53.099Z, 42.292211, -71.265430, 47.281000, 3.266000, 3.220000, 3, 238
151651.500000, 2025-11-11T21:11:53.155Z, 42.292212, -71.265429, 47.218000, 3.171000, 3.270000, 3, 238
151707.111111, 2025-11-11T21:11:53.211Z, 42.292214, -71.265428, 47.197000, 3.262000, 3.170000, 3, 238
151762.722222, 2025-11-11T21:11:53.266Z, 42.292216, -71.265427, 47.176000, 3.220000, 3.260000, 3, 238
151818.333333, 2025-11-11T21:11:53.322Z, 42.292217, -71.265426, 47.122000, 3.144000, 3.220000, 3, 238
151873.944444, 2025-11-11T21:11:53.377Z, 42.292219, -71.265425, 47.118000, 3.130000, 3.150000, 3, 238
151929.555556, 2025-11-11T21:11:53.433Z, 42.292220, -71.265424, 47.123000, 3.082000, 3.130000, 3, 238
151985.166667, 2025-11-11T21:11:53.489Z, 42.292221, -71.265422, 47.174000, 3.107000, 3.080000, 3, 238
152040.777778, 2025-11-11T21:11:53.544Z, 42.292222, -71.265421, 47.119000, 3.115000, 3.110000, 3, 238
152096.388889, 2025-11-11T21:11:53.600Z, 42.292223, -71.265419, 47.154000, 3.120000, 3.120000, 3, 238
152152.000000, 2025-11-11T21:11:53.700Z, 42.292225, -71.265418, 47.194000, 3.174000, 3.120000, 3, 226
152207.611111, 2025-11-11T21:11:53.755Z, 42.292227, -71.265417, 47.203000, 3.202000, 3.170000, 3, 226
152263.222222, 2025-11-11T21:11:53.811Z, 42.292229, -71.265416, 47.214000, 3.324000, 3.200000, 3, 226
152318.833333, 2025-11-11T21:11:53.866Z, 42.292231, -71.265414, 47.230000, 3.386000, 3.330000, 3, 226
152374.444444, 2025-11-11T21:11:53.922Z, 42.292232, -71.265412, 47.245000, 3.482000, 3.390000, 3, 226
152430.055556, 2025-11-11T21:11:53.978Z, 42.292233, -71.265410, 47.306000, 3.608000, 3.480000, 3, 226
152485.666667, 2025-11-11T21:11:54.033Z, 42.292236, -71.265408, 47.344000, 3.783000, 3.610000, 3, 226
152541.277778, 2025-11-11T21:11:54.089Z, 42.292238, -71.265406, 47.436000, 3.973000, 3.780000, 3, 226
152596.888889, 2025-11-11T21:11:54.144Z, 42.292240, -71.265403, 47.586000, 4.218000, 3.970000, 3, 226
152652.500000, 2025-11-11T21:11:54.200Z, 42.292241, -71.265401, 47.699000, 4.072000, 4.220000, 3, 226
152708.111111, 2025-11-11T21:11:54.256Z, 42.292242, -71.265400, 47.670000, 4.018000, 4.070000, 3, 226
152763.722222, 2025-11-11T21:11:54.311Z, 42.292241, -71.265399, 47.549000, 3.622000, 4.020000, 3, 226
152819.333333, 2025-11-11T21:11:54.367Z, 42.292243, -71.265397, 47.519000, 3.624000, 3.620000, 3, 226
152874.944444, 2025-11-11T21:11:54.422Z, 42.292243, -71.265395, 47.500000, 3.529000, 3.620000, 3, 226
152930.555556, 2025-11-11T21:11:54.478Z, 42.292245, -71.265394, 47.509000, 3.481000, 3.530000, 3, 226
152986.166667, 2025-11-11T21:11:54.534Z, 42.292246, -71.265393, 47.484000, 3.428000, 3.480000, 3, 226
153041.777778, 2025-11-11T21:11:54.589Z, 42.292247, -71.265393, 47.358000, 3.148000, 3.430000, 3, 226
153097.388889, 2025-11-11T21:11:54.645Z, 42.292248, -71.265392, 47.258000, 3.165000, 3.150000, 3, 226
153153.000000, 2025-11-11T21:11:54.690Z, 42.292249, -71.265390, 47.268000, 3.210000, 3.170000, 3, 169
153205.684211, 2025-11-11T21:11:54.742Z, 42.292252, -71.265389, 47.441000, 3.368000, 3.210000, 3, 169
153258.368421, 2025-11-11T21:11:54.795Z, 42.292253, -71.265388, 47.490000, 3.277000, 3.370000, 3, 169
153311.052632, 2025-11-11T21:11:54.848Z, 42.292255, -71.265388, 47.562000, 3.208000, 3.280000, 3, 169
153363.736842, 2025-11-11T21:11:54.900Z, 42.292256, -71.265387, 47.630000, 3.111000, 3.210000, 3, 169
153416.421053, 2025-11-11T21:11:54.953Z, 42.292256, -71.265385, 47.692000, 2.983000, 3.110000, 3, 169
153469.105263, 2025-11-11T21:11:55.006Z, 42.292256, -71.265384, 47.760000, 2.874000, 2.980000, 3, 169
153521.789474, 2025-11-11T21:11:55.058Z, 42.292257, -71.265383, 47.835000, 2.734000, 2.870000, 3, 169
153574.473684, 2025-11-11T21:11:55.111Z, 42.292257, -71.265383, 47.887000, 2.607000, 2.730000, 3, 169
153627.157895, 2025-11-11T21:11:55.164Z, 42.292258, -71.265382, 48.073000, 2.562000, 2.610000, 3, 169
153679.842105, 2025-11-11T21:11:55.216Z, 42.292258, -71.265380, 48.305000, 2.536000, 2.560000, 3, 169
153732.526316, 2025-11-11T21:11:55.269Z, 42.292260, -71.265380, 48.437000, 2.539000, 2.540000, 3, 169
153785.210526, 2025-11-11T21:11:55.322Z, 42.292261, -71.265379, 48.449000, 2.455000, 2.540000, 3, 169
153837.894737, 2025-11-11T21:11:55.374Z, 42.292262, -71.265378, 48.565000, 2.405000, 2.460000, 3, 169
153890.578947, 2025-11-11T21:11:55.427Z, 42.292263, -71.265377, 48.603000, 2.397000, 2.410000, 3, 169
153943.263158, 2025-11-11T21:11:55.480Z, 42.292264, -71.265377, 48.612000, 2.417000, 2.400000, 3, 169
153995.947368, 2025-11-11T21:11:55.532Z, 42.292265, -71.265375, 48.630000, 2.438000, 2.420000, 3, 169
154048.631579, 2025-11-11T21:11:55.585Z, 42.292267, -71.265374, 48.643000, 2.454000, 2.450000, 3, 169
154101.315789, 2025-11-11T21:11:55.638Z, 42.292268, -71.265373, 48.754000, 2.471000, 2.460000, 3, 169
154154.000000, 2025-11-11T21:11:55.680Z, 42.292269, -71.265372, 48.849000, 2.456000, 2.480000, 3, 169
154212.882353, 2025-11-11T21:11:55.738Z, 42.292270, -71.265371, 48.940000, 2.505000, 2.460000, 3, 169
154271.764706, 2025-11-11T21:11:55.797Z, 42.292271, -71.265369, 49.029000, 2.482000, 2.510000, 3, 169
154330.647059, 2025-11-11T21:11:55.856Z, 42.292272, -71.265368, 49.152000, 2.459000, 2.490000, 3, 169
154389.529412, 2025-11-11T21:11:55.915Z, 42.292273, -71.265367, 49.267000, 2.423000, 2.470000, 3, 169
154448.411765, 2025-11-11T21:11:55.974Z, 42.292274, -71.265366, 49.402000, 2.502000, 2.430000, 3, 169
154507.294118, 2025-11-11T21:11:56.033Z, 42.292276, -71.265365, 49.504000, 2.491000, 2.510000, 3, 169
154566.176471, 2025-11-11T21:11:56.092Z, 42.292277, -71.265364, 49.574000, 2.471000, 2.500000, 3, 169
154625.058824, 2025-11-11T21:11:56.151Z, 42.292278, -71.265362, 49.675000, 2.495000, 2.480000, 3, 169
154683.941176, 2025-11-11T21:11:56.209Z, 42.292279, -71.265360, 49.805000, 2.638000, 2.510000, 3, 169
154742.823529, 2025-11-11T21:11:56.268Z, 42.292280, -71.265360, 49.725000, 2.550000, 2.650000, 3, 169
154801.705882, 2025-11-11T21:11:56.327Z, 42.292282, -71.265357, 49.881000, 2.732000, 2.560000, 3, 169
154860.588235, 2025-11-11T21:11:56.386Z, 42.292283, -71.265355, 50.051000, 2.899000, 2.740000, 3, 169
154919.470588, 2025-11-11T21:11:56.445Z, 42.292285, -71.265353, 50.144000, 3.001000, 2.910000, 3, 169
154978.352941, 2025-11-11T21:11:56.504Z, 42.292285, -71.265352, 50.079000, 2.912000, 3.010000, 3, 169
155037.235294, 2025-11-11T21:11:56.563Z, 42.292286, -71.265350, 50.089000, 2.894000, 2.920000, 3, 169
155096.117647, 2025-11-11T21:11:56.622Z, 42.292287, -71.265349, 50.018000, 2.786000, 2.900000, 3, 169
155155.000000, 2025-11-11T21:11:56.670Z, 42.292288, -71.265348, 49.965000, 2.684000, 2.800000, 3, 169
155207.684211, 2025-11-11T21:11:56.722Z, 42.292289, -71.265347, 49.932000, 2.584000, 2.690000, 3, 169
155260.368421, 2025-11-11T21:11:56.775Z, 42.292289, -71.265345, 50.004000, 2.538000, 2.590000, 3, 169
155313.052632, 2025-11-11T21:11:56.828Z, 42.292290, -71.265344, 50.059000, 2.436000, 2.550000, 3, 169
155365.736842, 2025-11-11T21:11:56.880Z, 42.292290, -71.265344, 50.125000, 2.300000, 2.450000, 3, 169
155418.421053, 2025-11-11T21:11:56.933Z, 42.292291, -71.265343, 50.189000, 2.204000, 2.310000, 3, 169
155471.105263, 2025-11-11T21:11:56.986Z, 42.292291, -71.265342, 50.201000, 2.143000, 2.220000, 3, 169
155523.789474, 2025-11-11T21:11:57.038Z, 42.292292, -71.265341, 50.197000, 2.063000, 2.160000, 3, 169
155576.473684, 2025-11-11T21:11:57.091Z, 42.292292, -71.265340, 50.267000, 1.873000, 2.080000, 3, 169
155629.157895, 2025-11-11T21:11:57.144Z, 42.292292, -71.265340, 50.356000, 1.703000, 1.890000, 3, 169
155681.842105, 2025-11-11T21:11:57.196Z, 42.292291, -71.265340, 50.451000, 1.500000, 1.720000, 3, 169
155734.526316, 2025-11-11T21:11:57.249Z, 42.292291, -71.265340, 50.521000, 1.292000, 1.520000, 3, 169
155787.210526, 2025-11-11T21:11:57.302Z, 42.292292, -71.265340, 50.408000, 1.120000, 1.320000, 3, 169
155839.894737, 2025-11-11T21:11:57.354Z, 42.292293, -71.265339, 50.429000, 1.272000, 1.140000, 3, 169
155892.578947, 2025-11-11T21:11:57.407Z, 42.292294, -71.265338, 50.439000, 1.299000, 1.290000, 3, 169
155945.263158, 2025-11-11T21:11:57.460Z, 42.292296, -71.265337, 50.470000, 1.404000, 1.320000, 3, 169
155997.947368, 2025-11-11T21:11:57.512Z, 42.292296, -71.265336, 50.490000, 1.464000, 1.420000, 3, 169
156050.631579, 2025-11-11T21:11:57.565Z, 42.292297, -71.265335, 50.515000, 1.535000, 1.480000, 3, 169
156103.315789, 2025-11-11T21:11:57.618Z, 42.292297, -71.265333, 50.559000, 1.567000, 1.550000, 3, 169
156156.000000, 2025-11-11T21:11:57.660Z, 42.292298, -71.265332, 50.604000, 1.605000, 1.580000, 3, 169
156211.611111, 2025-11-11T21:11:57.715Z, 42.292299, -71.265332, 50.494000, 1.485000, 1.620000, 3, 169
156267.222222, 2025-11-11T21:11:57.771Z, 42.292300, -71.265332, 50.464000, 1.479000, 1.490000, 3, 169
156322.833333, 2025-11-11T21:11:57.826Z, 42.292302, -71.265331, 50.423000, 1.588000, 1.490000, 3, 169
156378.444444, 2025-11-11T21:11:57.882Z, 42.292303, -71.265330, 50.372000, 1.590000, 1.590000, 3, 169
156434.055556, 2025-11-11T21:11:57.938Z, 42.292304, -71.265329, 50.319000, 1.639000, 1.590000, 3, 169
156489.666667, 2025-11-11T21:11:57.993Z, 42.292306, -71.265328, 50.307000, 1.728000, 1.640000, 3, 169
156545.277778, 2025-11-11T21:11:58.049Z, 42.292307, -71.265327, 50.326000, 1.793000, 1.730000, 3, 169
156600.888889, 2025-11-11T21:11:58.104Z, 42.292308, -71.265325, 50.403000, 1.867000, 1.800000, 3, 169
156656.500000, 2025-11-11T21:11:58.160Z, 42.292309, -71.265324, 50.436000, 1.881000, 1.870000, 3, 169
156712.111111, 2025-11-11T21:11:58.216Z, 42.292311, -71.265323, 50.397000, 1.898000, 1.880000, 3, 169
156767.722222, 2025-11-11T21:11:58.271Z, 42.292312, -71.265322, 50.422000, 1.989000, 1.900000, 3, 169
156823.333333, 2025-11-11T21:11:58.327Z, 42.292313, -71.265320, 50.531000, 2.114000, 1.990000, 3, 169
156878.944444, 2025-11-11T21:11:58.382Z, 42.292313, -71.265318, 50.551000, 2.176000, 2.120000, 3, 169
156934.555556, 2025-11-11T21:11:58.438Z, 42.292313, -71.265316, 50.630000, 2.124000, 2.180000, 3, 169
156990.166667, 2025-11-11T21:11:58.494Z, 42.292314, -71.265315, 50.714000, 2.070000, 2.130000, 3, 169
157045.777778, 2025-11-11T21:11:58.549Z, 42.292315, -71.265315, 50.803000, 1.990000, 2.070000, 3, 169
157101.388889, 2025-11-11T21:11:58.605Z, 42.292315, -71.265315, 50.865000, 1.898000, 1.990000, 3, 169
157157.000000, 2025-11-11T21:11:58.650Z, 42.292316, -71.265314, 50.806000, 1.820000, 1.900000, 3, 169
157212.611111, 2025-11-11T21:11:58.705Z, 42.292317, -71.265313, 50.747000, 1.782000, 1.820000, 3, 169
157268.222222, 2025-11-11T21:11:58.761Z, 42.292317, -71.265312, 50.701000, 1.744000, 1.780000, 3, 169
157323.833333, 2025-11-11T21:11:58.816Z, 42.292319, -71.265311, 50.688000, 1.810000, 1.750000, 3, 169
157379.444444, 2025-11-11T21:11:58.872Z, 42.292321, -71.265309, 50.721000, 2.050000, 1.810000, 3, 169
157435.055556, 2025-11-11T21:11:58.928Z, 42.292322, -71.265308, 50.717000, 2.111000, 2.050000, 3, 169
157490.666667, 2025-11-11T21:11:58.983Z, 42.292324, -71.265306, 50.682000, 2.208000, 2.110000, 3, 169
157546.277778, 2025-11-11T21:11:59.039Z, 42.292325, -71.265305, 50.656000, 2.152000, 2.210000, 3, 169
157601.888889, 2025-11-11T21:11:59.094Z, 42.292326, -71.265305, 50.589000, 2.082000, 2.150000, 3, 169
157657.500000, 2025-11-11T21:11:59.150Z, 42.292328, -71.265305, 50.513000, 1.949000, 2.080000, 3, 169
157713.111111, 2025-11-11T21:11:59.206Z, 42.292330, -71.265305, 50.502000, 1.977000, 1.950000, 3, 169
157768.722222, 2025-11-11T21:11:59.261Z, 42.292332, -71.265304, 50.580000, 2.098000, 1.980000, 3, 169
157824.333333, 2025-11-11T21:11:59.317Z, 42.292333, -71.265302, 50.692000, 2.147000, 2.100000, 3, 169
157879.944444, 2025-11-11T21:11:59.372Z, 42.292334, -71.265301, 50.730000, 2.174000, 2.150000, 3, 169
157935.555556, 2025-11-11T21:11:59.428Z, 42.292335, -71.265300, 50.764000, 2.224000, 2.170000, 3, 169
157991.166667, 2025-11-11T21:11:59.484Z, 42.292336, -71.265299, 50.844000, 2.227000, 2.220000, 3, 169
158046.777778, 2025-11-11T21:11:59.539Z, 42.292337, -71.265297, 50.953000, 2.248000, 2.230000, 3, 169
158102.388889, 2025-11-11T21:11:59.595Z, 42.292338, -71.265296, 51.084000, 2.251000, 2.250000, 3, 169
158158.000000, 2025-11-11T21:11:59.695Z, 42.292339, -71.265294, 51.193000, 2.339000, 2.250000, 3, 191
158213.611111, 2025-11-11T21:11:59.750Z, 42.292340, -71.265293, 51.243000, 2.383000, 2.340000, 3, 191
158269.222222, 2025-11-11T21:11:59.806Z, 42.292341, -71.265291, 51.277000, 2.444000, 2.380000, 3, 191
158324.833333, 2025-11-11T21:11:59.861Z, 42.292341, -71.265289, 51.324000, 2.449000, 2.440000, 3, 191
158380.444444, 2025-11-11T21:11:59.917Z, 42.292342, -71.265287, 51.357000, 2.484000, 2.450000, 3, 191
158436.055556, 2025-11-11T21:11:59.973Z, 42.292343, -71.265285, 51.431000, 2.492000, 2.490000, 3, 191
158491.666667, 2025-11-11T21:12:00.028Z, 42.292344, -71.265284, 51.446000, 2.559000, 2.490000, 3, 191
158547.277778, 2025-11-11T21:12:00.084Z, 42.292345, -71.265282, 51.505000, 2.577000, 2.560000, 3, 191
158602.888889, 2025-11-11T21:12:00.139Z, 42.292347, -71.265280, 51.552000, 2.628000, 2.580000, 3, 191
158658.500000, 2025-11-11T21:12:00.195Z, 42.292348, -71.265279, 51.596000, 2.685000, 2.630000, 3, 191
158714.111111, 2025-11-11T21:12:00.251Z, 42.292350, -71.265277, 51.632000, 2.737000, 2.690000, 3, 191
158769.722222, 2025-11-11T21:12:00.306Z, 42.292350, -71.265275, 51.631000, 2.726000, 2.740000, 3, 191
158825.333333, 2025-11-11T21:12:00.362Z, 42.292352, -71.265274, 51.632000, 2.736000, 2.730000, 3, 191
158880.944444, 2025-11-11T21:12:00.417Z, 42.292353, -71.265272, 51.618000, 2.820000, 2.740000, 3, 191
158936.555556, 2025-11-11T21:12:00.473Z, 42.292354, -71.265270, 51.602000, 2.913000, 2.820000, 3, 191
158992.166667, 2025-11-11T21:12:00.529Z, 42.292356, -71.265267, 51.558000, 2.956000, 2.910000, 3, 191
159047.777778, 2025-11-11T21:12:00.584Z, 42.292357, -71.265265, 51.526000, 2.989000, 2.960000, 3, 191
159103.388889, 2025-11-11T21:12:00.640Z, 42.292358, -71.265263, 51.494000, 3.042000, 2.990000, 3, 191
159159.000000, 2025-11-11T21:12:00.740Z, 42.292359, -71.265261, 51.416000, 3.077000, 3.040000, 3, 191
159211.684211, 2025-11-11T21:12:00.792Z, 42.292359, -71.265259, 51.473000, 3.015000, 3.080000, 3, 191
159264.368421, 2025-11-11T21:12:00.845Z, 42.292360, -71.265258, 51.492000, 2.945000, 3.020000, 3, 191
159317.052632, 2025-11-11T21:12:00.898Z, 42.292361, -71.265257, 51.435000, 2.896000, 2.940000, 3, 191
159369.736842, 2025-11-11T21:12:00.950Z, 42.292363, -71.265255, 51.336000, 2.847000, 2.900000, 3, 191
159422.421053, 2025-11-11T21:12:01.003Z, 42.292364, -71.265254, 51.286000, 2.824000, 2.850000, 3, 191
159475.105263, 2025-11-11T21:12:01.056Z, 42.292366, -71.265253, 51.277000, 2.803000, 2.820000, 3, 191
159527.789474, 2025-11-11T21:12:01.108Z, 42.292367, -71.265252, 51.318000, 2.780000, 2.800000, 3, 191
159580.473684, 2025-11-11T21:12:01.161Z, 42.292368, -71.265250, 51.403000, 2.779000, 2.780000, 3, 191
159633.157895, 2025-11-11T21:12:01.214Z, 42.292368, -71.265248, 51.470000, 2.776000, 2.780000, 3, 191
159685.842105, 2025-11-11T21:12:01.266Z, 42.292369, -71.265246, 51.504000, 2.777000, 2.780000, 3, 191
159738.526316, 2025-11-11T21:12:01.319Z, 42.292369, -71.265244, 51.583000, 2.753000, 2.780000, 3, 191
159791.210526, 2025-11-11T21:12:01.372Z, 42.292371, -71.265242, 51.585000, 2.836000, 2.750000, 3, 191
159843.894737, 2025-11-11T21:12:01.424Z, 42.292372, -71.265241, 51.627000, 2.728000, 2.840000, 3, 191
159896.578947, 2025-11-11T21:12:01.477Z, 42.292372, -71.265240, 51.640000, 2.661000, 2.730000, 3, 191
159949.263158, 2025-11-11T21:12:01.530Z, 42.292374, -71.265238, 51.649000, 2.667000, 2.660000, 3, 191
160001.947368, 2025-11-11T21:12:01.582Z, 42.292375, -71.265237, 51.685000, 2.715000, 2.670000, 3, 191
160054.631579, 2025-11-11T21:12:01.635Z, 42.292377, -71.265236, 51.625000, 2.770000, 2.710000, 3, 191
160107.315789, 2025-11-11T21:12:01.688Z, 42.292378, -71.265234, 51.608000, 2.693000, 2.770000, 3, 191
160160.000000, 2025-11-11T21:12:01.730Z, 42.292379, -71.265232, 51.693000, 2.723000, 2.690000, 3, 210
160218.882353, 2025-11-11T21:12:01.788Z, 42.292380, -71.265231, 51.670000, 2.650000, 2.720000, 3, 210
160277.764706, 2025-11-11T21:12:01.847Z, 42.292380, -71.265229, 51.715000, 2.650000, 2.650000, 3, 210
160336.647059, 2025-11-11T21:12:01.906Z, 42.292381, -71.265227, 51.836000, 2.713000, 2.650000, 3, 210
160395.529412, 2025-11-11T21:12:01.965Z, 42.292382, -71.265225, 52.078000, 2.865000, 2.710000, 3, 210
160454.411765, 2025-11-11T21:12:02.024Z, 42.292383, -71.265223, 52.159000, 2.847000, 2.870000, 3, 210
160513.294118, 2025-11-11T21:12:02.083Z, 42.292384, -71.265221, 52.248000, 2.870000, 2.850000, 3, 210
160572.176471, 2025-11-11T21:12:02.142Z, 42.292385, -71.265220, 52.332000, 2.831000, 2.870000, 3, 210
160631.058824, 2025-11-11T21:12:02.201Z, 42.292386, -71.265218, 52.370000, 2.843000, 2.830000, 3, 210
160689.941176, 2025-11-11T21:12:02.259Z, 42.292387, -71.265216, 52.459000, 2.838000, 2.840000, 3, 210
160748.823529, 2025-11-11T21:12:02.318Z, 42.292389, -71.265215, 52.584000, 2.746000, 2.840000, 3, 210
160807.705882, 2025-11-11T21:12:02.377Z, 42.292390, -71.265214, 52.643000, 2.711000, 2.750000, 3, 210
160866.588235, 2025-11-11T21:12:02.436Z, 42.292392, -71.265213, 52.711000, 2.704000, 2.710000, 3, 210
160925.470588, 2025-11-11T21:12:02.495Z, 42.292394, -71.265211, 52.745000, 2.716000, 2.710000, 3, 210
160984.352941, 2025-11-11T21:12:02.554Z, 42.292395, -71.265210, 52.891000, 2.696000, 2.720000, 3, 210
161043.235294, 2025-11-11T21:12:02.613Z, 42.292395, -71.265209, 52.944000, 2.505000, 2.700000, 3, 210
161102.117647, 2025-11-11T21:12:02.672Z, 42.292396, -71.265207, 52.937000, 2.579000, 2.510000, 3, 210
161161.000000, 2025-11-11T21:12:02.665Z, 42.292397, -71.265205, 53.009000, 2.601000, 2.580000, 3, 210
161213.684211, 2025-11-11T21:12:02.717Z, 42.292398, -71.265203, 53.035000, 2.784000, 2.600000, 3, 210
161266.368421, 2025-11-11T21:12:02.770Z, 42.292399, -71.265202, 53.036000, 2.679000, 2.790000, 3, 210
161319.052632, 2025-11-11T21:12:02.823Z, 42.292400, -71.265200, 53.186000, 2.683000, 2.680000, 3, 210
161371.736842, 2025-11-11T21:12:02.875Z, 42.292401, -71.265199, 53.206000, 2.615000, 2.690000, 3, 210
161424.421053, 2025-11-11T21:12:02.928Z, 42.292403, -71.265197, 53.254000, 2.619000, 2.620000, 3, 210
161477.105263, 2025-11-11T21:12:02.981Z, 42.292403, -71.265196, 53.148000, 2.525000, 2.620000, 3, 210
161529.789474, 2025-11-11T21:12:03.033Z, 42.292405, -71.265194, 53.052000, 2.599000, 2.530000, 3, 210
161582.473684, 2025-11-11T21:12:03.086Z, 42.292407, -71.265193, 52.924000, 2.590000, 2.600000, 3, 210
161635.157895, 2025-11-11T21:12:03.139Z, 42.292408, -71.265192, 52.842000, 2.531000, 2.590000, 3, 210
161687.842105, 2025-11-11T21:12:03.191Z, 42.292410, -71.265191, 52.763000, 2.532000, 2.530000, 3, 210
161740.526316, 2025-11-11T21:12:03.244Z, 42.292411, -71.265189, 52.710000, 2.446000, 2.530000, 3, 210
161793.210526, 2025-11-11T21:12:03.297Z, 42.292412, -71.265188, 52.671000, 2.443000, 2.450000, 3, 210
161845.894737, 2025-11-11T21:12:03.349Z, 42.292413, -71.265187, 52.643000, 2.515000, 2.440000, 3, 210
161898.578947, 2025-11-11T21:12:03.402Z, 42.292414, -71.265185, 52.547000, 2.547000, 2.510000, 3, 210
161951.263158, 2025-11-11T21:12:03.455Z, 42.292415, -71.265183, 52.463000, 2.485000, 2.550000, 3, 210
162003.947368, 2025-11-11T21:12:03.507Z, 42.292416, -71.265181, 52.393000, 2.522000, 2.490000, 3, 210
162056.631579, 2025-11-11T21:12:03.560Z, 42.292417, -71.265180, 52.173000, 2.704000, 2.520000, 3, 210
162109.315789, 2025-11-11T21:12:03.613Z, 42.292419, -71.265178, 52.070000, 2.621000, 2.710000, 3, 210
162162.000000, 2025-11-11T21:12:03.710Z, 42.292420, -71.265177, 51.869000, 2.514000, 2.620000, 3, 211
162217.611111, 2025-11-11T21:12:03.765Z, 42.292422, -71.265176, 51.641000, 2.540000, 2.520000, 3, 211
162273.222222, 2025-11-11T21:12:03.821Z, 42.292424, -71.265174, 51.351000, 2.662000, 2.550000, 3, 211
162328.833333, 2025-11-11T21:12:03.876Z, 42.292426, -71.265173, 51.315000, 2.721000, 2.670000, 3, 211
162384.444444, 2025-11-11T21:12:03.932Z, 42.292428, -71.265173, 51.473000, 2.840000, 2.730000, 3, 211
162440.055556, 2025-11-11T21:12:03.988Z, 42.292430, -71.265171, 51.495000, 2.887000, 2.850000, 3, 211
162495.666667, 2025-11-11T21:12:04.043Z, 42.292432, -71.265170, 51.587000, 2.850000, 2.890000, 3, 211
162551.277778, 2025-11-11T21:12:04.099Z, 42.292433, -71.265169, 51.614000, 2.819000, 2.860000, 3, 211
162606.888889, 2025-11-11T21:12:04.154Z, 42.292435, -71.265168, 51.620000, 2.781000, 2.820000, 3, 211
162662.500000, 2025-11-11T21:12:04.210Z, 42.292436, -71.265167, 51.646000, 2.772000, 2.790000, 3, 211
162718.111111, 2025-11-11T21:12:04.266Z, 42.292438, -71.265166, 51.664000, 2.807000, 2.780000, 3, 211
162773.722222, 2025-11-11T21:12:04.321Z, 42.292439, -71.265165, 51.706000, 2.780000, 2.810000, 3, 211
162829.333333, 2025-11-11T21:12:04.377Z, 42.292440, -71.265163, 51.774000, 2.768000, 2.790000, 3, 211
162884.944444, 2025-11-11T21:12:04.432Z, 42.292442, -71.265162, 51.816000, 2.733000, 2.770000, 3, 211
162940.555556, 2025-11-11T21:12:04.488Z, 42.292442, -71.265160, 51.897000, 2.694000, 2.740000, 3, 211
162996.166667, 2025-11-11T21:12:04.544Z, 42.292443, -71.265159, 51.908000, 2.677000, 2.700000, 3, 211
163051.777778, 2025-11-11T21:12:04.599Z, 42.292445, -71.265158, 52.060000, 2.711000, 2.680000, 3, 211
163107.388889, 2025-11-11T21:12:04.655Z, 42.292446, -71.265157, 52.167000, 2.677000, 2.710000, 3, 211
163163.000000, 2025-11-11T21:12:04.700Z, 42.292448, -71.265155, 52.195000, 2.683000, 2.680000, 3, 211
163218.611111, 2025-11-11T21:12:04.755Z, 42.292449, -71.265154, 52.226000, 2.677000, 2.680000, 3, 211
163274.222222, 2025-11-11T21:12:04.811Z, 42.292450, -71.265153, 52.350000, 2.700000, 2.680000, 3, 211
163329.833333, 2025-11-11T21:12:04.866Z, 42.292451, -71.265152, 52.223000, 2.601000, 2.700000, 3, 211
163385.444444, 2025-11-11T21:12:04.922Z, 42.292453, -71.265151, 52.279000, 2.596000, 2.600000, 3, 211
163441.055556, 2025-11-11T21:12:04.978Z, 42.292453, -71.265148, 52.436000, 2.609000, 2.600000, 3, 211
163496.666667, 2025-11-11T21:12:05.033Z, 42.292454, -71.265146, 52.558000, 2.626000, 2.610000, 3, 211
163552.277778, 2025-11-11T21:12:05.089Z, 42.292454, -71.265145, 52.650000, 2.612000, 2.630000, 3, 211
163607.888889, 2025-11-11T21:12:05.144Z, 42.292455, -71.265143, 52.749000, 2.634000, 2.610000, 3, 211
163663.500000, 2025-11-11T21:12:05.200Z, 42.292456, -71.265141, 52.824000, 2.624000, 2.630000, 3, 211
163719.111111, 2025-11-11T21:12:05.256Z, 42.292456, -71.265139, 52.855000, 2.556000, 2.620000, 3, 211
163774.722222, 2025-11-11T21:12:05.311Z, 42.292457, -71.265138, 52.944000, 2.490000, 2.560000, 3, 211
163830.333333, 2025-11-11T21:12:05.367Z, 42.292458, -71.265137, 52.971000, 2.522000, 2.490000, 3, 211
163885.944444, 2025-11-11T21:12:05.422Z, 42.292459, -71.265135, 53.184000, 2.591000, 2.520000, 3, 211
163941.555556, 2025-11-11T21:12:05.478Z, 42.292461, -71.265134, 53.235000, 2.652000, 2.590000, 3, 211
163997.166667, 2025-11-11T21:12:05.534Z, 42.292462, -71.265132, 53.214000, 2.652000, 2.650000, 3, 211
164052.777778, 2025-11-11T21:12:05.589Z, 42.292464, -71.265131, 53.002000, 2.772000, 2.650000, 3, 211
164108.388889, 2025-11-11T21:12:05.645Z, 42.292466, -71.265130, 53.043000, 2.729000, 2.770000, 3, 211
164164.000000, 2025-11-11T21:12:05.690Z, 42.292466, -71.265129, 53.388000, 2.606000, 2.730000, 3, 207
164216.684211, 2025-11-11T21:12:05.742Z, 42.292468, -71.265127, 53.326000, 2.660000, 2.610000, 3, 207
164269.368421, 2025-11-11T21:12:05.795Z, 42.292469, -71.265126, 53.470000, 2.704000, 2.660000, 3, 207
164322.052632, 2025-11-11T21:12:05.848Z, 42.292471, -71.265124, 53.286000, 2.816000, 2.700000, 3, 207
164374.736842, 2025-11-11T21:12:05.900Z, 42.292472, -71.265123, 53.418000, 2.722000, 2.820000, 3, 207
164427.421053, 2025-11-11T21:12:05.953Z, 42.292474, -71.265121, 53.242000, 2.871000, 2.720000, 3, 207
164480.105263, 2025-11-11T21:12:06.006Z, 42.292476, -71.265120, 53.094000, 2.820000, 2.870000, 3, 207
164532.789474, 2025-11-11T21:12:06.058Z, 42.292477, -71.265120, 53.150000, 2.694000, 2.820000, 3, 207
164585.473684, 2025-11-11T21:12:06.111Z, 42.292478, -71.265118, 53.192000, 2.791000, 2.690000, 3, 207
164638.157895, 2025-11-11T21:12:06.164Z, 42.292480, -71.265117, 53.358000, 2.890000, 2.790000, 3, 207
164690.842105, 2025-11-11T21:12:06.216Z, 42.292481, -71.265116, 53.458000, 2.881000, 2.890000, 3, 207
164743.526316, 2025-11-11T21:12:06.269Z, 42.292483, -71.265114, 53.454000, 2.876000, 2.880000, 3, 207
164796.210526, 2025-11-11T21:12:06.322Z, 42.292484, -71.265113, 53.420000, 2.853000, 2.880000, 3, 207
164848.894737, 2025-11-11T21:12:06.374Z, 42.292486, -71.265112, 53.402000, 2.858000, 2.850000, 3, 207
164901.578947, 2025-11-11T21:12:06.427Z, 42.292488, -71.265111, 53.398000, 2.877000, 2.860000, 3, 207
164954.263158, 2025-11-11T21:12:06.480Z, 42.292490, -71.265110, 53.264000, 2.934000, 2.880000, 3, 207
165006.947368, 2025-11-11T21:12:06.532Z, 42.292493, -71.265109, 53.193000, 2.976000, 2.930000, 3, 207
165059.631579, 2025-11-11T21:12:06.585Z, 42.292494, -71.265108, 53.167000, 2.852000, 2.980000, 3, 207
165112.315789, 2025-11-11T21:12:06.638Z, 42.292496, -71.265107, 53.145000, 2.872000, 2.850000, 3, 207
165165.000000, 2025-11-11T21:12:06.680Z, 42.292497, -71.265105, 53.140000, 2.839000, 2.870000, 3, 207
165220.611111, 2025-11-11T21:12:06.735Z, 42.292498, -71.265103, 53.210000, 2.866000, 2.840000, 3, 207
165276.222222, 2025-11-11T21:12:06.791Z, 42.292499, -71.265101, 53.426000, 2.848000, 2.870000, 3, 207
165331.833333, 2025-11-11T21:12:06.846Z, 42.292500, -71.265099, 53.519000, 2.823000, 2.850000, 3, 207
165387.444444, 2025-11-11T21:12:06.902Z, 42.292501, -71.265097, 53.498000, 2.883000, 2.820000, 3, 207
165443.055556, 2025-11-11T21:12:06.958Z, 42.292502, -71.265095, 53.639000, 2.933000, 2.880000, 3, 207
165498.666667, 2025-11-11T21:12:07.013Z, 42.292503, -71.265093, 53.782000, 2.864000, 2.930000, 3, 207
165554.277778, 2025-11-11T21:12:07.069Z, 42.292504, -71.265091, 53.893000, 2.875000, 2.860000, 3, 207
165609.888889, 2025-11-11T21:12:07.124Z, 42.292506, -71.265089, 53.753000, 2.917000, 2.880000, 3, 207
165665.500000, 2025-11-11T21:12:07.180Z, 42.292507, -71.265088, 53.674000, 3.018000, 2.920000, 3, 207
165721.111111, 2025-11-11T21:12:07.236Z, 42.292509, -71.265087, 53.623000, 2.963000, 3.020000, 3, 207
165776.722222, 2025-11-11T21:12:07.291Z, 42.292511, -71.265086, 53.708000, 2.942000, 2.960000, 3, 207
165832.333333, 2025-11-11T21:12:07.347Z, 42.292513, -71.265085, 53.726000, 2.915000, 2.940000, 3, 207
165887.944444, 2025-11-11T21:12:07.402Z, 42.292515, -71.265085, 53.648000, 2.888000, 2.920000, 3, 207
165943.555556, 2025-11-11T21:12:07.458Z, 42.292517, -71.265085, 53.545000, 2.864000, 2.890000, 3, 207
165999.166667, 2025-11-11T21:12:07.514Z, 42.292519, -71.265084, 53.482000, 2.753000, 2.860000, 3, 207
166054.777778, 2025-11-11T21:12:07.569Z, 42.292520, -71.265083, 53.488000, 2.720000, 2.750000, 3, 207
166110.388889, 2025-11-11T21:12:07.625Z, 42.292521, -71.265082, 53.578000, 2.618000, 2.720000, 3, 207
166166.000000, 2025-11-11T21:12:07.725Z, 42.292523, -71.265081, 53.525000, 2.693000, 2.620000, 3, 211
166221.611111, 2025-11-11T21:12:07.780Z, 42.292524, -71.265079, 53.622000, 2.747000, 2.690000, 3, 211
166277.222222, 2025-11-11T21:12:07.836Z, 42.292526, -71.265078, 53.515000, 2.781000, 2.750000, 3, 211
166332.833333, 2025-11-11T21:12:07.891Z, 42.292528, -71.265076, 53.563000, 2.740000, 2.780000, 3, 211
166388.444444, 2025-11-11T21:12:07.947Z, 42.292530, -71.265075, 53.477000, 2.785000, 2.740000, 3, 211
166444.055556, 2025-11-11T21:12:08.003Z, 42.292531, -71.265073, 53.587000, 2.859000, 2.780000, 3, 211
166499.666667, 2025-11-11T21:12:08.058Z, 42.292533, -71.265071, 53.641000, 2.914000, 2.860000, 3, 211
166555.277778, 2025-11-11T21:12:08.114Z, 42.292535, -71.265070, 53.582000, 2.972000, 2.910000, 3, 211
166610.888889, 2025-11-11T21:12:08.169Z, 42.292536, -71.265068, 53.670000, 2.956000, 2.970000, 3, 211
166666.500000, 2025-11-11T21:12:08.225Z, 42.292538, -71.265067, 53.754000, 2.916000, 2.960000, 3, 211
166722.111111, 2025-11-11T21:12:08.281Z, 42.292539, -71.265065, 53.778000, 2.927000, 2.920000, 3, 211
166777.722222, 2025-11-11T21:12:08.336Z, 42.292541, -71.265064, 53.725000, 2.942000, 2.930000, 3, 211
166833.333333, 2025-11-11T21:12:08.392Z, 42.292543, -71.265062, 53.772000, 3.046000, 2.940000, 3, 211
166888.944444, 2025-11-11T21:12:08.447Z, 42.292544, -71.265061, 53.679000, 3.135000, 3.050000, 3, 211
166944.555556, 2025-11-11T21:12:08.503Z, 42.292546, -71.265060, 53.438000, 3.142000, 3.140000, 3, 211
167000.166667, 2025-11-11T21:12:08.559Z, 42.292548, -71.265058, 53.316000, 3.223000, 3.140000, 3, 211
167055.777778, 2025-11-11T21:12:08.614Z, 42.292550, -71.265057, 53.139000, 3.271000, 3.220000, 3, 211
167111.388889, 2025-11-11T21:12:08.670Z, 42.292552, -71.265055, 53.062000, 3.257000, 3.270000, 3, 211
167167.000000, 2025-11-11T21:12:08.660Z, 42.292555, -71.265055, 53.115000, 3.253000, 3.260000, 3, 207
167222.611111, 2025-11-11T21:12:08.715Z, 42.292555, -71.265052, 53.237000, 3.171000, 3.250000, 3, 207
167278.222222, 2025-11-11T21:12:08.771Z, 42.292557, -71.265051, 53.255000, 3.111000, 3.170000, 3, 207
167333.833333, 2025-11-11T21:12:08.826Z, 42.292558, -71.265050, 53.260000, 3.101000, 3.110000, 3, 207
167389.444444, 2025-11-11T21:12:08.882Z, 42.292560, -71.265048, 53.293000, 3.152000, 3.100000, 3, 207
167445.055556, 2025-11-11T21:12:08.938Z, 42.292561, -71.265046, 53.320000, 3.121000, 3.150000, 3, 207
167500.666667, 2025-11-11T21:12:08.993Z, 42.292563, -71.265045, 53.362000, 3.154000, 3.120000, 3, 207
167556.277778, 2025-11-11T21:12:09.049Z, 42.292564, -71.265043, 53.425000, 3.160000, 3.150000, 3, 207
167611.888889, 2025-11-11T21:12:09.104Z, 42.292566, -71.265041, 53.544000, 3.151000, 3.160000, 3, 207
167667.500000, 2025-11-11T21:12:09.160Z, 42.292567, -71.265039, 53.611000, 3.170000, 3.150000, 3, 207
167723.111111, 2025-11-11T21:12:09.216Z, 42.292569, -71.265038, 53.596000, 3.099000, 3.170000, 3, 207
167778.722222, 2025-11-11T21:12:09.271Z, 42.292570, -71.265037, 53.579000, 2.985000, 3.100000, 3, 207
167834.333333, 2025-11-11T21:12:09.327Z, 42.292570, -71.265035, 53.619000, 2.737000, 2.980000, 3, 207
167889.944444, 2025-11-11T21:12:09.382Z, 42.292572, -71.265035, 53.622000, 2.599000, 2.740000, 3, 207
167945.555556, 2025-11-11T21:12:09.438Z, 42.292574, -71.265034, 53.487000, 2.602000, 2.600000, 3, 207
168001.166667, 2025-11-11T21:12:09.494Z, 42.292575, -71.265033, 53.480000, 2.586000, 2.600000, 3, 207
168056.777778, 2025-11-11T21:12:09.549Z, 42.292577, -71.265033, 53.409000, 2.573000, 2.590000, 3, 207
168112.388889, 2025-11-11T21:12:09.605Z, 42.292578, -71.265032, 53.413000, 2.524000, 2.570000, 3, 207
168168.000000, 2025-11-11T21:12:09.705Z, 42.292580, -71.265031, 53.431000, 2.471000, 2.520000, 3, 191
168223.611111, 2025-11-11T21:12:09.760Z, 42.292580, -71.265029, 53.477000, 2.434000, 2.470000, 3, 191
168279.222222, 2025-11-11T21:12:09.816Z, 42.292581, -71.265028, 53.420000, 2.503000, 2.430000, 3, 191
168334.833333, 2025-11-11T21:12:09.871Z, 42.292583, -71.265026, 53.444000, 2.563000, 2.500000, 3, 191
168390.444444, 2025-11-11T21:12:09.927Z, 42.292583, -71.265024, 53.484000, 2.551000, 2.560000, 3, 191
168446.055556, 2025-11-11T21:12:09.983Z, 42.292584, -71.265022, 53.510000, 2.559000, 2.550000, 3, 191
168501.666667, 2025-11-11T21:12:10.038Z, 42.292584, -71.265020, 53.667000, 2.539000, 2.560000, 3, 191
168557.277778, 2025-11-11T21:12:10.094Z, 42.292584, -71.265018, 53.784000, 2.558000, 2.540000, 3, 191
168612.888889, 2025-11-11T21:12:10.149Z, 42.292585, -71.265016, 53.813000, 2.575000, 2.560000, 3, 191
168668.500000, 2025-11-11T21:12:10.205Z, 42.292586, -71.265015, 53.834000, 2.551000, 2.580000, 3, 191
168724.111111, 2025-11-11T21:12:10.261Z, 42.292586, -71.265013, 53.899000, 2.576000, 2.550000, 3, 191
168779.722222, 2025-11-11T21:12:10.316Z, 42.292588, -71.265011, 53.911000, 2.624000, 2.580000, 3, 191
168835.333333, 2025-11-11T21:12:10.372Z, 42.292589, -71.265010, 53.868000, 2.623000, 2.620000, 3, 191
168890.944444, 2025-11-11T21:12:10.427Z, 42.292590, -71.265009, 53.983000, 2.596000, 2.620000, 3, 191
168946.555556, 2025-11-11T21:12:10.483Z, 42.292591, -71.265007, 54.009000, 2.572000, 2.600000, 3, 191
169002.166667, 2025-11-11T21:12:10.539Z, 42.292592, -71.265005, 54.030000, 2.593000, 2.570000, 3, 191
169057.777778, 2025-11-11T21:12:10.594Z, 42.292592, -71.265004, 54.176000, 2.596000, 2.590000, 3, 191
169113.388889, 2025-11-11T21:12:10.650Z, 42.292593, -71.265002, 54.244000, 2.629000, 2.600000, 3, 191
169169.000000, 2025-11-11T21:12:10.695Z, 42.292594, -71.265000, 54.267000, 2.660000, 2.630000, 3, 207
169224.611111, 2025-11-11T21:12:10.750Z, 42.292595, -71.264998, 54.395000, 2.721000, 2.660000, 3, 207
169280.222222, 2025-11-11T21:12:10.806Z, 42.292597, -71.264997, 54.411000, 2.796000, 2.720000, 3, 207
169335.833333, 2025-11-11T21:12:10.861Z, 42.292597, -71.264994, 54.536000, 2.796000, 2.800000, 3, 207
169391.444444, 2025-11-11T21:12:10.917Z, 42.292598, -71.264993, 54.598000, 2.677000, 2.800000, 3, 207
169447.055556, 2025-11-11T21:12:10.973Z, 42.292599, -71.264992, 54.612000, 2.646000, 2.680000, 3, 207
169502.666667, 2025-11-11T21:12:11.028Z, 42.292600, -71.264990, 54.664000, 2.668000, 2.650000, 3, 207
169558.277778, 2025-11-11T21:12:11.084Z, 42.292601, -71.264988, 54.697000, 2.777000, 2.670000, 3, 207
169613.888889, 2025-11-11T21:12:11.139Z, 42.292601, -71.264987, 54.763000, 2.671000, 2.780000, 3, 207
169669.500000, 2025-11-11T21:12:11.195Z, 42.292601, -71.264985, 54.874000, 2.592000, 2.670000, 3, 207
169725.111111, 2025-11-11T21:12:11.251Z, 42.292602, -71.264983, 54.967000, 2.456000, 2.600000, 3, 207
169780.722222, 2025-11-11T21:12:11.306Z, 42.292603, -71.264982, 54.948000, 2.425000, 2.460000, 3, 207
169836.333333, 2025-11-11T21:12:11.362Z, 42.292603, -71.264980, 55.066000, 2.465000, 2.430000, 3, 207
169891.944444, 2025-11-11T21:12:11.417Z, 42.292604, -71.264978, 55.057000, 2.497000, 2.470000, 3, 207
169947.555556, 2025-11-11T21:12:11.473Z, 42.292605, -71.264977, 55.022000, 2.472000, 2.500000, 3, 207
170003.166667, 2025-11-11T21:12:11.529Z, 42.292606, -71.264976, 55.041000, 2.489000, 2.480000, 3, 207
170058.777778, 2025-11-11T21:12:11.584Z, 42.292607, -71.264975, 55.139000, 2.410000, 2.490000, 3, 207
170114.388889, 2025-11-11T21:12:11.640Z, 42.292608, -71.264974, 55.134000, 2.415000, 2.420000, 3, 207
170170.000000, 2025-11-11T21:12:11.740Z, 42.292609, -71.264973, 55.211000, 2.330000, 2.420000, 3, 207
170222.684211, 2025-11-11T21:12:11.792Z, 42.292610, -71.264972, 55.195000, 2.321000, 2.340000, 3, 207
170275.368421, 2025-11-11T21:12:11.845Z, 42.292610, -71.264971, 55.229000, 2.220000, 2.330000, 3, 207
170328.052632, 2025-11-11T21:12:11.898Z, 42.292612, -71.264970, 55.227000, 2.263000, 2.230000, 3, 207
170380.736842, 2025-11-11T21:12:11.950Z, 42.292613, -71.264968, 55.234000, 2.302000, 2.270000, 3, 207
170433.421053, 2025-11-11T21:12:12.003Z, 42.292614, -71.264967, 55.225000, 2.311000, 2.310000, 3, 207
170486.105263, 2025-11-11T21:12:12.056Z, 42.292614, -71.264966, 55.236000, 2.254000, 2.320000, 3, 207
170538.789474, 2025-11-11T21:12:12.108Z, 42.292614, -71.264965, 55.255000, 2.178000, 2.260000, 3, 207
170591.473684, 2025-11-11T21:12:12.161Z, 42.292614, -71.264964, 55.299000, 2.013000, 2.180000, 3, 207
170644.157895, 2025-11-11T21:12:12.214Z, 42.292615, -71.264963, 55.346000, 2.025000, 2.020000, 3, 207
170696.842105, 2025-11-11T21:12:12.266Z, 42.292615, -71.264962, 55.363000, 1.891000, 2.030000, 3, 207
170749.526316, 2025-11-11T21:12:12.319Z, 42.292615, -71.264961, 55.325000, 1.895000, 1.900000, 3, 207
170802.210526, 2025-11-11T21:12:12.372Z, 42.292616, -71.264959, 55.305000, 2.006000, 1.900000, 3, 207
170854.894737, 2025-11-11T21:12:12.424Z, 42.292617, -71.264958, 55.291000, 2.022000, 2.010000, 3, 207
170907.578947, 2025-11-11T21:12:12.477Z, 42.292617, -71.264957, 55.338000, 1.948000, 2.030000, 3, 207
170960.263158, 2025-11-11T21:12:12.530Z, 42.292617, -71.264955, 55.403000, 1.908000, 1.950000, 3, 207
171012.947368, 2025-11-11T21:12:12.582Z, 42.292618, -71.264954, 55.379000, 1.887000, 1.910000, 3, 207
171065.631579, 2025-11-11T21:12:12.635Z, 42.292619, -71.264952, 55.420000, 2.000000, 1.890000, 3, 207
171118.315789, 2025-11-11T21:12:12.688Z, 42.292619, -71.264950, 55.423000, 2.115000, 2.010000, 3, 207
171171.000000, 2025-11-11T21:12:12.675Z, 42.292620, -71.264949, 55.424000, 2.280000, 2.120000, 3, 207
171223.684211, 2025-11-11T21:12:12.727Z, 42.292621, -71.264947, 55.438000, 2.291000, 2.280000, 3, 207
171276.368421, 2025-11-11T21:12:12.780Z, 42.292621, -71.264945, 55.469000, 2.329000, 2.290000, 3, 207
171329.052632, 2025-11-11T21:12:12.833Z, 42.292622, -71.264944, 55.567000, 2.194000, 2.330000, 3, 207
171381.736842, 2025-11-11T21:12:12.885Z, 42.292622, -71.264942, 55.664000, 2.245000, 2.200000, 3, 207
171434.421053, 2025-11-11T21:12:12.938Z, 42.292623, -71.264940, 55.730000, 2.360000, 2.250000, 3, 207
171487.105263, 2025-11-11T21:12:12.991Z, 42.292623, -71.264938, 55.807000, 2.409000, 2.370000, 3, 207
171539.789474, 2025-11-11T21:12:13.043Z, 42.292624, -71.264936, 55.884000, 2.434000, 2.420000, 3, 207
171592.473684, 2025-11-11T21:12:13.096Z, 42.292624, -71.264934, 55.940000, 2.445000, 2.440000, 3, 207
171645.157895, 2025-11-11T21:12:13.149Z, 42.292624, -71.264932, 55.999000, 2.447000, 2.450000, 3, 207
171697.842105, 2025-11-11T21:12:13.201Z, 42.292625, -71.264931, 56.073000, 2.341000, 2.460000, 3, 207
171750.526316, 2025-11-11T21:12:13.254Z, 42.292626, -71.264930, 56.128000, 2.282000, 2.350000, 3, 207
171803.210526, 2025-11-11T21:12:13.307Z, 42.292626, -71.264929, 56.181000, 2.287000, 2.290000, 3, 207
171855.894737, 2025-11-11T21:12:13.359Z, 42.292627, -71.264927, 56.243000, 2.379000, 2.300000, 3, 207
171908.578947, 2025-11-11T21:12:13.412Z, 42.292628, -71.264924, 56.312000, 2.520000, 2.390000, 3, 207
171961.263158, 2025-11-11T21:12:13.465Z, 42.292628, -71.264922, 56.368000, 2.552000, 2.530000, 3, 207
172013.947368, 2025-11-11T21:12:13.517Z, 42.292628, -71.264920, 56.430000, 2.572000, 2.560000, 3, 207
172066.631579, 2025-11-11T21:12:13.570Z, 42.292628, -71.264918, 56.529000, 2.556000, 2.580000, 3, 207
172119.315789, 2025-11-11T21:12:13.623Z, 42.292628, -71.264916, 56.621000, 2.511000, 2.570000, 3, 207
172172.000000, 2025-11-11T21:12:13.720Z, 42.292629, -71.264914, 56.713000, 2.512000, 2.530000, 3, 211
172230.882353, 2025-11-11T21:12:13.778Z, 42.292629, -71.264912, 56.747000, 2.636000, 2.530000, 3, 211
172289.764706, 2025-11-11T21:12:13.837Z, 42.292630, -71.264910, 56.807000, 2.730000, 2.650000, 3, 211
172348.647059, 2025-11-11T21:12:13.896Z, 42.292630, -71.264908, 56.835000, 2.693000, 2.740000, 3, 211
172407.529412, 2025-11-11T21:12:13.955Z, 42.292631, -71.264906, 56.929000, 2.600000, 2.710000, 3, 211
172466.411765, 2025-11-11T21:12:14.014Z, 42.292632, -71.264905, 57.012000, 2.644000, 2.620000, 3, 211
172525.294118, 2025-11-11T21:12:14.073Z, 42.292633, -71.264903, 57.065000, 2.712000, 2.660000, 3, 211
172584.176471, 2025-11-11T21:12:14.132Z, 42.292634, -71.264901, 57.074000, 2.697000, 2.730000, 3, 211
172643.058824, 2025-11-11T21:12:14.191Z, 42.292634, -71.264900, 57.094000, 2.646000, 2.710000, 3, 211
172701.941176, 2025-11-11T21:12:14.249Z, 42.292635, -71.264898, 57.117000, 2.610000, 2.660000, 3, 211
172760.823529, 2025-11-11T21:12:14.308Z, 42.292636, -71.264897, 57.182000, 2.574000, 2.630000, 3, 211
172819.705882, 2025-11-11T21:12:14.367Z, 42.292637, -71.264895, 57.168000, 2.557000, 2.590000, 3, 211
172878.588235, 2025-11-11T21:12:14.426Z, 42.292637, -71.264894, 57.158000, 2.503000, 2.580000, 3, 211
172937.470588, 2025-11-11T21:12:14.485Z, 42.292638, -71.264893, 57.200000, 2.430000, 2.520000, 3, 211
172996.352941, 2025-11-11T21:12:14.544Z, 42.292639, -71.264892, 57.260000, 2.353000, 2.450000, 3, 211
173055.235294, 2025-11-11T21:12:14.603Z, 42.292639, -71.264890, 57.280000, 2.345000, 2.370000, 3, 211
173114.117647, 2025-11-11T21:12:14.662Z, 42.292640, -71.264889, 57.289000, 2.350000, 2.370000, 3, 211
173173.000000, 2025-11-11T21:12:14.710Z, 42.292640, -71.264887, 57.246000, 2.460000, 2.370000, 3, 207
173228.611111, 2025-11-11T21:12:14.765Z, 42.292641, -71.264886, 57.215000, 2.476000, 2.480000, 3, 207
173284.222222, 2025-11-11T21:12:14.821Z, 42.292641, -71.264884, 57.228000, 2.379000, 2.490000, 3, 207
173339.833333, 2025-11-11T21:12:14.876Z, 42.292642, -71.264883, 57.240000, 2.247000, 2.400000, 3, 207
173395.444444, 2025-11-11T21:12:14.932Z, 42.292642, -71.264882, 57.225000, 2.236000, 2.260000, 3, 207
173451.055556, 2025-11-11T21:12:14.988Z, 42.292642, -71.264880, 57.215000, 2.229000, 2.250000, 3, 207
173506.666667, 2025-11-11T21:12:15.043Z, 42.292643, -71.264879, 57.200000, 2.282000, 2.240000, 3, 207
173562.277778, 2025-11-11T21:12:15.099Z, 42.292643, -71.264877, 57.219000, 2.376000, 2.290000, 3, 207
173617.888889, 2025-11-11T21:12:15.154Z, 42.292643, -71.264875, 57.209000, 2.391000, 2.390000, 3, 207
173673.500000, 2025-11-11T21:12:15.210Z, 42.292643, -71.264874, 57.185000, 2.330000, 2.400000, 3, 207
173729.111111, 2025-11-11T21:12:15.266Z, 42.292643, -71.264872, 57.199000, 2.235000, 2.340000, 3, 207
173784.722222, 2025-11-11T21:12:15.321Z, 42.292643, -71.264871, 57.195000, 2.225000, 2.250000, 3, 207
173840.333333, 2025-11-11T21:12:15.377Z, 42.292643, -71.264869, 57.209000, 2.294000, 2.240000, 3, 207
173895.944444, 2025-11-11T21:12:15.432Z, 42.292643, -71.264867, 57.196000, 2.336000, 2.300000, 3, 207
173951.555556, 2025-11-11T21:12:15.488Z, 42.292642, -71.264865, 57.205000, 2.337000, 2.340000, 3, 207
174007.166667, 2025-11-11T21:12:15.544Z, 42.292643, -71.264863, 57.152000, 2.385000, 2.350000, 3, 207
174062.777778, 2025-11-11T21:12:15.599Z, 42.292643, -71.264862, 57.019000, 2.419000, 2.390000, 3, 207
174118.388889, 2025-11-11T21:12:15.655Z, 42.292643, -71.264861, 56.977000, 2.388000, 2.420000, 3, 207
174174.000000, 2025-11-11T21:12:15.700Z, 42.292644, -71.264859, 56.965000, 2.286000, 2.390000, 3, 207
174229.611111, 2025-11-11T21:12:15.755Z, 42.292644, -71.264858, 56.934000, 2.153000, 2.290000, 3, 207
174285.222222, 2025-11-11T21:12:15.811Z, 42.292644, -71.264857, 56.891000, 2.181000, 2.160000, 3, 207
174340.833333, 2025-11-11T21:12:15.866Z, 42.292644, -71.264855, 56.839000, 2.278000, 2.180000, 3, 207
174396.444444, 2025-11-11T21:12:15.922Z, 42.292644, -71.264853, 56.830000, 2.380000, 2.280000, 3, 207
174452.055556, 2025-11-11T21:12:15.978Z, 42.292643, -71.264851, 56.849000, 2.387000, 2.380000, 3, 207
174507.666667, 2025-11-11T21:12:16.033Z, 42.292643, -71.264849, 56.871000, 2.337000, 2.390000, 3, 207
174563.277778, 2025-11-11T21:12:16.089Z, 42.292643, -71.264847, 56.865000, 2.330000, 2.340000, 3, 207
174618.888889, 2025-11-11T21:12:16.144Z, 42.292642, -71.264846, 56.862000, 2.302000, 2.330000, 3, 207
174674.500000, 2025-11-11T21:12:16.200Z, 42.292642, -71.264844, 56.838000, 2.331000, 2.300000, 3, 207
174730.111111, 2025-11-11T21:12:16.256Z, 42.292643, -71.264842, 56.811000, 2.356000, 2.330000, 3, 207
174785.722222, 2025-11-11T21:12:16.311Z, 42.292643, -71.264841, 56.799000, 2.412000, 2.360000, 3, 207
174841.333333, 2025-11-11T21:12:16.367Z, 42.292644, -71.264839, 56.788000, 2.400000, 2.410000, 3, 207
174896.944444, 2025-11-11T21:12:16.422Z, 42.292645, -71.264838, 56.790000, 2.334000, 2.400000, 3, 207
174952.555556, 2025-11-11T21:12:16.478Z, 42.292645, -71.264838, 56.792000, 2.172000, 2.330000, 3, 207
175008.166667, 2025-11-11T21:12:16.534Z, 42.292646, -71.264837, 56.788000, 2.032000, 2.170000, 3, 207
175063.777778, 2025-11-11T21:12:16.589Z, 42.292647, -71.264837, 56.669000, 1.969000, 2.030000, 3, 207
175119.388889, 2025-11-11T21:12:16.645Z, 42.292648, -71.264836, 56.659000, 1.931000, 1.970000, 3, 207
175175.000000, 2025-11-11T21:12:16.690Z, 42.292648, -71.264835, 56.655000, 1.904000, 1.930000, 3, 207
175227.684211, 2025-11-11T21:12:16.742Z, 42.292648, -71.264834, 56.615000, 1.838000, 1.900000, 3, 207
175280.368421, 2025-11-11T21:12:16.795Z, 42.292649, -71.264833, 56.573000, 1.825000, 1.840000, 3, 207
175333.052632, 2025-11-11T21:12:16.848Z, 42.292649, -71.264831, 56.590000, 1.857000, 1.820000, 3, 207
175385.736842, 2025-11-11T21:12:16.900Z, 42.292649, -71.264829, 56.599000, 1.883000, 1.860000, 3, 207
175438.421053, 2025-11-11T21:12:16.953Z, 42.292649, -71.264827, 56.672000, 1.947000, 1.880000, 3, 207
175491.105263, 2025-11-11T21:12:17.006Z, 42.292650, -71.264825, 56.732000, 2.034000, 1.950000, 3, 207
175543.789474, 2025-11-11T21:12:17.058Z, 42.292650, -71.264823, 56.762000, 2.069000, 2.030000, 3, 207
175596.473684, 2025-11-11T21:12:17.111Z, 42.292650, -71.264821, 56.799000, 2.103000, 2.070000, 3, 207
175649.157895, 2025-11-11T21:12:17.164Z, 42.292650, -71.264818, 56.872000, 2.225000, 2.100000, 3, 207
175701.842105, 2025-11-11T21:12:17.216Z, 42.292651, -71.264817, 56.903000, 2.225000, 2.220000, 3, 207
175754.526316, 2025-11-11T21:12:17.269Z, 42.292653, -71.264815, 56.956000, 2.326000, 2.220000, 3, 207
175807.210526, 2025-11-11T21:12:17.322Z, 42.292654, -71.264813, 56.932000, 2.395000, 2.330000, 3, 207
175859.894737, 2025-11-11T21:12:17.374Z, 42.292655, -71.264811, 56.901000, 2.440000, 2.400000, 3, 207
175912.578947, 2025-11-11T21:12:17.427Z, 42.292656, -71.264809, 56.845000, 2.548000, 2.440000, 3, 207
175965.263158, 2025-11-11T21:12:17.480Z, 42.292658, -71.264808, 56.805000, 2.606000, 2.550000, 3, 207
176017.947368, 2025-11-11T21:12:17.532Z, 42.292659, -71.264807, 56.759000, 2.576000, 2.610000, 3, 207
176070.631579, 2025-11-11T21:12:17.585Z, 42.292660, -71.264804, 56.774000, 2.625000, 2.580000, 3, 207
176123.315789, 2025-11-11T21:12:17.638Z, 42.292660, -71.264803, 56.819000, 2.622000, 2.630000, 3, 207
176176.000000, 2025-11-11T21:12:17.680Z, 42.292662, -71.264800, 56.826000, 2.780000, 2.620000, 3, 207
176231.611111, 2025-11-11T21:12:17.735Z, 42.292663, -71.264798, 56.851000, 2.822000, 2.780000, 3, 207
176287.222222, 2025-11-11T21:12:17.791Z, 42.292664, -71.264796, 56.894000, 2.851000, 2.820000, 3, 207
176342.833333, 2025-11-11T21:12:17.846Z, 42.292665, -71.264795, 56.936000, 2.835000, 2.850000, 3, 207
176398.444444, 2025-11-11T21:12:17.902Z, 42.292667, -71.264793, 56.993000, 2.837000, 2.840000, 3, 207
176454.055556, 2025-11-11T21:12:17.958Z, 42.292668, -71.264791, 57.036000, 2.869000, 2.840000, 3, 207
176509.666667, 2025-11-11T21:12:18.013Z, 42.292669, -71.264789, 57.077000, 2.902000, 2.870000, 3, 207
176565.277778, 2025-11-11T21:12:18.069Z, 42.292670, -71.264787, 57.134000, 2.965000, 2.900000, 3, 207
176620.888889, 2025-11-11T21:12:18.124Z, 42.292671, -71.264785, 57.213000, 3.026000, 2.970000, 3, 207
176676.500000, 2025-11-11T21:12:18.180Z, 42.292671, -71.264782, 57.375000, 2.978000, 3.030000, 3, 207
176732.111111, 2025-11-11T21:12:18.236Z, 42.292672, -71.264780, 57.456000, 2.988000, 2.980000, 3, 207
176787.722222, 2025-11-11T21:12:18.291Z, 42.292672, -71.264779, 57.466000, 2.908000, 2.990000, 3, 207
176843.333333, 2025-11-11T21:12:18.347Z, 42.292672, -71.264777, 57.576000, 2.826000, 2.910000, 3, 207
176898.944444, 2025-11-11T21:12:18.402Z, 42.292673, -71.264775, 57.576000, 2.803000, 2.830000, 3, 207
176954.555556, 2025-11-11T21:12:18.458Z, 42.292674, -71.264774, 57.564000, 2.796000, 2.800000, 3, 207
177010.166667, 2025-11-11T21:12:18.514Z, 42.292675, -71.264773, 57.486000, 2.742000, 2.800000, 3, 207
177065.777778, 2025-11-11T21:12:18.569Z, 42.292675, -71.264771, 57.622000, 2.724000, 2.740000, 3, 207
177121.388889, 2025-11-11T21:12:18.625Z, 42.292676, -71.264769, 57.651000, 2.763000, 2.720000, 3, 207
177177.000000, 2025-11-11T21:12:18.725Z, 42.292677, -71.264768, 57.717000, 2.743000, 2.760000, 3, 211
177232.611111, 2025-11-11T21:12:18.780Z, 42.292679, -71.264767, 57.723000, 2.732000, 2.740000, 3, 211
177288.222222, 2025-11-11T21:12:18.836Z, 42.292680, -71.264766, 57.797000, 2.679000, 2.730000, 3, 211
177343.833333, 2025-11-11T21:12:18.891Z, 42.292681, -71.264764, 57.839000, 2.640000, 2.680000, 3, 211
177399.444444, 2025-11-11T21:12:18.947Z, 42.292683, -71.264763, 57.875000, 2.635000, 2.640000, 3, 211
177455.055556, 2025-11-11T21:12:19.003Z, 42.292684, -71.264762, 57.911000, 2.561000, 2.640000, 3, 211
177510.666667, 2025-11-11T21:12:19.058Z, 42.292685, -71.264762, 57.983000, 2.555000, 2.560000, 3, 211
177566.277778, 2025-11-11T21:12:19.114Z, 42.292686, -71.264761, 57.961000, 2.461000, 2.560000, 3, 211
177621.888889, 2025-11-11T21:12:19.169Z, 42.292687, -71.264760, 57.970000, 2.354000, 2.460000, 3, 211
177677.500000, 2025-11-11T21:12:19.225Z, 42.292688, -71.264759, 58.017000, 2.367000, 2.350000, 3, 211
177733.111111, 2025-11-11T21:12:19.281Z, 42.292689, -71.264758, 57.997000, 2.370000, 2.370000, 3, 211
177788.722222, 2025-11-11T21:12:19.336Z, 42.292690, -71.264756, 57.985000, 2.458000, 2.370000, 3, 211
177844.333333, 2025-11-11T21:12:19.392Z, 42.292692, -71.264755, 57.947000, 2.542000, 2.460000, 3, 211
177899.944444, 2025-11-11T21:12:19.447Z, 42.292693, -71.264754, 58.009000, 2.490000, 2.540000, 3, 211
177955.555556, 2025-11-11T21:12:19.503Z, 42.292694, -71.264754, 57.979000, 2.394000, 2.490000, 3, 211
178011.166667, 2025-11-11T21:12:19.559Z, 42.292696, -71.264753, 57.960000, 2.446000, 2.390000, 3, 211
178066.777778, 2025-11-11T21:12:19.614Z, 42.292697, -71.264752, 57.981000, 2.457000, 2.450000, 3, 211
178122.388889, 2025-11-11T21:12:19.670Z, 42.292698, -71.264751, 57.988000, 2.391000, 2.460000, 3, 211
178178.000000, 2025-11-11T21:12:19.715Z, 42.292699, -71.264752, 57.914000, 2.302000, 2.390000, 3, 211
178233.611111, 2025-11-11T21:12:19.770Z, 42.292701, -71.264751, 58.010000, 2.329000, 2.300000, 3, 211
178289.222222, 2025-11-11T21:12:19.826Z, 42.292702, -71.264750, 58.059000, 2.334000, 2.330000, 3, 211
178344.833333, 2025-11-11T21:12:19.881Z, 42.292703, -71.264748, 58.111000, 2.383000, 2.330000, 3, 211
178400.444444, 2025-11-11T21:12:19.937Z, 42.292704, -71.264747, 58.184000, 2.425000, 2.380000, 3, 211
178456.055556, 2025-11-11T21:12:19.993Z, 42.292705, -71.264745, 58.207000, 2.399000, 2.420000, 3, 211
178511.666667, 2025-11-11T21:12:20.048Z, 42.292705, -71.264743, 58.250000, 2.359000, 2.400000, 3, 211
178567.277778, 2025-11-11T21:12:20.104Z, 42.292705, -71.264742, 58.245000, 2.220000, 2.360000, 3, 211
178622.888889, 2025-11-11T21:12:20.159Z, 42.292706, -71.264741, 58.272000, 2.125000, 2.220000, 3, 211
178678.500000, 2025-11-11T21:12:20.215Z, 42.292706, -71.264741, 58.297000, 2.015000, 2.130000, 3, 211
178734.111111, 2025-11-11T21:12:20.271Z, 42.292707, -71.264740, 58.332000, 1.940000, 2.020000, 3, 211
178789.722222, 2025-11-11T21:12:20.326Z, 42.292707, -71.264739, 58.372000, 1.870000, 1.940000, 3, 211
178845.333333, 2025-11-11T21:12:20.382Z, 42.292708, -71.264739, 58.410000, 1.823000, 1.870000, 3, 211
178900.944444, 2025-11-11T21:12:20.437Z, 42.292708, -71.264737, 58.455000, 1.792000, 1.820000, 3, 211
178956.555556, 2025-11-11T21:12:20.493Z, 42.292709, -71.264736, 58.487000, 1.797000, 1.790000, 3, 211
179012.166667, 2025-11-11T21:12:20.549Z, 42.292710, -71.264735, 58.542000, 1.798000, 1.800000, 3, 211
179067.777778, 2025-11-11T21:12:20.604Z, 42.292710, -71.264733, 58.615000, 1.826000, 1.800000, 3, 211
179123.388889, 2025-11-11T21:12:20.660Z, 42.292710, -71.264731, 58.676000, 1.796000, 1.830000, 3, 211
179179.000000, 2025-11-11T21:12:20.705Z, 42.292711, -71.264731, 58.716000, 1.768000, 1.800000, 3, 397
179231.684211, 2025-11-11T21:12:20.757Z, 42.292712, -71.264730, 58.789000, 1.761000, 1.770000, 3, 397
179284.368421, 2025-11-11T21:12:20.810Z, 42.292713, -71.264730, 58.858000, 1.681000, 1.760000, 3, 397
179337.052632, 2025-11-11T21:12:20.863Z, 42.292715, -71.264729, 58.934000, 1.864000, 1.680000, 3, 397
179389.736842, 2025-11-11T21:12:20.915Z, 42.292716, -71.264728, 58.981000, 1.864000, 1.860000, 3, 397
179442.421053, 2025-11-11T21:12:20.968Z, 42.292717, -71.264727, 59.025000, 1.900000, 1.860000, 3, 397
179495.105263, 2025-11-11T21:12:21.021Z, 42.292719, -71.264726, 59.068000, 1.971000, 1.900000, 3, 397
179547.789474, 2025-11-11T21:12:21.073Z, 42.292720, -71.264725, 59.090000, 2.011000, 1.970000, 3, 397
179600.473684, 2025-11-11T21:12:21.126Z, 42.292721, -71.264723, 59.147000, 2.069000, 2.010000, 3, 397
179653.157895, 2025-11-11T21:12:21.179Z, 42.292723, -71.264723, 59.155000, 2.095000, 2.070000, 3, 397
179705.842105, 2025-11-11T21:12:21.231Z, 42.292725, -71.264723, 59.191000, 2.111000, 2.100000, 3, 397
179758.526316, 2025-11-11T21:12:21.284Z, 42.292726, -71.264721, 59.266000, 2.120000, 2.110000, 3, 397
179811.210526, 2025-11-11T21:12:21.337Z, 42.292726, -71.264720, 59.341000, 2.128000, 2.120000, 3, 397
179863.894737, 2025-11-11T21:12:21.389Z, 42.292727, -71.264719, 59.363000, 2.056000, 2.130000, 3, 397
179916.578947, 2025-11-11T21:12:21.442Z, 42.292728, -71.264718, 59.337000, 2.078000, 2.060000, 3, 397
179969.263158, 2025-11-11T21:12:21.495Z, 42.292730, -71.264718, 59.311000, 2.094000, 2.080000, 3, 397
180021.947368, 2025-11-11T21:12:21.547Z, 42.292731, -71.264718, 59.270000, 2.161000, 2.090000, 3, 397
180074.631579, 2025-11-11T21:12:21.600Z, 42.292732, -71.264716, 59.273000, 2.213000, 2.160000, 3, 397
180127.315789, 2025-11-11T21:12:21.653Z, 42.292733, -71.264714, 59.268000, 2.270000, 2.210000, 3, 397
180180.000000, 2025-11-11T21:12:21.750Z, 42.292734, -71.264713, 59.280000, 2.254000, 2.270000, 3, 397
180235.611111, 2025-11-11T21:12:21.805Z, 42.292735, -71.264712, 59.282000, 2.255000, 2.250000, 3, 397
180291.222222, 2025-11-11T21:12:21.861Z, 42.292736, -71.264711, 59.261000, 2.287000, 2.260000, 3, 397
180346.833333, 2025-11-11T21:12:21.916Z, 42.292738, -71.264710, 59.251000, 2.358000, 2.290000, 3, 397
180402.444444, 2025-11-11T21:12:21.972Z, 42.292739, -71.264709, 59.253000, 2.374000, 2.360000, 3, 397
180458.055556, 2025-11-11T21:12:22.028Z, 42.292740, -71.264708, 59.249000, 2.396000, 2.370000, 3, 397
180513.666667, 2025-11-11T21:12:22.083Z, 42.292741, -71.264707, 59.244000, 2.421000, 2.400000, 3, 397
180569.277778, 2025-11-11T21:12:22.139Z, 42.292743, -71.264707, 59.233000, 2.486000, 2.420000, 3, 397
180624.888889, 2025-11-11T21:12:22.194Z, 42.292745, -71.264705, 59.231000, 2.517000, 2.490000, 3, 397
180680.500000, 2025-11-11T21:12:22.250Z, 42.292746, -71.264704, 59.221000, 2.579000, 2.520000, 3, 397
180736.111111, 2025-11-11T21:12:22.306Z, 42.292747, -71.264703, 59.234000, 2.582000, 2.580000, 3, 397
180791.722222, 2025-11-11T21:12:22.361Z, 42.292750, -71.264704, 59.220000, 2.690000, 2.580000, 3, 397
180847.333333, 2025-11-11T21:12:22.417Z, 42.292752, -71.264704, 59.231000, 2.641000, 2.690000, 3, 397
180902.944444, 2025-11-11T21:12:22.472Z, 42.292752, -71.264704, 59.262000, 2.507000, 2.640000, 3, 397
180958.555556, 2025-11-11T21:12:22.528Z, 42.292753, -71.264704, 59.283000, 2.426000, 2.510000, 3, 397
181014.166667, 2025-11-11T21:12:22.584Z, 42.292755, -71.264704, 59.288000, 2.510000, 2.430000, 3, 397
181069.777778, 2025-11-11T21:12:22.639Z, 42.292755, -71.264704, 59.299000, 2.468000, 2.510000, 3, 397
181125.388889, 2025-11-11T21:12:22.695Z, 42.292756, -71.264703, 59.309000, 2.440000, 2.470000, 3, 397
181181.000000, 2025-11-11T21:12:22.685Z, 42.292757, -71.264703, 59.325000, 2.386000, 2.440000, 3, 1615
181236.611111, 2025-11-11T21:12:22.740Z, 42.292757, -71.264702, 59.339000, 2.355000, 2.390000, 3, 1615
181292.222222, 2025-11-11T21:12:22.796Z, 42.292758, -71.264702, 59.356000, 2.318000, 2.360000, 3, 1615
181347.833333, 2025-11-11T21:12:22.851Z, 42.292758, -71.264702, 59.387000, 2.216000, 2.320000, 3, 1615
181403.444444, 2025-11-11T21:12:22.907Z, 42.292759, -71.264702, 59.406000, 2.204000, 2.220000, 3, 1615
181459.055556, 2025-11-11T21:12:22.963Z, 42.292760, -71.264702, 59.425000, 2.215000, 2.200000, 3, 1615
181514.666667, 2025-11-11T21:12:23.018Z, 42.292761, -71.264701, 59.453000, 2.193000, 2.210000, 3, 1615
181570.277778, 2025-11-11T21:12:23.074Z, 42.292762, -71.264700, 59.482000, 2.288000, 2.190000, 3, 1615
181625.888889, 2025-11-11T21:12:23.129Z, 42.292763, -71.264700, 59.508000, 2.310000, 2.290000, 3, 1615
181681.500000, 2025-11-11T21:12:23.185Z, 42.292764, -71.264700, 59.537000, 2.301000, 2.310000, 3, 1615
181737.111111, 2025-11-11T21:12:23.241Z, 42.292765, -71.264699, 59.574000, 2.309000, 2.300000, 3, 1615
181792.722222, 2025-11-11T21:12:23.296Z, 42.292766, -71.264699, 59.610000, 2.282000, 2.310000, 3, 1615
181848.333333, 2025-11-11T21:12:23.352Z, 42.292766, -71.264698, 59.648000, 2.271000, 2.280000, 3, 1615
181903.944444, 2025-11-11T21:12:23.407Z, 42.292767, -71.264698, 59.684000, 2.243000, 2.270000, 3, 1615
181959.555556, 2025-11-11T21:12:23.463Z, 42.292768, -71.264698, 59.713000, 2.257000, 2.240000, 3, 1615
182015.166667, 2025-11-11T21:12:23.519Z, 42.292769, -71.264698, 59.744000, 2.222000, 2.260000, 3, 1615
182070.777778, 2025-11-11T21:12:23.574Z, 42.292770, -71.264697, 59.770000, 2.247000, 2.220000, 3, 1615
182126.388889, 2025-11-11T21:12:23.630Z, 42.292771, -71.264697, 59.801000, 2.265000, 2.250000, 3, 1615
182182.000000, 2025-11-11T21:12:23.730Z, 42.292772, -71.264696, 59.832000, 2.276000, 2.270000, 3, 1612
182237.611111, 2025-11-11T21:12:23.785Z, 42.292773, -71.264696, 59.855000, 2.290000, 2.280000, 3, 1612
182293.222222, 2025-11-11T21:12:23.841Z, 42.292774, -71.264696, 59.880000, 2.280000, 2.290000, 3, 1612
182348.833333, 2025-11-11T21:12:23.896Z, 42.292775, -71.264695, 59.909000, 2.266000, 2.280000, 3, 1612
182404.444444, 2025-11-11T21:12:23.952Z, 42.292776, -71.264695, 59.935000, 2.214000, 2.270000, 3, 1612
182460.055556, 2025-11-11T21:12:24.008Z, 42.292777, -71.264695, 59.962000, 2.237000, 2.210000, 3, 1612
182515.666667, 2025-11-11T21:12:24.063Z, 42.292778, -71.264694, 59.987000, 2.236000, 2.240000, 3, 1612
182571.277778, 2025-11-11T21:12:24.119Z, 42.292779, -71.264694, 60.012000, 2.314000, 2.240000, 3, 1612
182626.888889, 2025-11-11T21:12:24.174Z, 42.292780, -71.264694, 60.054000, 2.329000, 2.320000, 3, 1612
182682.500000, 2025-11-11T21:12:24.230Z, 42.292782, -71.264694, 60.076000, 2.343000, 2.330000, 3, 1612
182738.111111, 2025-11-11T21:12:24.286Z, 42.292783, -71.264693, 60.096000, 2.359000, 2.340000, 3, 1612
182793.722222, 2025-11-11T21:12:24.341Z, 42.292784, -71.264693, 60.109000, 2.352000, 2.360000, 3, 1612
182849.333333, 2025-11-11T21:12:24.397Z, 42.292785, -71.264692, 60.118000, 2.289000, 2.350000, 3, 1612
182904.944444, 2025-11-11T21:12:24.452Z, 42.292785, -71.264692, 60.135000, 2.269000, 2.290000, 3, 1612
182960.555556, 2025-11-11T21:12:24.508Z, 42.292787, -71.264692, 60.157000, 2.299000, 2.270000, 3, 1612
183016.166667, 2025-11-11T21:12:24.564Z, 42.292788, -71.264693, 60.185000, 2.337000, 2.300000, 3, 1612
183071.777778, 2025-11-11T21:12:24.619Z, 42.292789, -71.264692, 60.203000, 2.372000, 2.340000, 3, 1612
183127.388889, 2025-11-11T21:12:24.675Z, 42.292791, -71.264692, 60.242000, 2.537000, 2.370000, 3, 1612
183183.000000, 2025-11-11T21:12:24.720Z, 42.292792, -71.264691, 60.258000, 2.594000, 2.540000, 3, 1611
183238.611111, 2025-11-11T21:12:24.775Z, 42.292794, -71.264691, 60.270000, 2.621000, 2.600000, 3, 1611
183294.222222, 2025-11-11T21:12:24.831Z, 42.292795, -71.264690, 60.282000, 2.650000, 2.620000, 3, 1611
183349.833333, 2025-11-11T21:12:24.886Z, 42.292796, -71.264689, 60.305000, 2.727000, 2.650000, 3, 1611
183405.444444, 2025-11-11T21:12:24.942Z, 42.292797, -71.264688, 60.328000, 2.753000, 2.730000, 3, 1611
183461.055556, 2025-11-11T21:12:24.998Z, 42.292799, -71.264689, 60.339000, 2.851000, 2.750000, 3, 1611
183516.666667, 2025-11-11T21:12:25.053Z, 42.292801, -71.264690, 60.349000, 2.963000, 2.850000, 3, 1611
183572.277778, 2025-11-11T21:12:25.109Z, 42.292803, -71.264691, 60.353000, 2.981000, 2.960000, 3, 1611
183627.888889, 2025-11-11T21:12:25.164Z, 42.292804, -71.264691, 60.359000, 2.938000, 2.980000, 3, 1611
183683.500000, 2025-11-11T21:12:25.220Z, 42.292804, -71.264691, 60.361000, 2.832000, 2.940000, 3, 1611
183739.111111, 2025-11-11T21:12:25.276Z, 42.292805, -71.264692, 60.362000, 2.824000, 2.830000, 3, 1611
183794.722222, 2025-11-11T21:12:25.331Z, 42.292807, -71.264693, 60.362000, 2.873000, 2.820000, 3, 1611
183850.333333, 2025-11-11T21:12:25.387Z, 42.292811, -71.264694, 60.377000, 3.317000, 2.870000, 3, 1611
183905.944444, 2025-11-11T21:12:25.442Z, 42.292812, -71.264695, 60.376000, 3.330000, 3.320000, 3, 1611
183961.555556, 2025-11-11T21:12:25.498Z, 42.292813, -71.264695, 60.381000, 3.272000, 3.330000, 3, 1611
184017.166667, 2025-11-11T21:12:25.554Z, 42.292814, -71.264696, 60.388000, 3.201000, 3.270000, 3, 1611
184072.777778, 2025-11-11T21:12:25.609Z, 42.292814, -71.264695, 60.387000, 2.912000, 3.200000, 3, 1611
184128.388889, 2025-11-11T21:12:25.665Z, 42.292815, -71.264695, 60.387000, 2.705000, 2.910000, 3, 1611
184184.000000, 2025-11-11T21:12:25.710Z, 42.292816, -71.264695, 60.391000, 2.732000, 2.710000, 3, 538
184239.611111, 2025-11-11T21:12:25.765Z, 42.292818, -71.264696, 60.396000, 2.850000, 2.730000, 3, 538
184295.222222, 2025-11-11T21:12:25.821Z, 42.292820, -71.264697, 60.407000, 3.018000, 2.850000, 3, 538
184350.833333, 2025-11-11T21:12:25.876Z, 42.292822, -71.264698, 60.425000, 3.092000, 3.020000, 3, 538
184406.444444, 2025-11-11T21:12:25.932Z, 42.292823, -71.264699, 60.435000, 3.164000, 3.090000, 3, 538
184462.055556, 2025-11-11T21:12:25.988Z, 42.292826, -71.264699, 60.452000, 3.293000, 3.160000, 3, 538
184517.666667, 2025-11-11T21:12:26.043Z, 42.292828, -71.264702, 60.468000, 3.373000, 3.290000, 3, 538
184573.277778, 2025-11-11T21:12:26.099Z, 42.292830, -71.264701, 60.457000, 3.408000, 3.370000, 3, 538
184628.888889, 2025-11-11T21:12:26.154Z, 42.292831, -71.264702, 60.466000, 3.347000, 3.410000, 3, 538
184684.500000, 2025-11-11T21:12:26.210Z, 42.292832, -71.264702, 60.488000, 3.265000, 3.350000, 3, 538
184740.111111, 2025-11-11T21:12:26.266Z, 42.292833, -71.264703, 60.489000, 3.242000, 3.270000, 3, 538
184795.722222, 2025-11-11T21:12:26.321Z, 42.292835, -71.264704, 60.483000, 3.275000, 3.240000, 3, 538
184851.333333, 2025-11-11T21:12:26.377Z, 42.292836, -71.264704, 60.496000, 3.184000, 3.270000, 3, 538
184906.944444, 2025-11-11T21:12:26.432Z, 42.292837, -71.264704, 60.515000, 3.142000, 3.180000, 3, 538
184962.555556, 2025-11-11T21:12:26.488Z, 42.292838, -71.264705, 60.524000, 3.154000, 3.140000, 3, 538
185018.166667, 2025-11-11T21:12:26.544Z, 42.292838, -71.264706, 60.541000, 3.142000, 3.150000, 3, 538
185073.777778, 2025-11-11T21:12:26.599Z, 42.292839, -71.264706, 60.564000, 3.093000, 3.140000, 3, 538
185129.388889, 2025-11-11T21:12:26.655Z, 42.292840, -71.264706, 60.587000, 2.986000, 3.090000, 3, 538
185185.000000, 2025-11-11T21:12:26.700Z, 42.292841, -71.264706, 60.599000, 2.832000, 2.990000, 3, 525
185237.684211, 2025-11-11T21:12:26.752Z, 42.292841, -71.264706, 60.614000, 2.683000, 2.830000, 3, 525
185290.368421, 2025-11-11T21:12:26.805Z, 42.292842, -71.264706, 60.622000, 2.672000, 2.680000, 3, 525
185343.052632, 2025-11-11T21:12:26.858Z, 42.292843, -71.264706, 60.625000, 2.616000, 2.670000, 3, 525
185395.736842, 2025-11-11T21:12:26.910Z, 42.292843, -71.264706, 60.628000, 2.543000, 2.620000, 3, 525
185448.421053, 2025-11-11T21:12:26.963Z, 42.292845, -71.264706, 60.639000, 2.581000, 2.540000, 3, 525
185501.105263, 2025-11-11T21:12:27.016Z, 42.292846, -71.264706, 60.650000, 2.583000, 2.580000, 3, 525
185553.789474, 2025-11-11T21:12:27.068Z, 42.292847, -71.264706, 60.656000, 2.570000, 2.580000, 3, 525
185606.473684, 2025-11-11T21:12:27.121Z, 42.292849, -71.264706, 60.671000, 2.602000, 2.570000, 3, 525
185659.157895, 2025-11-11T21:12:27.174Z, 42.292850, -71.264706, 60.680000, 2.589000, 2.600000, 3, 525
185711.842105, 2025-11-11T21:12:27.226Z, 42.292851, -71.264706, 60.687000, 2.522000, 2.590000, 3, 525
185764.526316, 2025-11-11T21:12:27.279Z, 42.292852, -71.264706, 60.689000, 2.496000, 2.520000, 3, 525
185817.210526, 2025-11-11T21:12:27.332Z, 42.292852, -71.264708, 60.714000, 2.485000, 2.500000, 3, 525
185869.894737, 2025-11-11T21:12:27.384Z, 42.292854, -71.264709, 60.786000, 2.628000, 2.490000, 3, 525
185922.578947, 2025-11-11T21:12:27.437Z, 42.292854, -71.264710, 60.873000, 2.501000, 2.630000, 3, 525
185975.263158, 2025-11-11T21:12:27.490Z, 42.292854, -71.264711, 60.796000, 2.358000, 2.500000, 3, 525
186027.947368, 2025-11-11T21:12:27.542Z, 42.292854, -71.264711, 60.701000, 2.273000, 2.360000, 3, 525
186080.631579, 2025-11-11T21:12:27.595Z, 42.292855, -71.264712, 60.839000, 2.404000, 2.270000, 3, 525
186133.315789, 2025-11-11T21:12:27.648Z, 42.292856, -71.264713, 60.983000, 2.445000, 2.400000, 3, 525
186186.000000, 2025-11-11T21:12:27.745Z, 42.292856, -71.264714, 60.962000, 2.454000, 2.450000, 3, 525
186241.611111, 2025-11-11T21:12:27.800Z, 42.292857, -71.264715, 61.035000, 2.434000, 2.450000, 3, 525
186297.222222, 2025-11-11T21:12:27.856Z, 42.292857, -71.264716, 61.041000, 2.362000, 2.440000, 3, 525
186352.833333, 2025-11-11T21:12:27.911Z, 42.292857, -71.264717, 61.050000, 2.284000, 2.360000, 3, 525
186408.444444, 2025-11-11T21:12:27.967Z, 42.292858, -71.264718, 61.132000, 2.223000, 2.280000, 3, 525
186464.055556, 2025-11-11T21:12:28.023Z, 42.292858, -71.264719, 61.207000, 2.208000, 2.220000, 3, 525
186519.666667, 2025-11-11T21:12:28.078Z, 42.292858, -71.264721, 61.159000, 2.150000, 2.210000, 3, 525
186575.277778, 2025-11-11T21:12:28.134Z, 42.292858, -71.264722, 61.105000, 2.105000, 2.150000, 3, 525
186630.888889, 2025-11-11T21:12:28.189Z, 42.292858, -71.264724, 61.231000, 2.141000, 2.100000, 3, 525
186686.500000, 2025-11-11T21:12:28.245Z, 42.292859, -71.264725, 61.440000, 2.194000, 2.140000, 3, 525
186742.111111, 2025-11-11T21:12:28.301Z, 42.292859, -71.264728, 61.534000, 2.180000, 2.190000, 3, 525
186797.722222, 2025-11-11T21:12:28.356Z, 42.292860, -71.264729, 61.801000, 2.267000, 2.180000, 3, 525
186853.333333, 2025-11-11T21:12:28.412Z, 42.292861, -71.264730, 62.031000, 2.292000, 2.270000, 3, 525
186908.944444, 2025-11-11T21:12:28.467Z, 42.292862, -71.264731, 62.007000, 2.208000, 2.300000, 3, 525
186964.555556, 2025-11-11T21:12:28.523Z, 42.292862, -71.264732, 61.792000, 2.175000, 2.210000, 3, 525
187020.166667, 2025-11-11T21:12:28.579Z, 42.292862, -71.264734, 61.848000, 2.113000, 2.180000, 3, 525
187075.777778, 2025-11-11T21:12:28.634Z, 42.292862, -71.264735, 61.885000, 2.146000, 2.110000, 3, 525
187131.388889, 2025-11-11T21:12:28.690Z, 42.292863, -71.264737, 61.931000, 2.242000, 2.150000, 3, 525
187187.000000, 2025-11-11T21:12:28.680Z, 42.292863, -71.264739, 62.007000, 2.347000, 2.240000, 3, 193
187242.611111, 2025-11-11T21:12:28.735Z, 42.292864, -71.264741, 62.171000, 2.375000, 2.350000, 3, 193
187298.222222, 2025-11-11T21:12:28.791Z, 42.292864, -71.264742, 62.287000, 2.327000, 2.380000, 3, 193
187353.833333, 2025-11-11T21:12:28.846Z, 42.292865, -71.264744, 62.424000, 2.373000, 2.330000, 3, 193
187409.444444, 2025-11-11T21:12:28.902Z, 42.292866, -71.264747, 62.724000, 2.541000, 2.380000, 3, 193
187465.055556, 2025-11-11T21:12:28.958Z, 42.292867, -71.264749, 62.880000, 2.578000, 2.550000, 3, 193
187520.666667, 2025-11-11T21:12:29.013Z, 42.292867, -71.264751, 62.928000, 2.595000, 2.580000, 3, 193
187576.277778, 2025-11-11T21:12:29.069Z, 42.292867, -71.264753, 63.015000, 2.600000, 2.600000, 3, 193
187631.888889, 2025-11-11T21:12:29.124Z, 42.292867, -71.264755, 63.031000, 2.563000, 2.610000, 3, 193
187687.500000, 2025-11-11T21:12:29.180Z, 42.292869, -71.264757, 63.277000, 2.623000, 2.570000, 3, 193
187743.111111, 2025-11-11T21:12:29.236Z, 42.292870, -71.264760, 63.513000, 2.668000, 2.630000, 3, 193
187798.722222, 2025-11-11T21:12:29.291Z, 42.292871, -71.264762, 63.755000, 2.650000, 2.670000, 3, 193
187854.333333, 2025-11-11T21:12:29.347Z, 42.292873, -71.264764, 63.977000, 2.674000, 2.660000, 3, 193
187909.944444, 2025-11-11T21:12:29.402Z, 42.292874, -71.264766, 64.177000, 2.640000, 2.680000, 3, 193
187965.555556, 2025-11-11T21:12:29.458Z, 42.292875, -71.264768, 64.461000, 2.623000, 2.650000, 3, 193
188021.166667, 2025-11-11T21:12:29.514Z, 42.292876, -71.264770, 64.796000, 2.605000, 2.630000, 3, 193
188076.777778, 2025-11-11T21:12:29.569Z, 42.292877, -71.264772, 65.088000, 2.477000, 2.620000, 3, 193
188132.388889, 2025-11-11T21:12:29.625Z, 42.292879, -71.264774, 65.162000, 2.598000, 2.490000, 3, 193
188188.000000, 2025-11-11T21:12:29.725Z, 42.292880, -71.264776, 65.335000, 2.657000, 2.610000, 3, 193
188243.611111, 2025-11-11T21:12:29.780Z, 42.292881, -71.264779, 65.641000, 2.644000, 2.670000, 3, 193
188299.222222, 2025-11-11T21:12:29.836Z, 42.292882, -71.264782, 66.009000, 2.593000, 2.660000, 3, 193
188354.833333, 2025-11-11T21:12:29.891Z, 42.292883, -71.264786, 66.188000, 2.801000, 2.610000, 3, 193
188410.444444, 2025-11-11T21:12:29.947Z, 42.292884, -71.264789, 66.392000, 2.874000, 2.820000, 3, 193
188466.055556, 2025-11-11T21:12:30.003Z, 42.292886, -71.264791, 66.514000, 2.895000, 2.890000, 3, 193
188521.666667, 2025-11-11T21:12:30.058Z, 42.292887, -71.264793, 66.768000, 2.808000, 2.910000, 3, 193
188577.277778, 2025-11-11T21:12:30.114Z, 42.292888, -71.264795, 67.024000, 2.744000, 2.820000, 3, 193
188632.888889, 2025-11-11T21:12:30.169Z, 42.292890, -71.264797, 67.313000, 2.741000, 2.760000, 3, 193
188688.500000, 2025-11-11T21:12:30.225Z, 42.292891, -71.264800, 67.577000, 2.730000, 2.760000, 3, 193
188744.111111, 2025-11-11T21:12:30.281Z, 42.292892, -71.264803, 67.880000, 2.863000, 2.750000, 3, 193
188799.722222, 2025-11-11T21:12:30.336Z, 42.292893, -71.264805, 68.100000, 2.912000, 2.890000, 3, 193
188855.333333, 2025-11-11T21:12:30.392Z, 42.292894, -71.264808, 68.322000, 2.874000, 2.940000, 3, 193
188910.944444, 2025-11-11T21:12:30.447Z, 42.292895, -71.264811, 68.559000, 2.760000, 2.900000, 3, 193
188966.555556, 2025-11-11T21:12:30.503Z, 42.292896, -71.264813, 68.773000, 2.719000, 2.790000, 3, 193
189022.166667, 2025-11-11T21:12:30.559Z, 42.292897, -71.264816, 69.009000, 2.748000, 2.750000, 3, 193
189077.777778, 2025-11-11T21:12:30.614Z, 42.292898, -71.264818, 69.243000, 2.830000, 2.780000, 3, 193
189133.388889, 2025-11-11T21:12:30.670Z, 42.292900, -71.264820, 69.449000, 2.823000, 2.860000, 3, 193
189189.000000, 2025-11-11T21:12:30.715Z, 42.292901, -71.264824, 69.710000, 2.968000, 2.850000, 3, 193
189241.684211, 2025-11-11T21:12:30.767Z, 42.292901, -71.264827, 69.761000, 3.015000, 3.000000, 3, 193
189294.368421, 2025-11-11T21:12:30.820Z, 42.292902, -71.264830, 70.080000, 2.958000, 3.040000, 3, 193
189347.052632, 2025-11-11T21:12:30.873Z, 42.292903, -71.264833, 70.269000, 2.929000, 2.990000, 3, 193
189399.736842, 2025-11-11T21:12:30.925Z, 42.292904, -71.264836, 70.371000, 2.962000, 2.960000, 3, 193
189452.421053, 2025-11-11T21:12:30.978Z, 42.292904, -71.264838, 70.451000, 2.979000, 2.990000, 3, 193
189505.105263, 2025-11-11T21:12:31.031Z, 42.292904, -71.264841, 70.496000, 2.919000, 3.010000, 3, 193
189557.789474, 2025-11-11T21:12:31.083Z, 42.292905, -71.264843, 70.551000, 2.893000, 2.940000, 3, 193
189610.473684, 2025-11-11T21:12:31.136Z, 42.292906, -71.264845, 70.771000, 2.928000, 2.920000, 3, 193
189663.157895, 2025-11-11T21:12:31.189Z, 42.292906, -71.264848, 70.995000, 2.999000, 2.950000, 3, 193
189715.842105, 2025-11-11T21:12:31.241Z, 42.292907, -71.264850, 71.083000, 3.041000, 3.020000, 3, 193
189768.526316, 2025-11-11T21:12:31.294Z, 42.292907, -71.264853, 71.243000, 2.928000, 3.060000, 3, 193
189821.210526, 2025-11-11T21:12:31.347Z, 42.292908, -71.264854, 71.508000, 2.752000, 2.950000, 3, 193
189873.894737, 2025-11-11T21:12:31.399Z, 42.292909, -71.264856, 71.665000, 2.707000, 2.780000, 3, 193
189926.578947, 2025-11-11T21:12:31.452Z, 42.292910, -71.264859, 71.787000, 2.856000, 2.730000, 3, 193
189979.263158, 2025-11-11T21:12:31.505Z, 42.292910, -71.264861, 71.950000, 2.847000, 2.880000, 3, 193
190031.947368, 2025-11-11T21:12:31.557Z, 42.292911, -71.264863, 72.135000, 2.750000, 2.870000, 3, 193
190084.631579, 2025-11-11T21:12:31.610Z, 42.292910, -71.264861, 71.598000, 2.580000, 2.770000, 3, 193
190137.315789, 2025-11-11T21:12:31.663Z, 42.292910, -71.264859, 71.103000, 2.424000, 2.600000, 3, 193
190190.000000, 2025-11-11T21:12:31.705Z, 42.292909, -71.264858, 70.590000, 2.311000, 2.440000, 3, 170
190248.882353, 2025-11-11T21:12:31.763Z, 42.292909, -71.264857, 70.370000, 2.302000, 2.320000, 3, 170
190307.764706, 2025-11-11T21:12:31.822Z, 42.292909, -71.264858, 70.261000, 2.265000, 2.310000, 3, 170
190366.647059, 2025-11-11T21:12:31.881Z, 42.292910, -71.264856, 69.848000, 2.160000, 2.280000, 3, 170
190425.529412, 2025-11-11T21:12:31.940Z, 42.292910, -71.264855, 69.414000, 2.133000, 2.170000, 3, 170
190484.411765, 2025-11-11T21:12:31.999Z, 42.292910, -71.264858, 69.607000, 2.119000, 2.140000, 3, 170
190543.294118, 2025-11-11T21:12:32.058Z, 42.292910, -71.264859, 69.501000, 2.081000, 2.120000, 3, 170
190602.176471, 2025-11-11T21:12:32.117Z, 42.292911, -71.264863, 69.750000, 2.192000, 2.080000, 3, 170
190661.058824, 2025-11-11T21:12:32.176Z, 42.292911, -71.264866, 70.030000, 2.303000, 2.190000, 3, 170
190719.941176, 2025-11-11T21:12:32.234Z, 42.292912, -71.264870, 70.342000, 2.356000, 2.310000, 3, 170
190778.823529, 2025-11-11T21:12:32.293Z, 42.292912, -71.264873, 70.985000, 2.346000, 2.360000, 3, 170
190837.705882, 2025-11-11T21:12:32.352Z, 42.292913, -71.264876, 71.449000, 2.306000, 2.350000, 3, 170
190896.588235, 2025-11-11T21:12:32.411Z, 42.292913, -71.264880, 71.785000, 2.403000, 2.320000, 3, 170
190955.470588, 2025-11-11T21:12:32.470Z, 42.292913, -71.264884, 72.158000, 2.569000, 2.420000, 3, 170
191014.352941, 2025-11-11T21:12:32.529Z, 42.292913, -71.264882, 71.699000, 2.412000, 2.590000, 3, 170
191073.235294, 2025-11-11T21:12:32.588Z, 42.292914, -71.264882, 71.842000, 2.331000, 2.420000, 3, 170
191132.117647, 2025-11-11T21:12:32.647Z, 42.292914, -71.264881, 71.356000, 2.284000, 2.350000, 3, 170
191191.000000, 2025-11-11T21:12:32.695Z, 42.292913, -71.264880, 70.906000, 2.150000, 2.300000, 3, 383
191243.684211, 2025-11-11T21:12:32.747Z, 42.292913, -71.264878, 70.319000, 2.054000, 2.160000, 3, 383
191296.368421, 2025-11-11T21:12:32.800Z, 42.292911, -71.264876, 69.741000, 1.965000, 2.060000, 3, 383
191349.052632, 2025-11-11T21:12:32.853Z, 42.292911, -71.264875, 69.135000, 1.981000, 1.970000, 3, 383
191401.736842, 2025-11-11T21:12:32.905Z, 42.292910, -71.264874, 68.562000, 1.972000, 1.980000, 3, 383
191454.421053, 2025-11-11T21:12:32.958Z, 42.292909, -71.264873, 67.923000, 1.924000, 1.970000, 3, 383
191507.105263, 2025-11-11T21:12:33.011Z, 42.292910, -71.264872, 67.507000, 1.805000, 1.930000, 3, 383
191559.789474, 2025-11-11T21:12:33.063Z, 42.292909, -71.264872, 66.968000, 1.907000, 1.810000, 3, 383
191612.473684, 2025-11-11T21:12:33.116Z, 42.292909, -71.264871, 66.694000, 1.895000, 1.920000, 3, 383
191665.157895, 2025-11-11T21:12:33.169Z, 42.292909, -71.264871, 66.418000, 1.932000, 1.910000, 3, 383
191717.842105, 2025-11-11T21:12:33.221Z, 42.292908, -71.264871, 66.257000, 1.894000, 1.950000, 3, 383
191770.526316, 2025-11-11T21:12:33.274Z, 42.292908, -71.264874, 66.578000, 1.977000, 1.910000, 3, 383
191823.210526, 2025-11-11T21:12:33.327Z, 42.292908, -71.264877, 66.914000, 2.129000, 1.990000, 3, 383
191875.894737, 2025-11-11T21:12:33.379Z, 42.292907, -71.264880, 67.188000, 2.208000, 2.140000, 3, 383
191928.578947, 2025-11-11T21:12:33.432Z, 42.292907, -71.264882, 67.441000, 2.184000, 2.220000, 3, 383
191981.263158, 2025-11-11T21:12:33.485Z, 42.292907, -71.264885, 67.768000, 2.181000, 2.190000, 3, 383
192033.947368, 2025-11-11T21:12:33.537Z, 42.292908, -71.264887, 68.180000, 2.115000, 2.190000, 3, 383
192086.631579, 2025-11-11T21:12:33.590Z, 42.292907, -71.264889, 68.387000, 2.177000, 2.120000, 3, 383
192139.315789, 2025-11-11T21:12:33.643Z, 42.292907, -71.264891, 68.689000, 2.171000, 2.180000, 3, 383
192192.000000, 2025-11-11T21:12:33.740Z, 42.292908, -71.264893, 69.013000, 2.054000, 2.170000, 3, 383
192247.611111, 2025-11-11T21:12:33.795Z, 42.292908, -71.264895, 69.133000, 2.029000, 2.060000, 3, 383
192303.222222, 2025-11-11T21:12:33.851Z, 42.292907, -71.264896, 69.217000, 2.037000, 2.030000, 3, 383
192358.833333, 2025-11-11T21:12:33.906Z, 42.292906, -71.264898, 69.138000, 2.145000, 2.040000, 3, 383
192414.444444, 2025-11-11T21:12:33.962Z, 42.292906, -71.264900, 69.085000, 2.288000, 2.150000, 3, 383
192470.055556, 2025-11-11T21:12:34.018Z, 42.292907, -71.264902, 69.252000, 2.232000, 2.290000, 3, 383
192525.666667, 2025-11-11T21:12:34.073Z, 42.292906, -71.264904, 69.486000, 2.215000, 2.230000, 3, 383
192581.277778, 2025-11-11T21:12:34.129Z, 42.292906, -71.264906, 69.524000, 2.242000, 2.220000, 3, 383
192636.888889, 2025-11-11T21:12:34.184Z, 42.292904, -71.264906, 69.547000, 2.213000, 2.240000, 3, 383
192692.500000, 2025-11-11T21:12:34.240Z, 42.292904, -71.264908, 69.582000, 2.207000, 2.210000, 3, 383
192748.111111, 2025-11-11T21:12:34.296Z, 42.292905, -71.264910, 69.603000, 2.173000, 2.210000, 3, 383
192803.722222, 2025-11-11T21:12:34.351Z, 42.292904, -71.264911, 69.557000, 2.073000, 2.170000, 3, 383
192859.333333, 2025-11-11T21:12:34.407Z, 42.292904, -71.264912, 69.564000, 2.079000, 2.070000, 3, 383
192914.944444, 2025-11-11T21:12:34.462Z, 42.292903, -71.264913, 69.476000, 2.058000, 2.080000, 3, 383
192970.555556, 2025-11-11T21:12:34.518Z, 42.292903, -71.264914, 69.399000, 2.003000, 2.060000, 3, 383
193026.166667, 2025-11-11T21:12:34.574Z, 42.292902, -71.264916, 69.228000, 2.133000, 2.000000, 3, 383
193081.777778, 2025-11-11T21:12:34.629Z, 42.292901, -71.264917, 69.132000, 2.084000, 2.140000, 3, 383
193137.388889, 2025-11-11T21:12:34.685Z, 42.292901, -71.264919, 69.153000, 2.112000, 2.090000, 3, 383
193193.000000, 2025-11-11T21:12:34.730Z, 42.292900, -71.264920, 69.134000, 2.122000, 2.120000, 3, 383
193248.611111, 2025-11-11T21:12:34.785Z, 42.292899, -71.264922, 69.143000, 2.132000, 2.120000, 3, 383
193304.222222, 2025-11-11T21:12:34.841Z, 42.292899, -71.264924, 69.178000, 2.102000, 2.130000, 3, 383
193359.833333, 2025-11-11T21:12:34.896Z, 42.292899, -71.264925, 69.347000, 2.040000, 2.100000, 3, 383
193415.444444, 2025-11-11T21:12:34.952Z, 42.292899, -71.264927, 69.443000, 2.014000, 2.040000, 3, 383
193471.055556, 2025-11-11T21:12:35.008Z, 42.292899, -71.264928, 69.408000, 2.018000, 2.020000, 3, 383
193526.666667, 2025-11-11T21:12:35.063Z, 42.292899, -71.264930, 69.409000, 2.002000, 2.020000, 3, 383
193582.277778, 2025-11-11T21:12:35.119Z, 42.292901, -71.264931, 69.666000, 1.857000, 2.000000, 3, 383
193637.888889, 2025-11-11T21:12:35.174Z, 42.292902, -71.264933, 69.882000, 1.870000, 1.860000, 3, 383
193693.500000, 2025-11-11T21:12:35.230Z, 42.292904, -71.264936, 70.177000, 1.975000, 1.870000, 3, 383
193749.111111, 2025-11-11T21:12:35.286Z, 42.292905, -71.264939, 70.342000, 2.194000, 1.980000, 3, 383
193804.722222, 2025-11-11T21:12:35.341Z, 42.292906, -71.264942, 70.516000, 2.253000, 2.190000, 3, 383
193860.333333, 2025-11-11T21:12:35.397Z, 42.292907, -71.264944, 70.633000, 2.206000, 2.250000, 3, 383
193915.944444, 2025-11-11T21:12:35.452Z, 42.292906, -71.264945, 70.879000, 2.016000, 2.210000, 3, 383
193971.555556, 2025-11-11T21:12:35.508Z, 42.292907, -71.264947, 71.067000, 1.967000, 2.020000, 3, 383
194027.166667, 2025-11-11T21:12:35.564Z, 42.292906, -71.264950, 71.327000, 1.957000, 1.970000, 3, 383
194082.777778, 2025-11-11T21:12:35.619Z, 42.292906, -71.264952, 71.549000, 2.019000, 1.960000, 3, 383
194138.388889, 2025-11-11T21:12:35.675Z, 42.292907, -71.264955, 71.774000, 2.064000, 2.020000, 3, 383
194194.000000, 2025-11-11T21:12:35.720Z, 42.292908, -71.264958, 71.928000, 2.155000, 2.060000, 3, 182
194246.684211, 2025-11-11T21:12:35.772Z, 42.292909, -71.264960, 72.744000, 2.037000, 2.150000, 3, 182
194299.368421, 2025-11-11T21:12:35.825Z, 42.292909, -71.264962, 72.992000, 2.024000, 2.040000, 3, 182
194352.052632, 2025-11-11T21:12:35.878Z, 42.292908, -71.264964, 73.043000, 2.018000, 2.030000, 3, 182
194404.736842, 2025-11-11T21:12:35.930Z, 42.292908, -71.264966, 73.012000, 2.155000, 2.020000, 3, 182
194457.421053, 2025-11-11T21:12:35.983Z, 42.292907, -71.264968, 72.999000, 2.137000, 2.160000, 3, 182
194510.105263, 2025-11-11T21:12:36.036Z, 42.292906, -71.264969, 72.902000, 2.147000, 2.140000, 3, 182
194562.789474, 2025-11-11T21:12:36.088Z, 42.292906, -71.264970, 72.735000, 2.064000, 2.150000, 3, 182
194615.473684, 2025-11-11T21:12:36.141Z, 42.292906, -71.264972, 72.737000, 2.047000, 2.070000, 3, 182
194668.157895, 2025-11-11T21:12:36.194Z, 42.292905, -71.264973, 72.767000, 2.125000, 2.050000, 3, 182
194720.842105, 2025-11-11T21:12:36.246Z, 42.292904, -71.264975, 72.872000, 2.176000, 2.130000, 3, 182
194773.526316, 2025-11-11T21:12:36.299Z, 42.292904, -71.264977, 72.920000, 2.211000, 2.180000, 3, 182
194826.210526, 2025-11-11T21:12:36.352Z, 42.292903, -71.264978, 72.874000, 2.090000, 2.210000, 3, 182
194878.894737, 2025-11-11T21:12:36.404Z, 42.292902, -71.264979, 72.815000, 2.004000, 2.090000, 3, 182
194931.578947, 2025-11-11T21:12:36.457Z, 42.292902, -71.264980, 72.725000, 2.020000, 2.010000, 3, 182
194984.263158, 2025-11-11T21:12:36.510Z, 42.292901, -71.264981, 72.653000, 1.982000, 2.020000, 3, 182
195036.947368, 2025-11-11T21:12:36.562Z, 42.292900, -71.264983, 72.665000, 1.974000, 1.980000, 3, 182
195089.631579, 2025-11-11T21:12:36.615Z, 42.292899, -71.264984, 72.805000, 1.912000, 1.980000, 3, 182
195142.315789, 2025-11-11T21:12:36.668Z, 42.292899, -71.264986, 72.764000, 2.058000, 1.910000, 3, 182
195195.000000, 2025-11-11T21:12:36.710Z, 42.292899, -71.264988, 72.565000, 2.172000, 2.060000, 3, 383
195250.611111, 2025-11-11T21:12:36.765Z, 42.292898, -71.264990, 72.585000, 2.183000, 2.170000, 3, 383
195306.222222, 2025-11-11T21:12:36.821Z, 42.292898, -71.264992, 72.749000, 2.148000, 2.180000, 3, 383
195361.833333, 2025-11-11T21:12:36.876Z, 42.292897, -71.264993, 72.986000, 2.044000, 2.150000, 3, 383
195417.444444, 2025-11-11T21:12:36.932Z, 42.292897, -71.264995, 73.150000, 2.060000, 2.040000, 3, 383
195473.055556, 2025-11-11T21:12:36.988Z, 42.292897, -71.264997, 73.272000, 2.052000, 2.060000, 3, 383
195528.666667, 2025-11-11T21:12:37.043Z, 42.292896, -71.264998, 73.164000, 1.967000, 2.050000, 3, 383
195584.277778, 2025-11-11T21:12:37.099Z, 42.292896, -71.264999, 73.066000, 2.001000, 1.970000, 3, 383
195639.888889, 2025-11-11T21:12:37.154Z, 42.292895, -71.264999, 73.001000, 1.981000, 2.000000, 3, 383
195695.500000, 2025-11-11T21:12:37.210Z, 42.292895, -71.265000, 72.913000, 1.849000, 1.980000, 3, 383
195751.111111, 2025-11-11T21:12:37.266Z, 42.292894, -71.265000, 72.863000, 1.777000, 1.850000, 3, 383
195806.722222, 2025-11-11T21:12:37.321Z, 42.292894, -71.265001, 72.858000, 1.677000, 1.780000, 3, 383
195862.333333, 2025-11-11T21:12:37.377Z, 42.292893, -71.265003, 72.942000, 1.814000, 1.680000, 3, 383
195917.944444, 2025-11-11T21:12:37.432Z, 42.292893, -71.265003, 73.006000, 1.847000, 1.810000, 3, 383
195973.555556, 2025-11-11T21:12:37.488Z, 42.292892, -71.265004, 72.987000, 1.916000, 1.850000, 3, 383
196029.166667, 2025-11-11T21:12:37.544Z, 42.292892, -71.265006, 73.060000, 1.926000, 1.920000, 3, 383
196084.777778, 2025-11-11T21:12:37.599Z, 42.292891, -71.265007, 73.114000, 1.917000, 1.930000, 3, 383
196140.388889, 2025-11-11T21:12:37.655Z, 42.292890, -71.265009, 73.206000, 1.978000, 1.920000, 3, 383
196196.000000, 2025-11-11T21:12:37.755Z, 42.292889, -71.265009, 73.180000, 1.987000, 1.980000, 3, 383
196251.611111, 2025-11-11T21:12:37.810Z, 42.292888, -71.265011, 73.036000, 2.009000, 1.990000, 3, 383
196307.222222, 2025-11-11T21:12:37.866Z, 42.292887, -71.265011, 72.976000, 1.991000, 2.010000, 3, 383
196362.833333, 2025-11-11T21:12:37.921Z, 42.292886, -71.265012, 72.918000, 1.933000, 1.990000, 3, 383
196418.444444, 2025-11-11T21:12:37.977Z, 42.292885, -71.265013, 72.899000, 1.912000, 1.930000, 3, 383
196474.055556, 2025-11-11T21:12:38.033Z, 42.292884, -71.265014, 72.825000, 1.913000, 1.910000, 3, 383
196529.666667, 2025-11-11T21:12:38.088Z, 42.292883, -71.265015, 72.786000, 1.962000, 1.910000, 3, 383
196585.277778, 2025-11-11T21:12:38.144Z, 42.292882, -71.265017, 72.771000, 2.059000, 1.960000, 3, 383
196640.888889, 2025-11-11T21:12:38.199Z, 42.292882, -71.265019, 72.723000, 2.090000, 2.060000, 3, 383
196696.500000, 2025-11-11T21:12:38.255Z, 42.292882, -71.265021, 72.768000, 2.102000, 2.090000, 3, 383
196752.111111, 2025-11-11T21:12:38.311Z, 42.292881, -71.265023, 72.881000, 2.205000, 2.100000, 3, 383
196807.722222, 2025-11-11T21:12:38.366Z, 42.292880, -71.265024, 72.941000, 2.147000, 2.210000, 3, 383
196863.333333, 2025-11-11T21:12:38.422Z, 42.292879, -71.265025, 72.956000, 2.194000, 2.150000, 3, 383
196918.944444, 2025-11-11T21:12:38.477Z, 42.292878, -71.265026, 72.935000, 2.245000, 2.190000, 3, 383
196974.555556, 2025-11-11T21:12:38.533Z, 42.292878, -71.265028, 72.956000, 2.179000, 2.250000, 3, 383
197030.166667, 2025-11-11T21:12:38.589Z, 42.292879, -71.265029, 72.993000, 2.104000, 2.180000, 3, 383
197085.777778, 2025-11-11T21:12:38.644Z, 42.292878, -71.265031, 73.031000, 2.116000, 2.100000, 3, 383
197141.388889, 2025-11-11T21:12:38.700Z, 42.292878, -71.265032, 72.974000, 2.152000, 2.120000, 3, 383
197197.000000, 2025-11-11T21:12:38.745Z, 42.292878, -71.265033, 72.880000, 2.017000, 2.150000, 3, 382
197252.611111, 2025-11-11T21:12:38.800Z, 42.292877, -71.265035, 72.874000, 2.092000, 2.020000, 3, 382
197308.222222, 2025-11-11T21:12:38.856Z, 42.292877, -71.265037, 72.979000, 2.124000, 2.090000, 3, 382
197363.833333, 2025-11-11T21:12:38.911Z, 42.292878, -71.265039, 72.981000, 2.028000, 2.120000, 3, 382
197419.444444, 2025-11-11T21:12:38.967Z, 42.292877, -71.265040, 73.023000, 2.065000, 2.030000, 3, 382
197475.055556, 2025-11-11T21:12:39.023Z, 42.292877, -71.265042, 73.068000, 2.191000, 2.070000, 3, 382
197530.666667, 2025-11-11T21:12:39.078Z, 42.292876, -71.265044, 73.052000, 2.240000, 2.190000, 3, 382
197586.277778, 2025-11-11T21:12:39.134Z, 42.292876, -71.265046, 73.069000, 2.217000, 2.240000, 3, 382
197641.888889, 2025-11-11T21:12:39.189Z, 42.292877, -71.265048, 73.104000, 2.252000, 2.220000, 3, 382
197697.500000, 2025-11-11T21:12:39.245Z, 42.292877, -71.265050, 73.226000, 2.323000, 2.250000, 3, 382
197753.111111, 2025-11-11T21:12:39.301Z, 42.292876, -71.265051, 73.195000, 2.319000, 2.320000, 3, 382
197808.722222, 2025-11-11T21:12:39.356Z, 42.292877, -71.265052, 73.223000, 2.166000, 2.320000, 3, 382
197864.333333, 2025-11-11T21:12:39.412Z, 42.292877, -71.265053, 73.225000, 2.082000, 2.170000, 3, 382
197919.944444, 2025-11-11T21:12:39.467Z, 42.292877, -71.265055, 73.212000, 2.029000, 2.080000, 3, 382
197975.555556, 2025-11-11T21:12:39.523Z, 42.292876, -71.265056, 73.184000, 2.108000, 2.030000, 3, 382
198031.166667, 2025-11-11T21:12:39.579Z, 42.292876, -71.265057, 73.190000, 2.075000, 2.110000, 3, 382
198086.777778, 2025-11-11T21:12:39.634Z, 42.292876, -71.265058, 73.087000, 2.052000, 2.080000, 3, 382
198142.388889, 2025-11-11T21:12:39.690Z, 42.292877, -71.265060, 73.184000, 1.905000, 2.050000, 3, 382
198198.000000, 2025-11-11T21:12:39.735Z, 42.292877, -71.265061, 73.163000, 1.879000, 1.910000, 3, 225
198253.611111, 2025-11-11T21:12:39.790Z, 42.292877, -71.265062, 73.150000, 1.910000, 1.880000, 3, 225
198309.222222, 2025-11-11T21:12:39.846Z, 42.292879, -71.265064, 73.251000, 1.923000, 1.910000, 3, 225
198364.833333, 2025-11-11T21:12:39.901Z, 42.292879, -71.265065, 73.300000, 1.887000, 1.920000, 3, 225
198420.444444, 2025-11-11T21:12:39.957Z, 42.292878, -71.265067, 73.232000, 1.922000, 1.890000, 3, 225
198476.055556, 2025-11-11T21:12:40.013Z, 42.292878, -71.265068, 73.233000, 1.962000, 1.920000, 3, 225
198531.666667, 2025-11-11T21:12:40.068Z, 42.292879, -71.265070, 73.292000, 1.981000, 1.960000, 3, 225
198587.277778, 2025-11-11T21:12:40.124Z, 42.292880, -71.265072, 73.354000, 2.043000, 1.980000, 3, 225
198642.888889, 2025-11-11T21:12:40.179Z, 42.292882, -71.265075, 73.490000, 2.252000, 2.040000, 3, 225
198698.500000, 2025-11-11T21:12:40.235Z, 42.292882, -71.265076, 73.500000, 2.269000, 2.250000, 3, 225
198754.111111, 2025-11-11T21:12:40.291Z, 42.292883, -71.265078, 73.505000, 2.283000, 2.270000, 3, 225
198809.722222, 2025-11-11T21:12:40.346Z, 42.292884, -71.265079, 73.512000, 2.266000, 2.280000, 3, 225
198865.333333, 2025-11-11T21:12:40.402Z, 42.292883, -71.265079, 73.264000, 2.162000, 2.270000, 3, 225
198920.944444, 2025-11-11T21:12:40.457Z, 42.292883, -71.265079, 73.031000, 1.994000, 2.160000, 3, 225
198976.555556, 2025-11-11T21:12:40.513Z, 42.292883, -71.265079, 72.773000, 1.899000, 1.990000, 3, 225
199032.166667, 2025-11-11T21:12:40.569Z, 42.292882, -71.265079, 72.486000, 1.839000, 1.900000, 3, 225
199087.777778, 2025-11-11T21:12:40.624Z, 42.292882, -71.265079, 72.270000, 1.783000, 1.840000, 3, 225
199143.388889, 2025-11-11T21:12:40.680Z, 42.292883, -71.265080, 72.084000, 1.782000, 1.780000, 3, 225
199199.000000, 2025-11-11T21:12:40.725Z, 42.292883, -71.265080, 71.935000, 1.721000, 1.780000, 3, 165
199251.684211, 2025-11-11T21:12:40.777Z, 42.292884, -71.265080, 71.725000, 1.730000, 1.720000, 3, 165
199304.368421, 2025-11-11T21:12:40.830Z, 42.292884, -71.265081, 71.565000, 1.766000, 1.730000, 3, 165
199357.052632, 2025-11-11T21:12:40.883Z, 42.292884, -71.265081, 71.430000, 1.692000, 1.770000, 3, 165
199409.736842, 2025-11-11T21:12:40.935Z, 42.292885, -71.265081, 71.321000, 1.613000, 1.700000, 3, 165
199462.421053, 2025-11-11T21:12:40.988Z, 42.292885, -71.265081, 71.168000, 1.553000, 1.620000, 3, 165
199515.105263, 2025-11-11T21:12:41.041Z, 42.292886, -71.265081, 70.970000, 1.632000, 1.560000, 3, 165
199567.789474, 2025-11-11T21:12:41.093Z, 42.292887, -71.265082, 70.799000, 1.669000, 1.640000, 3, 165
199620.473684, 2025-11-11T21:12:41.146Z, 42.292887, -71.265082, 70.685000, 1.662000, 1.680000, 3, 165
199673.157895, 2025-11-11T21:12:41.199Z, 42.292887, -71.265083, 70.601000, 1.627000, 1.670000, 3, 165
199725.842105, 2025-11-11T21:12:41.251Z, 42.292887, -71.265083, 70.328000, 1.670000, 1.640000, 3, 165
199778.526316, 2025-11-11T21:12:41.304Z, 42.292888, -71.265084, 70.213000, 1.755000, 1.680000, 3, 165
199831.210526, 2025-11-11T21:12:41.357Z, 42.292888, -71.265085, 70.051000, 1.752000, 1.770000, 3, 165
199883.894737, 2025-11-11T21:12:41.409Z, 42.292889, -71.265085, 69.883000, 1.746000, 1.770000, 3, 165
199936.578947, 2025-11-11T21:12:41.462Z, 42.292889, -71.265085, 69.718000, 1.681000, 1.770000, 3, 165
199989.263158, 2025-11-11T21:12:41.515Z, 42.292889, -71.265084, 69.382000, 1.582000, 1.700000, 3, 165
200041.947368, 2025-11-11T21:12:41.567Z, 42.292890, -71.265084, 69.448000, 1.617000, 1.610000, 3, 165
200094.631579, 2025-11-11T21:12:41.620Z, 42.292891, -71.265084, 69.230000, 1.618000, 1.640000, 3, 165
200147.315789, 2025-11-11T21:12:41.673Z, 42.292892, -71.265084, 69.049000, 1.623000, 1.650000, 3, 165
200200.000000, 2025-11-11T21:12:41.714Z, 42.292892, -71.265084, 68.713000, 1.680000, 1.650000, 3, 183
200255.611111, 2025-11-11T21:12:41.769Z, 42.292892, -71.265084, 68.361000, 1.550000, 1.720000, 3, 183
200311.222222, 2025-11-11T21:12:41.825Z, 42.292892, -71.265084, 68.037000, 1.553000, 1.600000, 3, 183
200366.833333, 2025-11-11T21:12:41.880Z, 42.292892, -71.265084, 67.626000, 1.510000, 1.610000, 3, 183
200422.444444, 2025-11-11T21:12:41.936Z, 42.292893, -71.265084, 67.347000, 1.540000, 1.580000, 3, 183
200478.055556, 2025-11-11T21:12:41.992Z, 42.292893, -71.265085, 67.220000, 1.534000, 1.620000, 3, 183
200533.666667, 2025-11-11T21:12:42.047Z, 42.292894, -71.265085, 67.173000, 1.540000, 1.620000, 3, 183
200589.277778, 2025-11-11T21:12:42.103Z, 42.292896, -71.265086, 67.146000, 1.533000, 1.630000, 3, 183
200644.888889, 2025-11-11T21:12:42.158Z, 42.292897, -71.265087, 67.236000, 1.439000, 1.620000, 3, 183
200700.500000, 2025-11-11T21:12:42.214Z, 42.292898, -71.265089, 67.326000, 1.480000, 1.530000, 3, 183
200756.111111, 2025-11-11T21:12:42.270Z, 42.292899, -71.265090, 67.322000, 1.490000, 1.570000, 3, 183
200811.722222, 2025-11-11T21:12:42.325Z, 42.292901, -71.265091, 67.379000, 1.681000, 1.580000, 3, 183
200867.333333, 2025-11-11T21:12:42.381Z, 42.292903, -71.265092, 67.579000, 1.720000, 1.770000, 3, 183
200922.944444, 2025-11-11T21:12:42.436Z, 42.292904, -71.265093, 67.706000, 1.748000, 1.800000, 3, 183
200978.555556, 2025-11-11T21:12:42.492Z, 42.292905, -71.265095, 67.886000, 1.773000, 1.830000, 3, 183
201034.166667, 2025-11-11T21:12:42.548Z, 42.292907, -71.265096, 68.001000, 1.854000, 1.850000, 3, 183
201089.777778, 2025-11-11T21:12:42.603Z, 42.292908, -71.265097, 67.945000, 1.876000, 1.930000, 3, 183
201145.388889, 2025-11-11T21:12:42.659Z, 42.292909, -71.265098, 67.934000, 1.826000, 1.950000, 3, 183
201201.000000, 2025-11-11T21:12:42.759Z, 42.292910, -71.265099, 67.889000, 1.866000, 1.910000, 3, 165
201256.611111, 2025-11-11T21:12:42.814Z, 42.292912, -71.265100, 67.917000, 1.898000, 1.950000, 3, 165
201312.222222, 2025-11-11T21:12:42.870Z, 42.292913, -71.265101, 67.946000, 1.939000, 1.990000, 3, 165
201367.833333, 2025-11-11T21:12:42.925Z, 42.292914, -71.265102, 67.850000, 1.967000, 2.030000, 3, 165
201423.444444, 2025-11-11T21:12:42.981Z, 42.292915, -71.265104, 67.870000, 1.997000, 2.060000, 3, 165
201479.055556, 2025-11-11T21:12:43.037Z, 42.292916, -71.265105, 67.993000, 1.894000, 2.090000, 3, 165
201534.666667, 2025-11-11T21:12:43.092Z, 42.292918, -71.265106, 68.238000, 1.819000, 1.990000, 3, 165
201590.277778, 2025-11-11T21:12:43.148Z, 42.292919, -71.265107, 68.434000, 1.856000, 1.920000, 3, 165
201645.888889, 2025-11-11T21:12:43.203Z, 42.292920, -71.265108, 68.279000, 1.782000, 1.950000, 3, 165
201701.500000, 2025-11-11T21:12:43.259Z, 42.292921, -71.265108, 68.128000, 1.723000, 1.890000, 3, 165
201757.111111, 2025-11-11T21:12:43.315Z, 42.292922, -71.265109, 68.281000, 1.822000, 1.840000, 3, 165
201812.722222, 2025-11-11T21:12:43.370Z, 42.292923, -71.265111, 68.424000, 1.897000, 1.930000, 3, 165
201868.333333, 2025-11-11T21:12:43.426Z, 42.292925, -71.265112, 68.525000, 1.914000, 2.000000, 3, 165
201923.944444, 2025-11-11T21:12:43.481Z, 42.292926, -71.265113, 68.596000, 1.769000, 2.010000, 3, 165
201979.555556, 2025-11-11T21:12:43.537Z, 42.292927, -71.265114, 68.701000, 1.679000, 1.870000, 3, 165
202035.166667, 2025-11-11T21:12:43.593Z, 42.292928, -71.265114, 68.832000, 1.670000, 1.790000, 3, 165
202090.777778, 2025-11-11T21:12:43.648Z, 42.292930, -71.265115, 68.946000, 1.753000, 1.770000, 3, 165
202146.388889, 2025-11-11T21:12:43.704Z, 42.292931, -71.265115, 68.983000, 1.644000, 1.850000, 3, 165
202202.000000, 2025-11-11T21:12:43.694Z, 42.292931, -71.265116, 68.910000, 1.646000, 1.750000, 3, 165
202257.611111, 2025-11-11T21:12:43.749Z, 42.292932, -71.265116, 68.867000, 1.632000, 1.750000, 3, 165
202313.222222, 2025-11-11T21:12:43.805Z, 42.292933, -71.265117, 68.869000, 1.543000, 1.740000, 3, 165
202368.833333, 2025-11-11T21:12:43.860Z, 42.292933, -71.265118, 68.900000, 1.372000, 1.660000, 3, 165
202424.444444, 2025-11-11T21:12:43.916Z, 42.292934, -71.265118, 69.032000, 1.397000, 1.500000, 3, 165
202480.055556, 2025-11-11T21:12:43.972Z, 42.292935, -71.265118, 69.022000, 1.377000, 1.520000, 3, 165
202535.666667, 2025-11-11T21:12:44.027Z, 42.292936, -71.265118, 69.095000, 1.357000, 1.500000, 3, 165
202591.277778, 2025-11-11T21:12:44.083Z, 42.292937, -71.265120, 69.242000, 1.359000, 1.480000, 3, 165
202646.888889, 2025-11-11T21:12:44.138Z, 42.292938, -71.265120, 69.331000, 1.310000, 1.480000, 3, 165
202702.500000, 2025-11-11T21:12:44.194Z, 42.292939, -71.265119, 69.365000, 1.272000, 1.430000, 3, 165
202758.111111, 2025-11-11T21:12:44.250Z, 42.292940, -71.265119, 69.383000, 1.278000, 1.400000, 3, 165
202813.722222, 2025-11-11T21:12:44.305Z, 42.292941, -71.265119, 69.397000, 1.339000, 1.400000, 3, 165
202869.333333, 2025-11-11T21:12:44.361Z, 42.292943, -71.265120, 69.370000, 1.369000, 1.450000, 3, 165
202924.944444, 2025-11-11T21:12:44.416Z, 42.292944, -71.265120, 69.287000, 1.450000, 1.490000, 3, 165
202980.555556, 2025-11-11T21:12:44.472Z, 42.292946, -71.265120, 69.236000, 1.521000, 1.570000, 3, 165
203036.166667, 2025-11-11T21:12:44.528Z, 42.292947, -71.265121, 69.232000, 1.528000, 1.640000, 3, 165
203091.777778, 2025-11-11T21:12:44.583Z, 42.292948, -71.265120, 69.327000, 1.596000, 1.640000, 3, 165
203147.388889, 2025-11-11T21:12:44.639Z, 42.292949, -71.265121, 69.315000, 1.611000, 1.700000, 3, 165
203203.000000, 2025-11-11T21:12:44.739Z, 42.292951, -71.265121, 69.239000, 1.669000, 1.710000, 3, 165
203258.611111, 2025-11-11T21:12:44.794Z, 42.292952, -71.265123, 69.046000, 1.766000, 1.770000, 3, 165
203314.222222, 2025-11-11T21:12:44.850Z, 42.292953, -71.265123, 68.964000, 1.796000, 1.870000, 3, 165
203369.833333, 2025-11-11T21:12:44.905Z, 42.292954, -71.265122, 68.908000, 1.750000, 1.900000, 3, 165
203425.444444, 2025-11-11T21:12:44.961Z, 42.292956, -71.265122, 68.848000, 1.772000, 1.860000, 3, 165
203481.055556, 2025-11-11T21:12:45.017Z, 42.292957, -71.265122, 68.770000, 1.760000, 1.890000, 3, 165
203536.666667, 2025-11-11T21:12:45.072Z, 42.292958, -71.265122, 68.678000, 1.783000, 1.880000, 3, 165
203592.277778, 2025-11-11T21:12:45.128Z, 42.292959, -71.265122, 68.646000, 1.762000, 1.900000, 3, 165
203647.888889, 2025-11-11T21:12:45.183Z, 42.292960, -71.265123, 68.608000, 1.774000, 1.890000, 3, 165
203703.500000, 2025-11-11T21:12:45.239Z, 42.292961, -71.265123, 68.615000, 1.712000, 1.900000, 3, 165
203759.111111, 2025-11-11T21:12:45.295Z, 42.292962, -71.265123, 68.632000, 1.579000, 1.840000, 3, 165
203814.722222, 2025-11-11T21:12:45.350Z, 42.292962, -71.265121, 68.646000, 1.453000, 1.720000, 3, 165
203870.333333, 2025-11-11T21:12:45.406Z, 42.292963, -71.265120, 68.641000, 1.492000, 1.600000, 3, 165
203925.944444, 2025-11-11T21:12:45.461Z, 42.292964, -71.265120, 68.655000, 1.458000, 1.640000, 3, 165
203981.555556, 2025-11-11T21:12:45.517Z, 42.292965, -71.265119, 68.693000, 1.452000, 1.610000, 3, 165
204037.166667, 2025-11-11T21:12:45.573Z, 42.292966, -71.265118, 68.777000, 1.519000, 1.600000, 3, 165
204092.777778, 2025-11-11T21:12:45.628Z, 42.292967, -71.265117, 68.849000, 1.602000, 1.650000, 3, 165
204148.388889, 2025-11-11T21:12:45.684Z, 42.292968, -71.265117, 68.879000, 1.577000, 1.720000, 3, 165
204204.000000, 2025-11-11T21:12:45.729Z, 42.292969, -71.265117, 68.880000, 1.540000, 1.700000, 3, 165
204256.684211, 2025-11-11T21:12:45.781Z, 42.292970, -71.265117, 68.924000, 1.473000, 1.670000, 3, 165
204309.368421, 2025-11-11T21:12:45.834Z, 42.292971, -71.265116, 68.948000, 1.443000, 1.600000, 3, 165
204362.052632, 2025-11-11T21:12:45.887Z, 42.292971, -71.265116, 68.950000, 1.435000, 1.570000, 3, 165
204414.736842, 2025-11-11T21:12:45.939Z, 42.292973, -71.265115, 68.983000, 1.496000, 1.560000, 3, 165
204467.421053, 2025-11-11T21:12:45.992Z, 42.292974, -71.265115, 69.038000, 1.481000, 1.620000, 3, 165
204520.105263, 2025-11-11T21:12:46.045Z, 42.292975, -71.265115, 69.093000, 1.534000, 1.600000, 3, 165
204572.789474, 2025-11-11T21:12:46.097Z, 42.292977, -71.265114, 69.161000, 1.704000, 1.650000, 3, 165
204625.473684, 2025-11-11T21:12:46.150Z, 42.292977, -71.265113, 69.211000, 1.679000, 1.810000, 3, 165
204678.157895, 2025-11-11T21:12:46.203Z, 42.292978, -71.265112, 69.242000, 1.673000, 1.780000, 3, 165
204730.842105, 2025-11-11T21:12:46.255Z, 42.292979, -71.265112, 69.301000, 1.767000, 1.770000, 3, 165
204783.526316, 2025-11-11T21:12:46.308Z, 42.292981, -71.265111, 69.298000, 1.852000, 1.860000, 3, 165
204836.210526, 2025-11-11T21:12:46.361Z, 42.292982, -71.265110, 69.335000, 1.907000, 1.940000, 3, 165
204888.894737, 2025-11-11T21:12:46.413Z, 42.292983, -71.265110, 69.395000, 1.943000, 1.990000, 3, 165
204941.578947, 2025-11-11T21:12:46.466Z, 42.292985, -71.265109, 69.360000, 1.984000, 2.020000, 3, 165
204994.263158, 2025-11-11T21:12:46.519Z, 42.292986, -71.265109, 69.401000, 1.949000, 2.070000, 3, 165
205046.947368, 2025-11-11T21:12:46.571Z, 42.292986, -71.265109, 69.439000, 1.878000, 2.030000, 3, 165
205099.631579, 2025-11-11T21:12:46.624Z, 42.292987, -71.265108, 69.404000, 1.805000, 1.960000, 3, 165
205152.315789, 2025-11-11T21:12:46.677Z, 42.292987, -71.265107, 69.475000, 1.689000, 1.890000, 3, 165
205205.000000, 2025-11-11T21:12:46.719Z, 42.292987, -71.265107, 69.530000, 1.610000, 1.780000, 3, 165
205260.611111, 2025-11-11T21:12:46.774Z, 42.292988, -71.265106, 69.568000, 1.510000, 1.700000, 3, 165
205316.222222, 2025-11-11T21:12:46.830Z, 42.292988, -71.265106, 69.679000, 1.394000, 1.610000, 3, 165
205371.833333, 2025-11-11T21:12:46.885Z, 42.292989, -71.265107, 69.678000, 1.384000, 1.490000, 3, 165
205427.444444, 2025-11-11T21:12:46.941Z, 42.292990, -71.265106, 69.718000, 1.478000, 1.490000, 3, 165
205483.055556, 2025-11-11T21:12:46.997Z, 42.292991, -71.265105, 69.664000, 1.698000, 1.570000, 3, 165
205538.666667, 2025-11-11T21:12:47.052Z, 42.292993, -71.265104, 69.626000, 1.887000, 1.780000, 3, 165
205594.277778, 2025-11-11T21:12:47.108Z, 42.292996, -71.265104, 69.681000, 2.082000, 1.960000, 3, 165
205649.888889, 2025-11-11T21:12:47.163Z, 42.292997, -71.265103, 69.721000, 2.093000, 2.150000, 3, 165
205705.500000, 2025-11-11T21:12:47.219Z, 42.292997, -71.265102, 69.752000, 2.049000, 2.160000, 3, 165
205761.111111, 2025-11-11T21:12:47.275Z, 42.292997, -71.265101, 69.719000, 1.966000, 2.120000, 3, 165
205816.722222, 2025-11-11T21:12:47.330Z, 42.292998, -71.265101, 69.695000, 1.956000, 2.040000, 3, 165
205872.333333, 2025-11-11T21:12:47.386Z, 42.292999, -71.265100, 69.757000, 2.006000, 2.030000, 3, 165
205927.944444, 2025-11-11T21:12:47.441Z, 42.293000, -71.265100, 69.766000, 1.976000, 2.070000, 3, 165
205983.555556, 2025-11-11T21:12:47.497Z, 42.293001, -71.265099, 69.923000, 1.999000, 2.040000, 3, 165
206039.166667, 2025-11-11T21:12:47.553Z, 42.293002, -71.265099, 69.984000, 1.930000, 2.060000, 3, 165
206094.777778, 2025-11-11T21:12:47.608Z, 42.293003, -71.265098, 70.128000, 1.956000, 1.990000, 3, 165
206150.388889, 2025-11-11T21:12:47.664Z, 42.293004, -71.265097, 70.303000, 2.037000, 2.010000, 3, 165
206206.000000, 2025-11-11T21:12:47.709Z, 42.293005, -71.265096, 70.382000, 2.067000, 2.080000, 3, 165
206261.611111, 2025-11-11T21:12:47.764Z, 42.293006, -71.265095, 70.417000, 2.062000, 2.110000, 3, 165
206317.222222, 2025-11-11T21:12:47.820Z, 42.293008, -71.265095, 70.562000, 2.097000, 2.110000, 3, 165
206372.833333, 2025-11-11T21:12:47.875Z, 42.293009, -71.265094, 70.487000, 2.102000, 2.140000, 3, 165
206428.444444, 2025-11-11T21:12:47.931Z, 42.293009, -71.265093, 70.528000, 2.065000, 2.140000, 3, 165
206484.055556, 2025-11-11T21:12:47.987Z, 42.293009, -71.265091, 70.442000, 1.966000, 2.110000, 3, 165
206539.666667, 2025-11-11T21:12:48.042Z, 42.293010, -71.265090, 70.642000, 2.013000, 2.010000, 3, 165
206595.277778, 2025-11-11T21:12:48.098Z, 42.293011, -71.265089, 70.656000, 1.978000, 2.050000, 3, 165
206650.888889, 2025-11-11T21:12:48.153Z, 42.293012, -71.265088, 70.683000, 2.019000, 2.020000, 3, 165
206706.500000, 2025-11-11T21:12:48.209Z, 42.293014, -71.265087, 70.847000, 2.095000, 2.060000, 3, 165
206762.111111, 2025-11-11T21:12:48.265Z, 42.293014, -71.265086, 70.897000, 2.059000, 2.130000, 3, 165
206817.722222, 2025-11-11T21:12:48.320Z, 42.293015, -71.265086, 71.017000, 1.948000, 2.090000, 3, 165
206873.333333, 2025-11-11T21:12:48.376Z, 42.293016, -71.265085, 71.086000, 1.958000, 1.980000, 3, 165
206928.944444, 2025-11-11T21:12:48.431Z, 42.293017, -71.265084, 70.994000, 2.028000, 1.990000, 3, 165
206984.555556, 2025-11-11T21:12:48.487Z, 42.293018, -71.265083, 71.029000, 2.092000, 2.060000, 3, 165
207040.166667, 2025-11-11T21:12:48.543Z, 42.293019, -71.265082, 71.038000, 2.030000, 2.120000, 3, 165
207095.777778, 2025-11-11T21:12:48.598Z, 42.293020, -71.265081, 71.076000, 1.999000, 2.060000, 3, 165
207151.388889, 2025-11-11T21:12:48.654Z, 42.293021, -71.265080, 71.072000, 2.018000, 2.030000, 3, 165
207207.000000, 2025-11-11T21:12:48.754Z, 42.293022, -71.265079, 71.095000, 2.079000, 2.050000, 3, 165
207262.611111, 2025-11-11T21:12:48.809Z, 42.293022, -71.265078, 71.086000, 1.998000, 2.110000, 3, 165
207318.222222, 2025-11-11T21:12:48.865Z, 42.293023, -71.265077, 71.163000, 1.871000, 2.030000, 3, 165
207373.833333, 2025-11-11T21:12:48.920Z, 42.293023, -71.265076, 71.130000, 1.858000, 1.900000, 3, 165
207429.444444, 2025-11-11T21:12:48.976Z, 42.293023, -71.265074, 71.175000, 1.880000, 1.890000, 3, 165
207485.055556, 2025-11-11T21:12:49.032Z, 42.293023, -71.265073, 71.120000, 1.822000, 1.910000, 3, 165
207540.666667, 2025-11-11T21:12:49.087Z, 42.293024, -71.265072, 71.053000, 1.751000, 1.860000, 3, 165
207596.277778, 2025-11-11T21:12:49.143Z, 42.293024, -71.265071, 70.943000, 1.687000, 1.790000, 3, 165
207651.888889, 2025-11-11T21:12:49.198Z, 42.293025, -71.265070, 70.908000, 1.647000, 1.730000, 3, 165
207707.500000, 2025-11-11T21:12:49.254Z, 42.293025, -71.265070, 71.053000, 1.525000, 1.690000, 3, 165
207763.111111, 2025-11-11T21:12:49.310Z, 42.293025, -71.265069, 71.224000, 1.316000, 1.570000, 3, 165
207818.722222, 2025-11-11T21:12:49.365Z, 42.293025, -71.265068, 71.331000, 1.187000, 1.360000, 3, 165
207874.333333, 2025-11-11T21:12:49.421Z, 42.293025, -71.265067, 71.214000, 1.217000, 1.230000, 3, 165
207929.944444, 2025-11-11T21:12:49.476Z, 42.293025, -71.265066, 71.085000, 1.314000, 1.260000, 3, 165
207985.555556, 2025-11-11T21:12:49.532Z, 42.293026, -71.265064, 70.936000, 1.454000, 1.360000, 3, 165
208041.166667, 2025-11-11T21:12:49.588Z, 42.293027, -71.265063, 70.950000, 1.452000, 1.500000, 3, 165
208096.777778, 2025-11-11T21:12:49.643Z, 42.293028, -71.265063, 71.009000, 1.324000, 1.500000, 3, 165
208152.388889, 2025-11-11T21:12:49.699Z, 42.293029, -71.265062, 70.979000, 1.314000, 1.370000, 3, 165
208208.000000, 2025-11-11T21:12:49.744Z, 42.293030, -71.265061, 70.914000, 1.369000, 1.360000, 3, 165
208260.684211, 2025-11-11T21:12:49.796Z, 42.293031, -71.265060, 70.976000, 1.482000, 1.420000, 3, 165
208313.368421, 2025-11-11T21:12:49.849Z, 42.293031, -71.265059, 71.026000, 1.461000, 1.520000, 3, 165
208366.052632, 2025-11-11T21:12:49.902Z, 42.293032, -71.265058, 70.946000, 1.480000, 1.500000, 3, 165
208418.736842, 2025-11-11T21:12:49.954Z, 42.293033, -71.265057, 70.800000, 1.560000, 1.520000, 3, 165
208471.421053, 2025-11-11T21:12:50.007Z, 42.293034, -71.265056, 70.799000, 1.578000, 1.600000, 3, 165
208524.105263, 2025-11-11T21:12:50.060Z, 42.293034, -71.265055, 70.648000, 1.658000, 1.620000, 3, 165
208576.789474, 2025-11-11T21:12:50.112Z, 42.293035, -71.265054, 70.663000, 1.693000, 1.700000, 3, 165
208629.473684, 2025-11-11T21:12:50.165Z, 42.293036, -71.265053, 70.679000, 1.748000, 1.740000, 3, 165
208682.157895, 2025-11-11T21:12:50.218Z, 42.293037, -71.265052, 70.758000, 1.775000, 1.790000, 3, 165
208734.842105, 2025-11-11T21:12:50.270Z, 42.293038, -71.265051, 70.889000, 1.849000, 1.810000, 3, 165
208787.526316, 2025-11-11T21:12:50.323Z, 42.293039, -71.265050, 70.900000, 1.877000, 1.880000, 3, 165
208840.210526, 2025-11-11T21:12:50.376Z, 42.293040, -71.265049, 70.952000, 1.816000, 1.910000, 3, 165
208892.894737, 2025-11-11T21:12:50.428Z, 42.293041, -71.265048, 71.016000, 1.804000, 1.850000, 3, 165
208945.578947, 2025-11-11T21:12:50.481Z, 42.293041, -71.265047, 71.023000, 1.819000, 1.830000, 3, 165
208998.263158, 2025-11-11T21:12:50.534Z, 42.293042, -71.265046, 70.945000, 1.910000, 1.850000, 3, 165
209050.947368, 2025-11-11T21:12:50.586Z, 42.293043, -71.265045, 70.909000, 1.937000, 1.940000, 3, 165
209103.631579, 2025-11-11T21:12:50.639Z, 42.293044, -71.265044, 70.956000, 1.952000, 1.960000, 3, 165
209156.315789, 2025-11-11T21:12:50.692Z, 42.293044, -71.265043, 70.779000, 1.940000, 1.980000, 3, 165
209209.000000, 2025-11-11T21:12:50.734Z, 42.293044, -71.265042, 70.690000, 1.847000, 1.970000, 3, 165
209267.882353, 2025-11-11T21:12:50.792Z, 42.293044, -71.265041, 70.633000, 1.816000, 1.880000, 3, 165
209326.764706, 2025-11-11T21:12:50.851Z, 42.293045, -71.265040, 70.749000, 1.754000, 1.850000, 3, 165
209385.647059, 2025-11-11T21:12:50.910Z, 42.293046, -71.265039, 70.719000, 1.784000, 1.790000, 3, 165
209444.529412, 2025-11-11T21:12:50.969Z, 42.293047, -71.265038, 70.651000, 1.770000, 1.820000, 3, 165
209503.411765, 2025-11-11T21:12:51.028Z, 42.293048, -71.265038, 70.650000, 1.759000, 1.800000, 3, 165
209562.294118, 2025-11-11T21:12:51.087Z, 42.293048, -71.265037, 70.654000, 1.695000, 1.790000, 3, 165
209621.176471, 2025-11-11T21:12:51.146Z, 42.293049, -71.265036, 70.609000, 1.620000, 1.730000, 3, 165
209680.058824, 2025-11-11T21:12:51.205Z, 42.293050, -71.265035, 70.569000, 1.573000, 1.660000, 3, 165
209738.941176, 2025-11-11T21:12:51.263Z, 42.293050, -71.265035, 70.550000, 1.481000, 1.620000, 3, 165
209797.823529, 2025-11-11T21:12:51.322Z, 42.293051, -71.265034, 70.581000, 1.452000, 1.530000, 3, 165
209856.705882, 2025-11-11T21:12:51.381Z, 42.293052, -71.265034, 70.582000, 1.442000, 1.500000, 3, 165
209915.588235, 2025-11-11T21:12:51.440Z, 42.293053, -71.265033, 70.638000, 1.525000, 1.490000, 3, 165
209974.470588, 2025-11-11T21:12:51.499Z, 42.293054, -71.265032, 70.678000, 1.671000, 1.570000, 3, 165
210033.352941, 2025-11-11T21:12:51.558Z, 42.293056, -71.265031, 70.682000, 1.823000, 1.710000, 3, 165
210092.235294, 2025-11-11T21:12:51.617Z, 42.293057, -71.265030, 70.665000, 1.903000, 1.860000, 3, 165
210151.117647, 2025-11-11T21:12:51.676Z, 42.293058, -71.265029, 70.637000, 1.946000, 1.940000, 3, 165
210210.000000, 2025-11-11T21:12:51.724Z, 42.293059, -71.265028, 70.668000, 1.858000, 1.980000, 3, 165
210262.684211, 2025-11-11T21:12:51.776Z, 42.293060, -71.265028, 70.720000, 1.882000, 1.890000, 3, 165
210315.368421, 2025-11-11T21:12:51.829Z, 42.293061, -71.265027, 70.838000, 1.901000, 1.920000, 3, 165
210368.052632, 2025-11-11T21:12:51.882Z, 42.293062, -71.265026, 70.917000, 1.930000, 1.930000, 3, 165
210420.736842, 2025-11-11T21:12:51.934Z, 42.293063, -71.265025, 70.928000, 1.973000, 1.960000, 3, 165
210473.421053, 2025-11-11T21:12:51.987Z, 42.293064, -71.265024, 70.851000, 2.043000, 2.000000, 3, 165
210526.105263, 2025-11-11T21:12:52.040Z, 42.293065, -71.265022, 70.908000, 2.054000, 2.070000, 3, 165
210578.789474, 2025-11-11T21:12:52.092Z, 42.293065, -71.265021, 71.072000, 2.042000, 2.080000, 3, 165
210631.473684, 2025-11-11T21:12:52.145Z, 42.293067, -71.265020, 70.887000, 2.179000, 2.060000, 3, 165
210684.157895, 2025-11-11T21:12:52.198Z, 42.293069, -71.265018, 70.892000, 2.340000, 2.200000, 3, 165
210736.842105, 2025-11-11T21:12:52.250Z, 42.293070, -71.265018, 71.047000, 2.271000, 2.360000, 3, 165
210789.526316, 2025-11-11T21:12:52.303Z, 42.293071, -71.265016, 71.040000, 2.294000, 2.290000, 3, 165
210842.210526, 2025-11-11T21:12:52.356Z, 42.293072, -71.265015, 70.987000, 2.392000, 2.310000, 3, 165
210894.894737, 2025-11-11T21:12:52.408Z, 42.293073, -71.265013, 71.066000, 2.352000, 2.410000, 3, 165
210947.578947, 2025-11-11T21:12:52.461Z, 42.293074, -71.265012, 71.091000, 2.321000, 2.370000, 3, 165
211000.263158, 2025-11-11T21:12:52.514Z, 42.293076, -71.265011, 71.004000, 2.390000, 2.330000, 3, 165
211052.947368, 2025-11-11T21:12:52.566Z, 42.293077, -71.265009, 71.110000, 2.457000, 2.400000, 3, 165
211105.631579, 2025-11-11T21:12:52.619Z, 42.293079, -71.265007, 71.234000, 2.502000, 2.470000, 3, 165
211158.315789, 2025-11-11T21:12:52.672Z, 42.293080, -71.265006, 71.141000, 2.506000, 2.510000, 3, 165
211211.000000, 2025-11-11T21:12:52.769Z, 42.293081, -71.265005, 71.229000, 2.452000, 2.510000, 3, 165
211266.611111, 2025-11-11T21:12:52.824Z, 42.293082, -71.265004, 71.291000, 2.382000, 2.460000, 3, 165
211322.222222, 2025-11-11T21:12:52.880Z, 42.293083, -71.265003, 71.219000, 2.406000, 2.390000, 3, 165
211377.833333, 2025-11-11T21:12:52.935Z, 42.293084, -71.265002, 71.119000, 2.504000, 2.410000, 3, 165
211433.444444, 2025-11-11T21:12:52.991Z, 42.293085, -71.265000, 71.201000, 2.542000, 2.510000, 3, 165
211489.055556, 2025-11-11T21:12:53.047Z, 42.293086, -71.264999, 71.237000, 2.443000, 2.550000, 3, 165
211544.666667, 2025-11-11T21:12:53.102Z, 42.293087, -71.264997, 71.208000, 2.455000, 2.450000, 3, 165
211600.277778, 2025-11-11T21:12:53.158Z, 42.293087, -71.264996, 71.252000, 2.447000, 2.460000, 3, 165
211655.888889, 2025-11-11T21:12:53.213Z, 42.293087, -71.264994, 71.377000, 2.379000, 2.450000, 3, 165
211711.500000, 2025-11-11T21:12:53.269Z, 42.293088, -71.264992, 71.326000, 2.337000, 2.380000, 3, 165
211767.111111, 2025-11-11T21:12:53.325Z, 42.293088, -71.264990, 71.218000, 2.355000, 2.340000, 3, 165
211822.722222, 2025-11-11T21:12:53.380Z, 42.293089, -71.264989, 71.181000, 2.348000, 2.360000, 3, 165
211878.333333, 2025-11-11T21:12:53.436Z, 42.293089, -71.264987, 71.350000, 2.218000, 2.350000, 3, 165
211933.944444, 2025-11-11T21:12:53.491Z, 42.293090, -71.264986, 71.230000, 2.269000, 2.220000, 3, 165
211989.555556, 2025-11-11T21:12:53.547Z, 42.293091, -71.264984, 71.175000, 2.259000, 2.270000, 3, 165
212045.166667, 2025-11-11T21:12:53.603Z, 42.293091, -71.264983, 71.152000, 2.221000, 2.260000, 3, 165
212100.777778, 2025-11-11T21:12:53.658Z, 42.293091, -71.264982, 71.077000, 2.097000, 2.220000, 3, 165
212156.388889, 2025-11-11T21:12:53.714Z, 42.293092, -71.264981, 71.038000, 2.067000, 2.100000, 3, 165
212212.000000, 2025-11-11T21:12:53.704Z, 42.293093, -71.264980, 70.980000, 2.118000, 2.070000, 3, 165
212267.611111, 2025-11-11T21:12:53.759Z, 42.293094, -71.264979, 71.087000, 2.218000, 2.120000, 3, 165
212323.222222, 2025-11-11T21:12:53.815Z, 42.293095, -71.264977, 71.185000, 2.291000, 2.220000, 3, 165
212378.833333, 2025-11-11T21:12:53.870Z, 42.293096, -71.264976, 71.151000, 2.313000, 2.290000, 3, 165
212434.444444, 2025-11-11T21:12:53.926Z, 42.293097, -71.264975, 71.102000, 2.242000, 2.320000, 3, 165
212490.055556, 2025-11-11T21:12:53.982Z, 42.293099, -71.264974, 71.070000, 2.283000, 2.240000, 3, 165
212545.666667, 2025-11-11T21:12:54.037Z, 42.293100, -71.264973, 71.004000, 2.278000, 2.290000, 3, 165
212601.277778, 2025-11-11T21:12:54.093Z, 42.293099, -71.264971, 70.979000, 2.189000, 2.280000, 3, 165
212656.888889, 2025-11-11T21:12:54.148Z, 42.293100, -71.264970, 71.047000, 2.236000, 2.190000, 3, 165
212712.500000, 2025-11-11T21:12:54.204Z, 42.293099, -71.264967, 71.039000, 2.233000, 2.240000, 3, 165
212768.111111, 2025-11-11T21:12:54.260Z, 42.293099, -71.264966, 70.945000, 2.248000, 2.240000, 3, 165
212823.722222, 2025-11-11T21:12:54.315Z, 42.293099, -71.264963, 70.886000, 2.310000, 2.250000, 3, 165
212879.333333, 2025-11-11T21:12:54.371Z, 42.293099, -71.264961, 70.902000, 2.366000, 2.310000, 3, 165
212934.944444, 2025-11-11T21:12:54.426Z, 42.293099, -71.264960, 70.743000, 2.276000, 2.370000, 3, 165
212990.555556, 2025-11-11T21:12:54.482Z, 42.293099, -71.264957, 70.765000, 2.312000, 2.280000, 3, 165
213046.166667, 2025-11-11T21:12:54.538Z, 42.293099, -71.264955, 70.791000, 2.370000, 2.320000, 3, 165
213101.777778, 2025-11-11T21:12:54.593Z, 42.293100, -71.264954, 70.690000, 2.319000, 2.380000, 3, 165
213157.388889, 2025-11-11T21:12:54.649Z, 42.293100, -71.264952, 70.675000, 2.272000, 2.330000, 3, 165
213213.000000, 2025-11-11T21:12:54.749Z, 42.293100, -71.264950, 70.609000, 2.236000, 2.280000, 3, 165
213268.611111, 2025-11-11T21:12:54.804Z, 42.293100, -71.264949, 70.577000, 2.172000, 2.240000, 3, 165
213324.222222, 2025-11-11T21:12:54.860Z, 42.293100, -71.264947, 70.481000, 2.167000, 2.180000, 3, 165
213379.833333, 2025-11-11T21:12:54.915Z, 42.293100, -71.264945, 70.402000, 2.120000, 2.180000, 3, 165
213435.444444, 2025-11-11T21:12:54.971Z, 42.293100, -71.264943, 70.283000, 2.090000, 2.130000, 3, 165
213491.055556, 2025-11-11T21:12:55.027Z, 42.293100, -71.264942, 70.184000, 2.044000, 2.100000, 3, 165
213546.666667, 2025-11-11T21:12:55.082Z, 42.293100, -71.264941, 69.994000, 2.065000, 2.060000, 3, 165
213602.277778, 2025-11-11T21:12:55.138Z, 42.293101, -71.264939, 69.947000, 2.148000, 2.080000, 3, 165
213657.888889, 2025-11-11T21:12:55.193Z, 42.293101, -71.264937, 69.893000, 2.167000, 2.160000, 3, 165
213713.500000, 2025-11-11T21:12:55.249Z, 42.293101, -71.264936, 69.686000, 2.143000, 2.180000, 3, 165
213769.111111, 2025-11-11T21:12:55.305Z, 42.293102, -71.264934, 69.667000, 2.374000, 2.160000, 3, 165
213824.722222, 2025-11-11T21:12:55.360Z, 42.293103, -71.264932, 69.645000, 2.379000, 2.390000, 3, 165
213880.333333, 2025-11-11T21:12:55.416Z, 42.293104, -71.264931, 69.629000, 2.341000, 2.390000, 3, 165
213935.944444, 2025-11-11T21:12:55.471Z, 42.293104, -71.264930, 69.627000, 2.272000, 2.350000, 3, 165
213991.555556, 2025-11-11T21:12:55.527Z, 42.293105, -71.264929, 69.535000, 2.253000, 2.280000, 3, 165
214047.166667, 2025-11-11T21:12:55.583Z, 42.293105, -71.264927, 69.490000, 2.253000, 2.270000, 3, 165
214102.777778, 2025-11-11T21:12:55.638Z, 42.293106, -71.264926, 69.445000, 2.353000, 2.270000, 3, 165
214158.388889, 2025-11-11T21:12:55.694Z, 42.293106, -71.264924, 69.471000, 2.438000, 2.370000, 3, 165
214214.000000, 2025-11-11T21:12:55.739Z, 42.293107, -71.264922, 69.543000, 2.439000, 2.450000, 3, 165
214266.684211, 2025-11-11T21:12:55.791Z, 42.293107, -71.264920, 69.469000, 2.295000, 2.450000, 3, 165
214319.368421, 2025-11-11T21:12:55.844Z, 42.293108, -71.264919, 69.466000, 2.277000, 2.310000, 3, 165
214372.052632, 2025-11-11T21:12:55.897Z, 42.293109, -71.264917, 69.499000, 2.421000, 2.290000, 3, 165
214424.736842, 2025-11-11T21:12:55.949Z, 42.293110, -71.264916, 69.424000, 2.420000, 2.430000, 3, 165
214477.421053, 2025-11-11T21:12:56.002Z, 42.293111, -71.264915, 69.386000, 2.424000, 2.430000, 3, 165
214530.105263, 2025-11-11T21:12:56.055Z, 42.293112, -71.264913, 69.459000, 2.423000, 2.430000, 3, 165
214582.789474, 2025-11-11T21:12:56.107Z, 42.293113, -71.264912, 69.517000, 2.392000, 2.430000, 3, 165
214635.473684, 2025-11-11T21:12:56.160Z, 42.293113, -71.264910, 69.548000, 2.383000, 2.400000, 3, 165
214688.157895, 2025-11-11T21:12:56.213Z, 42.293114, -71.264909, 69.594000, 2.379000, 2.390000, 3, 165
214740.842105, 2025-11-11T21:12:56.265Z, 42.293115, -71.264907, 69.512000, 2.335000, 2.380000, 3, 165
214793.526316, 2025-11-11T21:12:56.318Z, 42.293115, -71.264906, 69.508000, 2.314000, 2.340000, 3, 165
214846.210526, 2025-11-11T21:12:56.371Z, 42.293115, -71.264904, 69.474000, 2.291000, 2.320000, 3, 165
214898.894737, 2025-11-11T21:12:56.423Z, 42.293116, -71.264902, 69.494000, 2.332000, 2.300000, 3, 165
214951.578947, 2025-11-11T21:12:56.476Z, 42.293117, -71.264901, 69.502000, 2.366000, 2.340000, 3, 165
215004.263158, 2025-11-11T21:12:56.529Z, 42.293118, -71.264899, 69.505000, 2.444000, 2.370000, 3, 165
215056.947368, 2025-11-11T21:12:56.581Z, 42.293118, -71.264898, 69.465000, 2.408000, 2.450000, 3, 165
215109.631579, 2025-11-11T21:12:56.634Z, 42.293119, -71.264896, 69.432000, 2.351000, 2.410000, 3, 165
215162.315789, 2025-11-11T21:12:56.687Z, 42.293120, -71.264895, 69.456000, 2.389000, 2.360000, 3, 165
215215.000000, 2025-11-11T21:12:56.729Z, 42.293119, -71.264892, 69.549000, 2.376000, 2.390000, 3, 165
215273.882353, 2025-11-11T21:12:56.787Z, 42.293120, -71.264891, 69.567000, 2.415000, 2.380000, 3, 165
215332.764706, 2025-11-11T21:12:56.846Z, 42.293120, -71.264889, 69.446000, 2.324000, 2.420000, 3, 165
215391.647059, 2025-11-11T21:12:56.905Z, 42.293120, -71.264888, 69.389000, 2.294000, 2.330000, 3, 165
215450.529412, 2025-11-11T21:12:56.964Z, 42.293121, -71.264886, 69.429000, 2.353000, 2.300000, 3, 165
215509.411765, 2025-11-11T21:12:57.023Z, 42.293122, -71.264885, 69.390000, 2.339000, 2.360000, 3, 165
215568.294118, 2025-11-11T21:12:57.082Z, 42.293123, -71.264883, 69.337000, 2.296000, 2.340000, 3, 165
215627.176471, 2025-11-11T21:12:57.141Z, 42.293124, -71.264882, 69.393000, 2.232000, 2.300000, 3, 165
215686.058824, 2025-11-11T21:12:57.200Z, 42.293124, -71.264881, 69.363000, 2.200000, 2.240000, 3, 165
215744.941176, 2025-11-11T21:12:57.258Z, 42.293125, -71.264879, 69.346000, 2.220000, 2.200000, 3, 165
215803.823529, 2025-11-11T21:12:57.317Z, 42.293126, -71.264878, 69.284000, 2.225000, 2.220000, 3, 165
215862.705882, 2025-11-11T21:12:57.376Z, 42.293126, -71.264877, 69.263000, 2.188000, 2.230000, 3, 165
215921.588235, 2025-11-11T21:12:57.435Z, 42.293126, -71.264875, 69.275000, 2.168000, 2.190000, 3, 165
215980.470588, 2025-11-11T21:12:57.494Z, 42.293126, -71.264873, 69.234000, 2.128000, 2.170000, 3, 165
216039.352941, 2025-11-11T21:12:57.553Z, 42.293126, -71.264871, 69.236000, 2.100000, 2.130000, 3, 165
216098.235294, 2025-11-11T21:12:57.612Z, 42.293126, -71.264869, 69.238000, 2.161000, 2.100000, 3, 165
216157.117647, 2025-11-11T21:12:57.671Z, 42.293126, -71.264867, 69.190000, 2.217000, 2.170000, 3, 165
216216.000000, 2025-11-11T21:12:57.719Z, 42.293126, -71.264865, 69.125000, 2.231000, 2.220000, 3, 165
216268.684211, 2025-11-11T21:12:57.771Z, 42.293126, -71.264864, 69.128000, 2.161000, 2.240000, 3, 165
216321.368421, 2025-11-11T21:12:57.824Z, 42.293126, -71.264862, 69.097000, 2.200000, 2.170000, 3, 165
216374.052632, 2025-11-11T21:12:57.877Z, 42.293127, -71.264861, 69.090000, 2.169000, 2.210000, 3, 165
216426.736842, 2025-11-11T21:12:57.929Z, 42.293127, -71.264859, 69.077000, 2.300000, 2.170000, 3, 165
216479.421053, 2025-11-11T21:12:57.982Z, 42.293128, -71.264857, 69.105000, 2.368000, 2.300000, 3, 165
216532.105263, 2025-11-11T21:12:58.035Z, 42.293128, -71.264855, 69.035000, 2.341000, 2.370000, 3, 165
216584.789474, 2025-11-11T21:12:58.087Z, 42.293127, -71.264853, 68.979000, 2.337000, 2.350000, 3, 165
216637.473684, 2025-11-11T21:12:58.140Z, 42.293127, -71.264851, 68.923000, 2.335000, 2.340000, 3, 165
216690.157895, 2025-11-11T21:12:58.193Z, 42.293127, -71.264849, 68.906000, 2.358000, 2.340000, 3, 165
216742.842105, 2025-11-11T21:12:58.245Z, 42.293127, -71.264848, 68.864000, 2.413000, 2.360000, 3, 165
216795.526316, 2025-11-11T21:12:58.298Z, 42.293127, -71.264845, 68.750000, 2.435000, 2.420000, 3, 165
216848.210526, 2025-11-11T21:12:58.351Z, 42.293127, -71.264844, 68.674000, 2.329000, 2.440000, 3, 165
216900.894737, 2025-11-11T21:12:58.403Z, 42.293127, -71.264842, 68.607000, 2.411000, 2.340000, 3, 165
216953.578947, 2025-11-11T21:12:58.456Z, 42.293128, -71.264841, 68.680000, 2.408000, 2.420000, 3, 165
217006.263158, 2025-11-11T21:12:58.509Z, 42.293129, -71.264839, 68.740000, 2.368000, 2.410000, 3, 165
217058.947368, 2025-11-11T21:12:58.561Z, 42.293131, -71.264838, 68.692000, 2.298000, 2.370000, 3, 165
217111.631579, 2025-11-11T21:12:58.614Z, 42.293132, -71.264837, 68.679000, 2.342000, 2.300000, 3, 165
217164.315789, 2025-11-11T21:12:58.667Z, 42.293132, -71.264835, 68.613000, 2.415000, 2.340000, 3, 165
217217.000000, 2025-11-11T21:12:58.709Z, 42.293132, -71.264833, 68.580000, 2.488000, 2.420000, 3, 165
217272.611111, 2025-11-11T21:12:58.764Z, 42.293132, -71.264831, 68.529000, 2.526000, 2.490000, 3, 165
217328.222222, 2025-11-11T21:12:58.820Z, 42.293132, -71.264829, 68.400000, 2.477000, 2.530000, 3, 165
217383.833333, 2025-11-11T21:12:58.875Z, 42.293132, -71.264827, 68.346000, 2.460000, 2.480000, 3, 165
217439.444444, 2025-11-11T21:12:58.931Z, 42.293132, -71.264826, 68.342000, 2.390000, 2.460000, 3, 165
217495.055556, 2025-11-11T21:12:58.987Z, 42.293133, -71.264824, 68.211000, 2.326000, 2.390000, 3, 165
217550.666667, 2025-11-11T21:12:59.042Z, 42.293133, -71.264823, 68.167000, 2.300000, 2.330000, 3, 165
217606.277778, 2025-11-11T21:12:59.098Z, 42.293134, -71.264821, 68.186000, 2.258000, 2.300000, 3, 165
217661.888889, 2025-11-11T21:12:59.153Z, 42.293134, -71.264820, 68.134000, 2.222000, 2.260000, 3, 165
217717.500000, 2025-11-11T21:12:59.209Z, 42.293134, -71.264818, 68.019000, 2.223000, 2.220000, 3, 165
217773.111111, 2025-11-11T21:12:59.265Z, 42.293134, -71.264816, 67.834000, 2.289000, 2.220000, 3, 165
217828.722222, 2025-11-11T21:12:59.320Z, 42.293134, -71.264815, 67.792000, 2.172000, 2.290000, 3, 165
217884.333333, 2025-11-11T21:12:59.376Z, 42.293135, -71.264813, 67.711000, 2.093000, 2.170000, 3, 165
217939.944444, 2025-11-11T21:12:59.431Z, 42.293135, -71.264812, 67.675000, 2.056000, 2.100000, 3, 165
217995.555556, 2025-11-11T21:12:59.487Z, 42.293135, -71.264811, 67.527000, 1.979000, 2.060000, 3, 165
218051.166667, 2025-11-11T21:12:59.543Z, 42.293135, -71.264809, 67.342000, 1.924000, 1.980000, 3, 165
218106.777778, 2025-11-11T21:12:59.598Z, 42.293134, -71.264808, 67.221000, 1.847000, 1.930000, 3, 165
218162.388889, 2025-11-11T21:12:59.654Z, 42.293134, -71.264807, 67.184000, 1.775000, 1.860000, 3, 165
218218.000000, 2025-11-11T21:12:59.754Z, 42.293135, -71.264806, 67.063000, 1.720000, 1.780000, 3, 165
218270.684211, 2025-11-11T21:12:59.806Z, 42.293135, -71.264805, 66.940000, 1.734000, 1.730000, 3, 165
218323.368421, 2025-11-11T21:12:59.859Z, 42.293136, -71.264803, 66.889000, 1.819000, 1.740000, 3, 165
218376.052632, 2025-11-11T21:12:59.912Z, 42.293137, -71.264802, 66.809000, 1.915000, 1.830000, 3, 165
218428.736842, 2025-11-11T21:12:59.964Z, 42.293137, -71.264800, 66.695000, 2.030000, 1.920000, 3, 165
218481.421053, 2025-11-11T21:13:00.017Z, 42.293138, -71.264799, 66.639000, 2.127000, 2.040000, 3, 165
218534.105263, 2025-11-11T21:13:00.070Z, 42.293140, -71.264797, 66.754000, 2.176000, 2.140000, 3, 165
218586.789474, 2025-11-11T21:13:00.122Z, 42.293141, -71.264795, 66.665000, 2.275000, 2.180000, 3, 165
218639.473684, 2025-11-11T21:13:00.175Z, 42.293141, -71.264794, 66.628000, 2.302000, 2.280000, 3, 165
218692.157895, 2025-11-11T21:13:00.228Z, 42.293141, -71.264792, 66.599000, 2.293000, 2.310000, 3, 165
218744.842105, 2025-11-11T21:13:00.280Z, 42.293141, -71.264790, 66.452000, 2.360000, 2.300000, 3, 165
218797.526316, 2025-11-11T21:13:00.333Z, 42.293142, -71.264789, 66.467000, 2.311000, 2.370000, 3, 165
218850.210526, 2025-11-11T21:13:00.386Z, 42.293142, -71.264787, 66.471000, 2.217000, 2.320000, 3, 165
218902.894737, 2025-11-11T21:13:00.438Z, 42.293143, -71.264786, 66.380000, 2.254000, 2.220000, 3, 165
218955.578947, 2025-11-11T21:13:00.491Z, 42.293143, -71.264784, 66.331000, 2.205000, 2.260000, 3, 165
219008.263158, 2025-11-11T21:13:00.544Z, 42.293143, -71.264782, 66.285000, 2.159000, 2.210000, 3, 165
219060.947368, 2025-11-11T21:13:00.596Z, 42.293144, -71.264781, 66.166000, 2.151000, 2.160000, 3, 165
219113.631579, 2025-11-11T21:13:00.649Z, 42.293144, -71.264780, 66.104000, 2.162000, 2.160000, 3, 165
219166.315789, 2025-11-11T21:13:00.702Z, 42.293145, -71.264779, 66.042000, 2.161000, 2.170000, 3, 165
219219.000000, 2025-11-11T21:13:00.744Z, 42.293145, -71.264777, 65.992000, 2.106000, 2.170000, 3, 165
219277.882353, 2025-11-11T21:13:00.802Z, 42.293146, -71.264776, 65.941000, 2.008000, 2.120000, 3, 165
219336.764706, 2025-11-11T21:13:00.861Z, 42.293146, -71.264775, 65.915000, 1.990000, 2.020000, 3, 165
219395.647059, 2025-11-11T21:13:00.920Z, 42.293146, -71.264774, 65.850000, 1.954000, 2.000000, 3, 165
219454.529412, 2025-11-11T21:13:00.979Z, 42.293146, -71.264772, 65.774000, 1.981000, 1.960000, 3, 165
219513.411765, 2025-11-11T21:13:01.038Z, 42.293146, -71.264770, 65.822000, 1.933000, 1.990000, 3, 165
219572.294118, 2025-11-11T21:13:01.097Z, 42.293147, -71.264769, 65.740000, 1.968000, 1.940000, 3, 165
219631.176471, 2025-11-11T21:13:01.156Z, 42.293148, -71.264768, 65.623000, 1.967000, 1.980000, 3, 165
219690.058824, 2025-11-11T21:13:01.215Z, 42.293148, -71.264767, 65.629000, 1.952000, 1.980000, 3, 165
219748.941176, 2025-11-11T21:13:01.273Z, 42.293149, -71.264765, 65.609000, 1.965000, 1.960000, 3, 165
219807.823529, 2025-11-11T21:13:01.332Z, 42.293150, -71.264764, 65.521000, 2.003000, 1.970000, 3, 165
219866.705882, 2025-11-11T21:13:01.391Z, 42.293150, -71.264762, 65.381000, 2.123000, 2.010000, 3, 165
219925.588235, 2025-11-11T21:13:01.450Z, 42.293150, -71.264760, 65.292000, 2.217000, 2.140000, 3, 165
219984.470588, 2025-11-11T21:13:01.509Z, 42.293150, -71.264758, 65.320000, 2.196000, 2.230000, 3, 165
220043.352941, 2025-11-11T21:13:01.568Z, 42.293151, -71.264757, 65.238000, 2.182000, 2.210000, 3, 165
220102.235294, 2025-11-11T21:13:01.627Z, 42.293151, -71.264755, 65.203000, 2.197000, 2.200000, 3, 165
220161.117647, 2025-11-11T21:13:01.686Z, 42.293152, -71.264754, 65.182000, 2.173000, 2.210000, 3, 165
220220.000000, 2025-11-11T21:13:01.734Z, 42.293152, -71.264752, 65.173000, 2.182000, 2.190000, 3, 165
220272.684211, 2025-11-11T21:13:01.786Z, 42.293152, -71.264750, 65.136000, 2.152000, 2.190000, 3, 165
220325.368421, 2025-11-11T21:13:01.839Z, 42.293153, -71.264749, 65.090000, 2.123000, 2.160000, 3, 165
220378.052632, 2025-11-11T21:13:01.892Z, 42.293153, -71.264748, 65.070000, 2.037000, 2.140000, 3, 165
220430.736842, 2025-11-11T21:13:01.944Z, 42.293154, -71.264747, 65.077000, 1.980000, 2.050000, 3, 165
220483.421053, 2025-11-11T21:13:01.997Z, 42.293154, -71.264745, 65.003000, 1.947000, 1.990000, 3, 165
220536.105263, 2025-11-11T21:13:02.050Z, 42.293154, -71.264744, 64.964000, 1.946000, 1.960000, 3, 165
220588.789474, 2025-11-11T21:13:02.102Z, 42.293154, -71.264742, 64.910000, 2.003000, 1.960000, 3, 165
220641.473684, 2025-11-11T21:13:02.155Z, 42.293154, -71.264741, 64.877000, 2.025000, 2.020000, 3, 165
220694.157895, 2025-11-11T21:13:02.208Z, 42.293154, -71.264740, 64.878000, 1.794000, 2.040000, 3, 165
220746.842105, 2025-11-11T21:13:02.260Z, 42.293154, -71.264739, 64.836000, 1.693000, 1.810000, 3, 165
220799.526316, 2025-11-11T21:13:02.313Z, 42.293154, -71.264738, 64.745000, 1.701000, 1.710000, 3, 165
220852.210526, 2025-11-11T21:13:02.366Z, 42.293155, -71.264737, 64.648000, 1.641000, 1.720000, 3, 165
220904.894737, 2025-11-11T21:13:02.418Z, 42.293154, -71.264736, 64.648000, 1.584000, 1.670000, 3, 165
220957.578947, 2025-11-11T21:13:02.471Z, 42.293154, -71.264734, 64.599000, 1.547000, 1.610000, 3, 165
221010.263158, 2025-11-11T21:13:02.524Z, 42.293154, -71.264733, 64.557000, 1.531000, 1.570000, 3, 165
221062.947368, 2025-11-11T21:13:02.576Z, 42.293154, -71.264732, 64.524000, 1.492000, 1.560000, 3, 165
221115.631579, 2025-11-11T21:13:02.629Z, 42.293153, -71.264731, 64.485000, 1.468000, 1.520000, 3, 165
221168.315789, 2025-11-11T21:13:02.682Z, 42.293153, -71.264730, 64.462000, 1.465000, 1.500000, 3, 165
221221.000000, 2025-11-11T21:13:02.724Z, 42.293152, -71.264728, 64.423000, 1.500000, 1.500000, 3, 165
221276.611111, 2025-11-11T21:13:02.779Z, 42.293152, -71.264727, 64.304000, 1.539000, 1.530000, 3, 165
221332.222222, 2025-11-11T21:13:02.835Z, 42.293153, -71.264725, 64.277000, 1.573000, 1.580000, 3, 165
221387.833333, 2025-11-11T21:13:02.890Z, 42.293153, -71.264724, 64.277000, 1.623000, 1.610000, 3, 165
221443.444444, 2025-11-11T21:13:02.946Z, 42.293154, -71.264722, 64.240000, 1.889000, 1.660000, 3, 165
221499.055556, 2025-11-11T21:13:03.002Z, 42.293155, -71.264720, 64.229000, 1.910000, 1.920000, 3, 165
221554.666667, 2025-11-11T21:13:03.057Z, 42.293155, -71.264718, 64.232000, 1.992000, 1.940000, 3, 165
221610.277778, 2025-11-11T21:13:03.113Z, 42.293155, -71.264716, 64.217000, 2.030000, 2.010000, 3, 165
221665.888889, 2025-11-11T21:13:03.168Z, 42.293154, -71.264714, 64.217000, 2.036000, 2.050000, 3, 165
221721.500000, 2025-11-11T21:13:03.224Z, 42.293154, -71.264712, 64.207000, 2.069000, 2.050000, 3, 165
221777.111111, 2025-11-11T21:13:03.280Z, 42.293154, -71.264710, 64.085000, 2.119000, 2.080000, 3, 165
221832.722222, 2025-11-11T21:13:03.335Z, 42.293153, -71.264709, 64.082000, 1.902000, 2.140000, 3, 165
221888.333333, 2025-11-11T21:13:03.391Z, 42.293154, -71.264708, 64.026000, 1.850000, 1.920000, 3, 165
221943.944444, 2025-11-11T21:13:03.446Z, 42.293154, -71.264706, 63.868000, 1.899000, 1.870000, 3, 165
221999.555556, 2025-11-11T21:13:03.502Z, 42.293154, -71.264705, 63.792000, 1.837000, 1.920000, 3, 165
222055.166667, 2025-11-11T21:13:03.558Z, 42.293154, -71.264704, 63.700000, 1.747000, 1.860000, 3, 165
222110.777778, 2025-11-11T21:13:03.613Z, 42.293155, -71.264703, 63.618000, 1.692000, 1.780000, 3, 165
222166.388889, 2025-11-11T21:13:03.669Z, 42.293156, -71.264702, 63.603000, 1.666000, 1.720000, 3, 165
222222.000000, 2025-11-11T21:13:03.769Z, 42.293156, -71.264701, 63.521000, 1.701000, 1.690000, 3, 165
222277.611111, 2025-11-11T21:13:03.824Z, 42.293157, -71.264699, 63.461000, 1.844000, 1.730000, 3, 165
222333.222222, 2025-11-11T21:13:03.880Z, 42.293157, -71.264697, 63.447000, 1.846000, 1.870000, 3, 165
222388.833333, 2025-11-11T21:13:03.935Z, 42.293157, -71.264696, 63.384000, 1.818000, 1.870000, 3, 165
222444.444444, 2025-11-11T21:13:03.991Z, 42.293157, -71.264695, 63.372000, 1.759000, 1.850000, 3, 165
222500.055556, 2025-11-11T21:13:04.047Z, 42.293157, -71.264694, 63.335000, 1.729000, 1.790000, 3, 165
222555.666667, 2025-11-11T21:13:04.102Z, 42.293157, -71.264692, 63.288000, 1.727000, 1.760000, 3, 165
222611.277778, 2025-11-11T21:13:04.158Z, 42.293158, -71.264691, 63.254000, 1.738000, 1.760000, 3, 165
222666.888889, 2025-11-11T21:13:04.213Z, 42.293158, -71.264689, 63.169000, 1.839000, 1.770000, 3, 165
222722.500000, 2025-11-11T21:13:04.269Z, 42.293158, -71.264687, 63.182000, 1.841000, 1.870000, 3, 165
222778.111111, 2025-11-11T21:13:04.325Z, 42.293158, -71.264686, 63.154000, 1.869000, 1.870000, 3, 165
222833.722222, 2025-11-11T21:13:04.380Z, 42.293158, -71.264684, 63.174000, 1.901000, 1.900000, 3, 165
222889.333333, 2025-11-11T21:13:04.436Z, 42.293159, -71.264683, 63.126000, 1.879000, 1.930000, 3, 165
222944.944444, 2025-11-11T21:13:04.491Z, 42.293160, -71.264682, 63.104000, 1.842000, 1.910000, 3, 165
223000.555556, 2025-11-11T21:13:04.547Z, 42.293160, -71.264680, 63.116000, 1.843000, 1.870000, 3, 165
223056.166667, 2025-11-11T21:13:04.603Z, 42.293160, -71.264679, 63.100000, 1.810000, 1.870000, 3, 165
223111.777778, 2025-11-11T21:13:04.658Z, 42.293160, -71.264677, 63.107000, 1.852000, 1.840000, 3, 165
223167.388889, 2025-11-11T21:13:04.714Z, 42.293161, -71.264676, 63.113000, 1.891000, 1.880000, 3, 165
223223.000000, 2025-11-11T21:13:04.704Z, 42.293162, -71.264675, 63.086000, 1.895000, 1.910000, 3, 165
223278.611111, 2025-11-11T21:13:04.759Z, 42.293162, -71.264673, 63.091000, 1.819000, 1.920000, 3, 165
223334.222222, 2025-11-11T21:13:04.815Z, 42.293162, -71.264672, 63.079000, 1.703000, 1.840000, 3, 165
223389.833333, 2025-11-11T21:13:04.870Z, 42.293163, -71.264671, 63.077000, 1.678000, 1.730000, 3, 165
223445.444444, 2025-11-11T21:13:04.926Z, 42.293163, -71.264670, 63.058000, 1.707000, 1.700000, 3, 165
223501.055556, 2025-11-11T21:13:04.982Z, 42.293163, -71.264668, 63.047000, 1.812000, 1.730000, 3, 165
223556.666667, 2025-11-11T21:13:05.037Z, 42.293163, -71.264666, 63.027000, 1.892000, 1.830000, 3, 165
223612.277778, 2025-11-11T21:13:05.093Z, 42.293162, -71.264664, 63.034000, 1.975000, 1.910000, 3, 165
223667.888889, 2025-11-11T21:13:05.148Z, 42.293162, -71.264662, 63.075000, 2.018000, 1.990000, 3, 165
223723.500000, 2025-11-11T21:13:05.204Z, 42.293162, -71.264660, 63.047000, 2.109000, 2.030000, 3, 165
223779.111111, 2025-11-11T21:13:05.260Z, 42.293162, -71.264658, 63.049000, 2.147000, 2.120000, 3, 165
223834.722222, 2025-11-11T21:13:05.315Z, 42.293162, -71.264656, 63.039000, 2.045000, 2.160000, 3, 165
223890.333333, 2025-11-11T21:13:05.371Z, 42.293162, -71.264655, 63.030000, 1.965000, 2.060000, 3, 165
223945.944444, 2025-11-11T21:13:05.426Z, 42.293162, -71.264653, 63.010000, 1.955000, 1.980000, 3, 165
224001.555556, 2025-11-11T21:13:05.482Z, 42.293162, -71.264653, 62.948000, 1.837000, 1.970000, 3, 165
224057.166667, 2025-11-11T21:13:05.538Z, 42.293162, -71.264651, 62.935000, 1.735000, 1.860000, 3, 165
224112.777778, 2025-11-11T21:13:05.593Z, 42.293163, -71.264651, 62.828000, 1.584000, 1.750000, 3, 165
224168.388889, 2025-11-11T21:13:05.649Z, 42.293164, -71.264650, 62.754000, 1.645000, 1.610000, 3, 165
224224.000000, 2025-11-11T21:13:05.749Z, 42.293165, -71.264649, 62.737000, 1.685000, 1.670000, 3, 165
224276.684211, 2025-11-11T21:13:05.801Z, 42.293166, -71.264648, 62.732000, 1.643000, 1.710000, 3, 165
224329.368421, 2025-11-11T21:13:05.854Z, 42.293166, -71.264647, 62.702000, 1.549000, 1.670000, 3, 165
224382.052632, 2025-11-11T21:13:05.907Z, 42.293167, -71.264647, 62.664000, 1.494000, 1.580000, 3, 165
224434.736842, 2025-11-11T21:13:05.959Z, 42.293166, -71.264646, 62.526000, 1.467000, 1.530000, 3, 165
224487.421053, 2025-11-11T21:13:06.012Z, 42.293166, -71.264645, 62.410000, 1.413000, 1.510000, 3, 165
224540.105263, 2025-11-11T21:13:06.065Z, 42.293166, -71.264644, 62.418000, 1.296000, 1.470000, 3, 165
224592.789474, 2025-11-11T21:13:06.117Z, 42.293165, -71.264643, 62.348000, 1.270000, 1.350000, 3, 165
224645.473684, 2025-11-11T21:13:06.170Z, 42.293165, -71.264642, 62.297000, 1.268000, 1.330000, 3, 165
224698.157895, 2025-11-11T21:13:06.223Z, 42.293165, -71.264641, 62.190000, 1.235000, 1.330000, 3, 165
224750.842105, 2025-11-11T21:13:06.275Z, 42.293165, -71.264640, 62.129000, 1.296000, 1.300000, 3, 165
224803.526316, 2025-11-11T21:13:06.328Z, 42.293166, -71.264639, 62.153000, 1.342000, 1.370000, 3, 165
224856.210526, 2025-11-11T21:13:06.381Z, 42.293166, -71.264638, 62.148000, 1.362000, 1.400000, 3, 165
224908.894737, 2025-11-11T21:13:06.433Z, 42.293166, -71.264636, 62.031000, 1.395000, 1.420000, 3, 165
224961.578947, 2025-11-11T21:13:06.486Z, 42.293166, -71.264635, 61.968000, 1.448000, 1.460000, 3, 165
225014.263158, 2025-11-11T21:13:06.539Z, 42.293166, -71.264634, 61.954000, 1.415000, 1.520000, 3, 165
225066.947368, 2025-11-11T21:13:06.591Z, 42.293166, -71.264633, 61.918000, 1.372000, 1.490000, 3, 165
225119.631579, 2025-11-11T21:13:06.644Z, 42.293166, -71.264632, 61.906000, 1.449000, 1.450000, 3, 165
225172.315789, 2025-11-11T21:13:06.697Z, 42.293167, -71.264631, 61.881000, 1.439000, 1.520000, 3, 165
225225.000000, 2025-11-11T21:13:06.739Z, 42.293168, -71.264630, 61.881000, 1.384000, 1.510000, 3, 165
225283.882353, 2025-11-11T21:13:06.797Z, 42.293168, -71.264629, 61.874000, 1.365000, 1.460000, 3, 165
225342.764706, 2025-11-11T21:13:06.856Z, 42.293169, -71.264629, 61.764000, 1.318000, 1.440000, 3, 165
225401.647059, 2025-11-11T21:13:06.915Z, 42.293169, -71.264628, 61.754000, 1.378000, 1.410000, 3, 165
225460.529412, 2025-11-11T21:13:06.974Z, 42.293170, -71.264627, 61.684000, 1.391000, 1.460000, 3, 165
225519.411765, 2025-11-11T21:13:07.033Z, 42.293171, -71.264626, 61.654000, 1.397000, 1.480000, 3, 165
225578.294118, 2025-11-11T21:13:07.092Z, 42.293171, -71.264625, 61.601000, 1.324000, 1.490000, 3, 165
225637.176471, 2025-11-11T21:13:07.151Z, 42.293171, -71.264624, 61.565000, 1.334000, 1.420000, 3, 165
225696.058824, 2025-11-11T21:13:07.210Z, 42.293171, -71.264623, 61.559000, 1.405000, 1.430000, 3, 165
225754.941176, 2025-11-11T21:13:07.268Z, 42.293172, -71.264622, 61.533000, 1.430000, 1.500000, 3, 165
225813.823529, 2025-11-11T21:13:07.327Z, 42.293172, -71.264622, 61.501000, 1.275000, 1.520000, 3, 165
225872.705882, 2025-11-11T21:13:07.386Z, 42.293172, -71.264622, 61.454000, 1.112000, 1.380000, 3, 165
225931.588235, 2025-11-11T21:13:07.445Z, 42.293174, -71.264621, 61.341000, 1.160000, 1.240000, 3, 165
225990.470588, 2025-11-11T21:13:07.504Z, 42.293174, -71.264620, 61.360000, 1.094000, 1.290000, 3, 165
226049.352941, 2025-11-11T21:13:07.563Z, 42.293174, -71.264619, 61.308000, 1.157000, 1.230000, 3, 165
226108.235294, 2025-11-11T21:13:07.622Z, 42.293175, -71.264619, 61.233000, 1.107000, 1.290000, 3, 165
226167.117647, 2025-11-11T21:13:07.681Z, 42.293175, -71.264618, 61.084000, 1.054000, 1.250000, 3, 165
226226.000000, 2025-11-11T21:13:07.729Z, 42.293176, -71.264618, 60.973000, 1.102000, 1.230000, 3, 165
226278.684211, 2025-11-11T21:13:07.781Z, 42.293177, -71.264618, 60.897000, 1.193000, 1.290000, 3, 165
226331.368421, 2025-11-11T21:13:07.834Z, 42.293178, -71.264618, 60.817000, 1.214000, 1.370000, 3, 165
226384.052632, 2025-11-11T21:13:07.887Z, 42.293179, -71.264617, 60.783000, 1.168000, 1.400000, 3, 165
226436.736842, 2025-11-11T21:13:07.939Z, 42.293180, -71.264617, 60.725000, 1.263000, 1.360000, 3, 165
226489.421053, 2025-11-11T21:13:07.992Z, 42.293181, -71.264616, 60.611000, 1.478000, 1.450000, 3, 165
226542.105263, 2025-11-11T21:13:08.045Z, 42.293181, -71.264615, 60.544000, 1.529000, 1.650000, 3, 165
226594.789474, 2025-11-11T21:13:08.097Z, 42.293182, -71.264614, 60.410000, 1.465000, 1.700000, 3, 165
226647.473684, 2025-11-11T21:13:08.150Z, 42.293182, -71.264613, 60.395000, 1.350000, 1.660000, 3, 165
226700.157895, 2025-11-11T21:13:08.203Z, 42.293183, -71.264613, 60.388000, 1.356000, 1.550000, 3, 165
226752.842105, 2025-11-11T21:13:08.255Z, 42.293184, -71.264612, 60.337000, 1.482000, 1.550000, 3, 165
226805.526316, 2025-11-11T21:13:08.308Z, 42.293185, -71.264611, 60.329000, 1.574000, 1.670000, 3, 165
226858.210526, 2025-11-11T21:13:08.361Z, 42.293187, -71.264611, 60.269000, 1.697000, 1.750000, 3, 165
226910.894737, 2025-11-11T21:13:08.413Z, 42.293187, -71.264610, 60.141000, 1.698000, 1.860000, 3, 165
226963.578947, 2025-11-11T21:13:08.466Z, 42.293188, -71.264609, 60.155000, 1.657000, 1.880000, 3, 165
227016.263158, 2025-11-11T21:13:08.519Z, 42.293189, -71.264609, 60.035000, 1.673000, 1.840000, 3, 165
227068.947368, 2025-11-11T21:13:08.571Z, 42.293190, -71.264608, 59.936000, 1.738000, 1.860000, 3, 165
227121.631579, 2025-11-11T21:13:08.624Z, 42.293190, -71.264608, 59.832000, 1.659000, 1.930000, 3, 165
227174.315789, 2025-11-11T21:13:08.677Z, 42.293191, -71.264607, 59.806000, 1.716000, 1.870000, 3, 165
227227.000000, 2025-11-11T21:13:08.774Z, 42.293192, -71.264606, 59.766000, 1.755000, 1.920000, 3, 165
227282.611111, 2025-11-11T21:13:08.829Z, 42.293193, -71.264606, 59.717000, 1.755000, 1.950000, 3, 165
227338.222222, 2025-11-11T21:13:08.885Z, 42.293194, -71.264605, 59.679000, 1.699000, 1.950000, 3, 165
227393.833333, 2025-11-11T21:13:08.940Z, 42.293194, -71.264604, 59.637000, 1.610000, 1.900000, 3, 165
227449.444444, 2025-11-11T21:13:08.996Z, 42.293195, -71.264603, 59.571000, 1.578000, 1.830000, 3, 165
227505.055556, 2025-11-11T21:13:09.052Z, 42.293195, -71.264602, 59.542000, 1.539000, 1.800000, 3, 165
227560.666667, 2025-11-11T21:13:09.107Z, 42.293196, -71.264602, 59.515000, 1.461000, 1.770000, 3, 165
227616.277778, 2025-11-11T21:13:09.163Z, 42.293196, -71.264601, 59.473000, 1.486000, 1.700000, 3, 165
227671.888889, 2025-11-11T21:13:09.218Z, 42.293197, -71.264601, 59.438000, 1.494000, 1.720000, 3, 165
227727.500000, 2025-11-11T21:13:09.274Z, 42.293197, -71.264600, 59.388000, 1.446000, 1.730000, 3, 165
227783.111111, 2025-11-11T21:13:09.330Z, 42.293198, -71.264599, 59.368000, 1.441000, 1.690000, 3, 165
227838.722222, 2025-11-11T21:13:09.385Z, 42.293199, -71.264598, 59.341000, 1.453000, 1.680000, 3, 165
227894.333333, 2025-11-11T21:13:09.441Z, 42.293199, -71.264596, 59.239000, 1.471000, 1.690000, 3, 165
227949.944444, 2025-11-11T21:13:09.496Z, 42.293200, -71.264595, 59.267000, 1.501000, 1.720000, 3, 165
228005.555556, 2025-11-11T21:13:09.552Z, 42.293199, -71.264594, 59.317000, 1.444000, 1.730000, 3, 165
228061.166667, 2025-11-11T21:13:09.608Z, 42.293199, -71.264593, 59.269000, 1.368000, 1.670000, 3, 165
228116.777778, 2025-11-11T21:13:09.663Z, 42.293199, -71.264592, 59.233000, 1.327000, 1.610000, 3, 165
228172.388889, 2025-11-11T21:13:09.719Z, 42.293199, -71.264591, 59.247000, 1.289000, 1.570000, 3, 165
228228.000000, 2025-11-11T21:13:09.764Z, 42.293200, -71.264590, 59.211000, 1.322000, 1.530000, 3, 183
228283.611111, 2025-11-11T21:13:09.819Z, 42.293200, -71.264589, 59.230000, 1.255000, 1.560000, 3, 183
228339.222222, 2025-11-11T21:13:09.875Z, 42.293200, -71.264588, 59.212000, 1.248000, 1.500000, 3, 183
228394.833333, 2025-11-11T21:13:09.930Z, 42.293201, -71.264588, 59.140000, 1.290000, 1.490000, 3, 183
228450.444444, 2025-11-11T21:13:09.986Z, 42.293201, -71.264586, 59.100000, 1.367000, 1.530000, 3, 183
228506.055556, 2025-11-11T21:13:10.042Z, 42.293201, -71.264585, 59.068000, 1.347000, 1.590000, 3, 183
228561.666667, 2025-11-11T21:13:10.097Z, 42.293202, -71.264584, 59.014000, 1.341000, 1.580000, 3, 183
228617.277778, 2025-11-11T21:13:10.153Z, 42.293201, -71.264583, 59.013000, 1.304000, 1.570000, 3, 183
228672.888889, 2025-11-11T21:13:10.208Z, 42.293201, -71.264581, 58.973000, 1.281000, 1.540000, 3, 183
228728.500000, 2025-11-11T21:13:10.264Z, 42.293201, -71.264580, 58.961000, 1.253000, 1.520000, 3, 183
228784.111111, 2025-11-11T21:13:10.320Z, 42.293201, -71.264578, 58.990000, 1.344000, 1.490000, 3, 183
228839.722222, 2025-11-11T21:13:10.375Z, 42.293201, -71.264577, 58.964000, 1.365000, 1.560000, 3, 183
228895.333333, 2025-11-11T21:13:10.431Z, 42.293201, -71.264576, 58.969000, 1.312000, 1.580000, 3, 183
228950.944444, 2025-11-11T21:13:10.486Z, 42.293201, -71.264574, 59.017000, 1.183000, 1.530000, 3, 183
229006.555556, 2025-11-11T21:13:10.542Z, 42.293201, -71.264573, 58.979000, 1.179000, 1.400000, 3, 183
229062.166667, 2025-11-11T21:13:10.598Z, 42.293202, -71.264572, 58.942000, 1.257000, 1.400000, 3, 183
229117.777778, 2025-11-11T21:13:10.653Z, 42.293202, -71.264572, 58.854000, 1.291000, 1.470000, 3, 183
229173.388889, 2025-11-11T21:13:10.709Z, 42.293202, -71.264570, 58.863000, 1.203000, 1.500000, 3, 183
229229.000000, 2025-11-11T21:13:10.754Z, 42.293203, -71.264569, 58.858000, 1.304000, 1.420000, 3, 165
229284.611111, 2025-11-11T21:13:10.809Z, 42.293203, -71.264567, 58.865000, 1.410000, 1.500000, 3, 165
229340.222222, 2025-11-11T21:13:10.865Z, 42.293204, -71.264566, 58.859000, 1.475000, 1.590000, 3, 165
229395.833333, 2025-11-11T21:13:10.920Z, 42.293204, -71.264564, 58.843000, 1.456000, 1.640000, 3, 165
229451.444444, 2025-11-11T21:13:10.976Z, 42.293205, -71.264563, 58.840000, 1.480000, 1.620000, 3, 165
229507.055556, 2025-11-11T21:13:11.032Z, 42.293206, -71.264563, 58.820000, 1.457000, 1.640000, 3, 165
229562.666667, 2025-11-11T21:13:11.087Z, 42.293206, -71.264562, 58.792000, 1.386000, 1.620000, 3, 165
229618.277778, 2025-11-11T21:13:11.143Z, 42.293207, -71.264563, 58.705000, 1.219000, 1.550000, 3, 165
229673.888889, 2025-11-11T21:13:11.198Z, 42.293208, -71.264563, 58.655000, 1.161000, 1.410000, 3, 165
229729.500000, 2025-11-11T21:13:11.254Z, 42.293208, -71.264563, 58.657000, 1.043000, 1.370000, 3, 165
229785.111111, 2025-11-11T21:13:11.310Z, 42.293209, -71.264563, 58.564000, 1.077000, 1.260000, 3, 165
229840.722222, 2025-11-11T21:13:11.365Z, 42.293210, -71.264562, 58.592000, 1.067000, 1.300000, 3, 165
229896.333333, 2025-11-11T21:13:11.421Z, 42.293211, -71.264562, 58.524000, 1.118000, 1.280000, 3, 165
229951.944444, 2025-11-11T21:13:11.476Z, 42.293211, -71.264561, 58.505000, 1.146000, 1.330000, 3, 165
230007.555556, 2025-11-11T21:13:11.532Z, 42.293211, -71.264560, 58.491000, 1.197000, 1.360000, 3, 165
230063.166667, 2025-11-11T21:13:11.588Z, 42.293212, -71.264559, 58.465000, 1.127000, 1.400000, 3, 165
230118.777778, 2025-11-11T21:13:11.643Z, 42.293212, -71.264558, 58.466000, 1.078000, 1.340000, 3, 165
230174.388889, 2025-11-11T21:13:11.699Z, 42.293213, -71.264557, 58.423000, 1.147000, 1.290000, 3, 165
230230.000000, 2025-11-11T21:13:11.744Z, 42.293213, -71.264557, 58.364000, 1.217000, 1.350000, 3, 172
230282.684211, 2025-11-11T21:13:11.796Z, 42.293214, -71.264556, 58.331000, 1.263000, 1.420000, 3, 172
230335.368421, 2025-11-11T21:13:11.849Z, 42.293215, -71.264556, 58.319000, 1.157000, 1.460000, 3, 172
230388.052632, 2025-11-11T21:13:11.902Z, 42.293215, -71.264556, 58.273000, 1.102000, 1.370000, 3, 172
230440.736842, 2025-11-11T21:13:11.954Z, 42.293216, -71.264555, 58.244000, 1.124000, 1.320000, 3, 172
230493.421053, 2025-11-11T21:13:12.007Z, 42.293216, -71.264555, 58.252000, 1.148000, 1.340000, 3, 172
230546.105263, 2025-11-11T21:13:12.060Z, 42.293218, -71.264555, 58.266000, 1.301000, 1.350000, 3, 172
230598.789474, 2025-11-11T21:13:12.112Z, 42.293219, -71.264555, 58.267000, 1.243000, 1.480000, 3, 172
230651.473684, 2025-11-11T21:13:12.165Z, 42.293220, -71.264555, 58.208000, 1.247000, 1.420000, 3, 172
230704.157895, 2025-11-11T21:13:12.218Z, 42.293220, -71.264555, 58.191000, 1.161000, 1.430000, 3, 172
230756.842105, 2025-11-11T21:13:12.270Z, 42.293220, -71.264554, 58.122000, 1.109000, 1.360000, 3, 172
230809.526316, 2025-11-11T21:13:12.323Z, 42.293220, -71.264553, 58.074000, 1.091000, 1.320000, 3, 172
230862.210526, 2025-11-11T21:13:12.376Z, 42.293220, -71.264552, 58.096000, 1.021000, 1.310000, 3, 172
230914.894737, 2025-11-11T21:13:12.428Z, 42.293220, -71.264552, 58.051000, 0.971000, 1.240000, 3, 172
230967.578947, 2025-11-11T21:13:12.481Z, 42.293220, -71.264550, 57.984000, 0.923000, 1.200000, 3, 172
231020.263158, 2025-11-11T21:13:12.534Z, 42.293220, -71.264550, 57.940000, 0.926000, 1.170000, 3, 172
231072.947368, 2025-11-11T21:13:12.586Z, 42.293222, -71.264550, 57.928000, 0.978000, 1.180000, 3, 172
231125.631579, 2025-11-11T21:13:12.639Z, 42.293222, -71.264550, 57.895000, 0.946000, 1.220000, 3, 172
231178.315789, 2025-11-11T21:13:12.692Z, 42.293223, -71.264550, 57.886000, 0.994000, 1.190000, 3, 172
231231.000000, 2025-11-11T21:13:12.734Z, 42.293225, -71.264550, 57.853000, 1.043000, 1.230000, 3, 165
231286.611111, 2025-11-11T21:13:12.789Z, 42.293225, -71.264550, 57.829000, 1.074000, 1.270000, 3, 165
231342.222222, 2025-11-11T21:13:12.845Z, 42.293227, -71.264551, 57.793000, 1.103000, 1.290000, 3, 165
231397.833333, 2025-11-11T21:13:12.900Z, 42.293228, -71.264551, 57.775000, 1.121000, 1.320000, 3, 165
231453.444444, 2025-11-11T21:13:12.956Z, 42.293228, -71.264551, 57.783000, 1.168000, 1.330000, 3, 165
231509.055556, 2025-11-11T21:13:13.012Z, 42.293230, -71.264551, 57.839000, 1.228000, 1.370000, 3, 165
231564.666667, 2025-11-11T21:13:13.067Z, 42.293231, -71.264551, 57.878000, 1.337000, 1.410000, 3, 165
231620.277778, 2025-11-11T21:13:13.123Z, 42.293233, -71.264550, 57.860000, 1.448000, 1.500000, 3, 165
231675.888889, 2025-11-11T21:13:13.178Z, 42.293235, -71.264550, 57.868000, 1.579000, 1.600000, 3, 165
231731.500000, 2025-11-11T21:13:13.234Z, 42.293236, -71.264549, 57.909000, 1.692000, 1.720000, 3, 165
231787.111111, 2025-11-11T21:13:13.290Z, 42.293238, -71.264549, 57.946000, 1.759000, 1.820000, 3, 165
231842.722222, 2025-11-11T21:13:13.345Z, 42.293239, -71.264548, 57.989000, 1.753000, 1.870000, 3, 165
231898.333333, 2025-11-11T21:13:13.401Z, 42.293240, -71.264548, 58.020000, 1.753000, 1.860000, 3, 165
231953.944444, 2025-11-11T21:13:13.456Z, 42.293241, -71.264546, 58.017000, 1.761000, 1.860000, 3, 165
232009.555556, 2025-11-11T21:13:13.512Z, 42.293241, -71.264545, 57.988000, 1.757000, 1.870000, 3, 165
232065.166667, 2025-11-11T21:13:13.568Z, 42.293242, -71.264544, 57.997000, 1.746000, 1.870000, 3, 165
232120.777778, 2025-11-11T21:13:13.623Z, 42.293242, -71.264543, 58.007000, 1.646000, 1.860000, 3, 165
232176.388889, 2025-11-11T21:13:13.679Z, 42.293242, -71.264543, 57.999000, 1.561000, 1.760000, 3, 165
232232.000000, 2025-11-11T21:13:13.779Z, 42.293242, -71.264542, 57.939000, 1.529000, 1.680000, 3, 165
232287.611111, 2025-11-11T21:13:13.834Z, 42.293243, -71.264542, 57.844000, 1.516000, 1.660000, 3, 165
232343.222222, 2025-11-11T21:13:13.890Z, 42.293243, -71.264541, 57.847000, 1.465000, 1.650000, 3, 165
232398.833333, 2025-11-11T21:13:13.945Z, 42.293243, -71.264540, 57.945000, 1.341000, 1.600000, 3, 165
232454.444444, 2025-11-11T21:13:14.001Z, 42.293243, -71.264539, 57.881000, 1.288000, 1.480000, 3, 165
232510.055556, 2025-11-11T21:13:14.057Z, 42.293244, -71.264539, 57.798000, 1.310000, 1.440000, 3, 165
232565.666667, 2025-11-11T21:13:14.112Z, 42.293243, -71.264538, 57.761000, 1.273000, 1.460000, 3, 165
232621.277778, 2025-11-11T21:13:14.168Z, 42.293244, -71.264537, 57.670000, 1.264000, 1.430000, 3, 165
232676.888889, 2025-11-11T21:13:14.223Z, 42.293244, -71.264536, 57.597000, 1.265000, 1.440000, 3, 165
232732.500000, 2025-11-11T21:13:14.279Z, 42.293244, -71.264535, 57.516000, 1.303000, 1.450000, 3, 165
232788.111111, 2025-11-11T21:13:14.335Z, 42.293244, -71.264534, 57.543000, 1.252000, 1.490000, 3, 165
232843.722222, 2025-11-11T21:13:14.390Z, 42.293245, -71.264534, 57.534000, 1.194000, 1.440000, 3, 165
232899.333333, 2025-11-11T21:13:14.446Z, 42.293246, -71.264533, 57.430000, 1.289000, 1.390000, 3, 165
232954.944444, 2025-11-11T21:13:14.501Z, 42.293247, -71.264533, 57.405000, 1.394000, 1.490000, 3, 165
233010.555556, 2025-11-11T21:13:14.557Z, 42.293247, -71.264532, 57.311000, 1.426000, 1.580000, 3, 165
233066.166667, 2025-11-11T21:13:14.613Z, 42.293248, -71.264531, 57.166000, 1.507000, 1.620000, 3, 165
233121.777778, 2025-11-11T21:13:14.668Z, 42.293248, -71.264530, 57.142000, 1.414000, 1.710000, 3, 165
233177.388889, 2025-11-11T21:13:14.724Z, 42.293248, -71.264529, 57.084000, 1.371000, 1.630000, 3, 165
233233.000000, 2025-11-11T21:13:14.714Z, 42.293248, -71.264528, 57.058000, 1.347000, 1.600000, 3, 172
233285.684211, 2025-11-11T21:13:14.766Z, 42.293249, -71.264527, 57.046000, 1.347000, 1.580000, 3, 172
233338.368421, 2025-11-11T21:13:14.819Z, 42.293249, -71.264526, 57.044000, 1.326000, 1.580000, 3, 172
233391.052632, 2025-11-11T21:13:14.872Z, 42.293250, -71.264525, 56.996000, 1.366000, 1.560000, 3, 172
233443.736842, 2025-11-11T21:13:14.924Z, 42.293249, -71.264524, 56.972000, 1.336000, 1.600000, 3, 172
233496.421053, 2025-11-11T21:13:14.977Z, 42.293250, -71.264523, 56.898000, 1.414000, 1.570000, 3, 172
233549.105263, 2025-11-11T21:13:15.030Z, 42.293250, -71.264521, 56.882000, 1.393000, 1.650000, 3, 172
233601.789474, 2025-11-11T21:13:15.082Z, 42.293249, -71.264520, 56.884000, 1.335000, 1.630000, 3, 172
233654.473684, 2025-11-11T21:13:15.135Z, 42.293249, -71.264518, 56.890000, 1.245000, 1.580000, 3, 172
233707.157895, 2025-11-11T21:13:15.188Z, 42.293249, -71.264517, 56.853000, 1.228000, 1.500000, 3, 172
233759.842105, 2025-11-11T21:13:15.240Z, 42.293249, -71.264516, 56.771000, 1.219000, 1.490000, 3, 172
233812.526316, 2025-11-11T21:13:15.293Z, 42.293249, -71.264514, 56.714000, 1.241000, 1.490000, 3, 172
233865.210526, 2025-11-11T21:13:15.346Z, 42.293248, -71.264512, 56.733000, 1.201000, 1.520000, 3, 172
233917.894737, 2025-11-11T21:13:15.398Z, 42.293248, -71.264511, 56.649000, 1.247000, 1.480000, 3, 172
233970.578947, 2025-11-11T21:13:15.451Z, 42.293248, -71.264510, 56.564000, 1.288000, 1.530000, 3, 172
234023.263158, 2025-11-11T21:13:15.504Z, 42.293247, -71.264508, 56.657000, 1.305000, 1.570000, 3, 172
234075.947368, 2025-11-11T21:13:15.556Z, 42.293247, -71.264507, 56.658000, 1.341000, 1.570000, 3, 172
234128.631579, 2025-11-11T21:13:15.609Z, 42.293248, -71.264506, 56.596000, 1.300000, 1.600000, 3, 172
234181.315789, 2025-11-11T21:13:15.662Z, 42.293249, -71.264505, 56.591000, 1.306000, 1.570000, 3, 172
234234.000000, 2025-11-11T21:13:15.759Z, 42.293250, -71.264504, 56.786000, 1.200000, 1.580000, 3, 165
234292.882353, 2025-11-11T21:13:15.817Z, 42.293250, -71.264504, 56.779000, 1.117000, 1.460000, 3, 165
234351.764706, 2025-11-11T21:13:15.876Z, 42.293251, -71.264503, 56.781000, 1.045000, 1.390000, 3, 165
234410.647059, 2025-11-11T21:13:15.935Z, 42.293251, -71.264502, 56.739000, 1.118000, 1.330000, 3, 165
234469.529412, 2025-11-11T21:13:15.994Z, 42.293252, -71.264501, 56.765000, 1.164000, 1.400000, 3, 165
234528.411765, 2025-11-11T21:13:16.053Z, 42.293253, -71.264500, 56.794000, 1.204000, 1.430000, 3, 165
234587.294118, 2025-11-11T21:13:16.112Z, 42.293254, -71.264499, 56.802000, 1.316000, 1.460000, 3, 165
234646.176471, 2025-11-11T21:13:16.171Z, 42.293255, -71.264498, 56.790000, 1.328000, 1.550000, 3, 165
234705.058824, 2025-11-11T21:13:16.230Z, 42.293256, -71.264498, 56.763000, 1.293000, 1.560000, 3, 165
234763.941176, 2025-11-11T21:13:16.288Z, 42.293256, -71.264497, 56.732000, 1.220000, 1.530000, 3, 165
234822.823529, 2025-11-11T21:13:16.347Z, 42.293257, -71.264497, 56.731000, 1.132000, 1.470000, 3, 165
234881.705882, 2025-11-11T21:13:16.406Z, 42.293258, -71.264496, 56.734000, 1.132000, 1.390000, 3, 165
234940.588235, 2025-11-11T21:13:16.465Z, 42.293258, -71.264495, 56.726000, 1.189000, 1.390000, 3, 165
234999.470588, 2025-11-11T21:13:16.524Z, 42.293259, -71.264494, 56.707000, 1.197000, 1.430000, 3, 165
235058.352941, 2025-11-11T21:13:16.583Z, 42.293259, -71.264493, 56.679000, 1.170000, 1.440000, 3, 165
235117.235294, 2025-11-11T21:13:16.642Z, 42.293259, -71.264492, 56.680000, 1.077000, 1.420000, 3, 165
235176.117647, 2025-11-11T21:13:16.701Z, 42.293259, -71.264491, 56.648000, 0.965000, 1.340000, 3, 165
235235.000000, 2025-11-11T21:13:16.749Z, 42.293259, -71.264490, 56.664000, 1.029000, 1.250000, 3, 165
235287.684211, 2025-11-11T21:13:16.801Z, 42.293259, -71.264488, 56.631000, 1.009000, 1.300000, 3, 165
235340.368421, 2025-11-11T21:13:16.854Z, 42.293259, -71.264487, 56.576000, 0.995000, 1.290000, 3, 165
235393.052632, 2025-11-11T21:13:16.907Z, 42.293259, -71.264486, 56.558000, 1.059000, 1.290000, 3, 165
235445.736842, 2025-11-11T21:13:16.959Z, 42.293259, -71.264484, 56.625000, 1.069000, 1.340000, 3, 165
235498.421053, 2025-11-11T21:13:17.012Z, 42.293259, -71.264483, 56.643000, 1.112000, 1.330000, 3, 165
235551.105263, 2025-11-11T21:13:17.065Z, 42.293260, -71.264482, 56.588000, 1.188000, 1.360000, 3, 165
235603.789474, 2025-11-11T21:13:17.117Z, 42.293261, -71.264480, 56.490000, 1.302000, 1.430000, 3, 165
235656.473684, 2025-11-11T21:13:17.170Z, 42.293261, -71.264479, 56.460000, 1.414000, 1.540000, 3, 165
235709.157895, 2025-11-11T21:13:17.223Z, 42.293260, -71.264477, 56.494000, 1.284000, 1.640000, 3, 165
235761.842105, 2025-11-11T21:13:17.275Z, 42.293260, -71.264477, 56.407000, 1.199000, 1.520000, 3, 165
235814.526316, 2025-11-11T21:13:17.328Z, 42.293261, -71.264476, 56.451000, 1.177000, 1.460000, 3, 165
235867.210526, 2025-11-11T21:13:17.381Z, 42.293262, -71.264475, 56.444000, 1.094000, 1.430000, 3, 165
235919.894737, 2025-11-11T21:13:17.433Z, 42.293262, -71.264474, 56.520000, 1.010000, 1.370000, 3, 165
235972.578947, 2025-11-11T21:13:17.486Z, 42.293262, -71.264473, 56.578000, 0.953000, 1.290000, 3, 165
236025.263158, 2025-11-11T21:13:17.539Z, 42.293261, -71.264471, 56.613000, 0.933000, 1.230000, 3, 165
236077.947368, 2025-11-11T21:13:17.591Z, 42.293261, -71.264470, 56.631000, 0.931000, 1.210000, 3, 165
236130.631579, 2025-11-11T21:13:17.644Z, 42.293261, -71.264470, 56.638000, 0.876000, 1.200000, 3, 165
236183.315789, 2025-11-11T21:13:17.697Z, 42.293261, -71.264468, 56.622000, 0.926000, 1.160000, 3, 165
236236.000000, 2025-11-11T21:13:17.739Z, 42.293261, -71.264467, 56.604000, 0.960000, 1.200000, 3, 165
236291.611111, 2025-11-11T21:13:17.794Z, 42.293261, -71.264465, 56.641000, 0.995000, 1.230000, 3, 165
236347.222222, 2025-11-11T21:13:17.850Z, 42.293261, -71.264463, 56.761000, 1.068000, 1.250000, 3, 165
236402.833333, 2025-11-11T21:13:17.905Z, 42.293261, -71.264462, 56.831000, 1.093000, 1.290000, 3, 165
236458.444444, 2025-11-11T21:13:17.961Z, 42.293260, -71.264460, 56.886000, 1.179000, 1.300000, 3, 165
236514.055556, 2025-11-11T21:13:18.017Z, 42.293260, -71.264457, 56.953000, 1.389000, 1.370000, 3, 165
236569.666667, 2025-11-11T21:13:18.072Z, 42.293260, -71.264456, 57.000000, 1.375000, 1.550000, 3, 165
236625.277778, 2025-11-11T21:13:18.128Z, 42.293260, -71.264454, 57.007000, 1.332000, 1.540000, 3, 165
236680.888889, 2025-11-11T21:13:18.183Z, 42.293260, -71.264453, 57.053000, 1.307000, 1.500000, 3, 165
236736.500000, 2025-11-11T21:13:18.239Z, 42.293260, -71.264451, 57.159000, 1.363000, 1.470000, 3, 165
236792.111111, 2025-11-11T21:13:18.295Z, 42.293261, -71.264449, 57.295000, 1.412000, 1.520000, 3, 165
236847.722222, 2025-11-11T21:13:18.350Z, 42.293261, -71.264447, 57.403000, 1.379000, 1.550000, 3, 165
236903.333333, 2025-11-11T21:13:18.406Z, 42.293261, -71.264446, 57.546000, 1.369000, 1.510000, 3, 165
236958.944444, 2025-11-11T21:13:18.461Z, 42.293262, -71.264444, 57.698000, 1.407000, 1.490000, 3, 165
237014.555556, 2025-11-11T21:13:18.517Z, 42.293263, -71.264443, 57.856000, 1.481000, 1.510000, 3, 165
237070.166667, 2025-11-11T21:13:18.573Z, 42.293263, -71.264441, 57.894000, 1.510000, 1.570000, 3, 165
237125.777778, 2025-11-11T21:13:18.628Z, 42.293264, -71.264440, 57.952000, 1.474000, 1.590000, 3, 165
237181.388889, 2025-11-11T21:13:18.684Z, 42.293264, -71.264438, 58.061000, 1.547000, 1.560000, 3, 165
237237.000000, 2025-11-11T21:13:18.784Z, 42.293264, -71.264436, 58.089000, 1.541000, 1.620000, 3, 165
237292.611111, 2025-11-11T21:13:18.839Z, 42.293264, -71.264434, 58.153000, 1.647000, 1.620000, 3, 165
237348.222222, 2025-11-11T21:13:18.895Z, 42.293264, -71.264432, 58.277000, 1.768000, 1.720000, 3, 165
237403.833333, 2025-11-11T21:13:18.950Z, 42.293264, -71.264430, 58.377000, 1.819000, 1.830000, 3, 165
237459.444444, 2025-11-11T21:13:19.006Z, 42.293263, -71.264427, 58.523000, 1.857000, 1.870000, 3, 165
237515.055556, 2025-11-11T21:13:19.062Z, 42.293264, -71.264426, 58.654000, 1.794000, 1.910000, 3, 165
237570.666667, 2025-11-11T21:13:19.117Z, 42.293264, -71.264425, 58.787000, 1.673000, 1.840000, 3, 165
237626.277778, 2025-11-11T21:13:19.173Z, 42.293264, -71.264424, 58.846000, 1.663000, 1.710000, 3, 165
237681.888889, 2025-11-11T21:13:19.228Z, 42.293265, -71.264423, 58.884000, 1.646000, 1.700000, 3, 165
237737.500000, 2025-11-11T21:13:19.284Z, 42.293265, -71.264422, 58.858000, 1.507000, 1.690000, 3, 165
237793.111111, 2025-11-11T21:13:19.340Z, 42.293266, -71.264421, 58.902000, 1.438000, 1.550000, 3, 165
237848.722222, 2025-11-11T21:13:19.395Z, 42.293266, -71.264419, 58.975000, 1.494000, 1.490000, 3, 165
237904.333333, 2025-11-11T21:13:19.451Z, 42.293265, -71.264417, 59.081000, 1.518000, 1.540000, 3, 165
237959.944444, 2025-11-11T21:13:19.506Z, 42.293265, -71.264416, 59.195000, 1.499000, 1.560000, 3, 165
238015.555556, 2025-11-11T21:13:19.562Z, 42.293265, -71.264414, 59.334000, 1.452000, 1.540000, 3, 165
238071.166667, 2025-11-11T21:13:19.618Z, 42.293265, -71.264413, 59.428000, 1.428000, 1.480000, 3, 165
238126.777778, 2025-11-11T21:13:19.673Z, 42.293265, -71.264412, 59.584000, 1.378000, 1.460000, 3, 165
238182.388889, 2025-11-11T21:13:19.729Z, 42.293265, -71.264410, 59.735000, 1.408000, 1.400000, 3, 165
238238.000000, 2025-11-11T21:13:19.774Z, 42.293265, -71.264408, 59.892000, 1.383000, 1.430000, 3, 165
238293.611111, 2025-11-11T21:13:19.829Z, 42.293265, -71.264407, 60.072000, 1.315000, 1.400000, 3, 165
238349.222222, 2025-11-11T21:13:19.885Z, 42.293265, -71.264406, 60.242000, 1.289000, 1.330000, 3, 165
238404.833333, 2025-11-11T21:13:19.940Z, 42.293265, -71.264404, 60.323000, 1.309000, 1.300000, 3, 165
238460.444444, 2025-11-11T21:13:19.996Z, 42.293265, -71.264403, 60.479000, 1.299000, 1.320000, 3, 165
238516.055556, 2025-11-11T21:13:20.052Z, 42.293266, -71.264402, 60.604000, 1.377000, 1.310000, 3, 165
238571.666667, 2025-11-11T21:13:20.107Z, 42.293266, -71.264400, 60.774000, 1.424000, 1.380000, 3, 165
238627.277778, 2025-11-11T21:13:20.163Z, 42.293267, -71.264398, 60.930000, 1.399000, 1.430000, 3, 165
238682.888889, 2025-11-11T21:13:20.218Z, 42.293268, -71.264397, 61.068000, 1.405000, 1.400000, 3, 165
238738.500000, 2025-11-11T21:13:20.274Z, 42.293269, -71.264396, 61.289000, 1.340000, 1.410000, 3, 165
238794.111111, 2025-11-11T21:13:20.330Z, 42.293269, -71.264395, 61.414000, 1.311000, 1.340000, 3, 165
238849.722222, 2025-11-11T21:13:20.385Z, 42.293271, -71.264394, 61.498000, 1.467000, 1.310000, 3, 165
238905.333333, 2025-11-11T21:13:20.441Z, 42.293271, -71.264393, 61.714000, 1.504000, 1.470000, 3, 165
238960.944444, 2025-11-11T21:13:20.496Z, 42.293272, -71.264392, 61.949000, 1.409000, 1.500000, 3, 165
239016.555556, 2025-11-11T21:13:20.552Z, 42.293273, -71.264391, 62.095000, 1.404000, 1.410000, 3, 165
239072.166667, 2025-11-11T21:13:20.608Z, 42.293274, -71.264391, 62.272000, 1.320000, 1.410000, 3, 165
239127.777778, 2025-11-11T21:13:20.663Z, 42.293275, -71.264389, 62.434000, 1.376000, 1.330000, 3, 165
239183.388889, 2025-11-11T21:13:20.719Z, 42.293276, -71.264388, 62.608000, 1.534000, 1.380000, 3, 165
239239.000000, 2025-11-11T21:13:20.764Z, 42.293278, -71.264388, 62.817000, 1.525000, 1.540000, 3, 165
239291.684211, 2025-11-11T21:13:20.816Z, 42.293278, -71.264387, 62.996000, 1.474000, 1.540000, 3, 165
239344.368421, 2025-11-11T21:13:20.869Z, 42.293278, -71.264386, 63.286000, 1.379000, 1.490000, 3, 165
239397.052632, 2025-11-11T21:13:20.922Z, 42.293279, -71.264385, 63.517000, 1.371000, 1.410000, 3, 165
239449.736842, 2025-11-11T21:13:20.974Z, 42.293279, -71.264384, 63.811000, 1.362000, 1.400000, 3, 165
239502.421053, 2025-11-11T21:13:21.027Z, 42.293280, -71.264382, 64.001000, 1.391000, 1.410000, 3, 165
239555.105263, 2025-11-11T21:13:21.080Z, 42.293280, -71.264381, 64.179000, 1.404000, 1.440000, 3, 165
239607.789474, 2025-11-11T21:13:21.132Z, 42.293281, -71.264380, 64.327000, 1.421000, 1.460000, 3, 165
239660.473684, 2025-11-11T21:13:21.185Z, 42.293282, -71.264379, 64.473000, 1.460000, 1.480000, 3, 165
239713.157895, 2025-11-11T21:13:21.238Z, 42.293282, -71.264378, 64.595000, 1.464000, 1.520000, 3, 165
239765.842105, 2025-11-11T21:13:21.290Z, 42.293283, -71.264377, 64.732000, 1.470000, 1.530000, 3, 165
239818.526316, 2025-11-11T21:13:21.343Z, 42.293284, -71.264376, 64.862000, 1.474000, 1.540000, 3, 165
239871.210526, 2025-11-11T21:13:21.396Z, 42.293284, -71.264375, 65.022000, 1.482000, 1.540000, 3, 165
239923.894737, 2025-11-11T21:13:21.448Z, 42.293285, -71.264375, 65.170000, 1.474000, 1.560000, 3, 165
239976.578947, 2025-11-11T21:13:21.501Z, 42.293286, -71.264373, 65.277000, 1.505000, 1.560000, 3, 165
240029.263158, 2025-11-11T21:13:21.554Z, 42.293286, -71.264372, 65.414000, 1.544000, 1.590000, 3, 165
240081.947368, 2025-11-11T21:13:21.606Z, 42.293287, -71.264370, 65.504000, 1.571000, 1.630000, 3, 165
240134.631579, 2025-11-11T21:13:21.659Z, 42.293287, -71.264369, 65.607000, 1.616000, 1.650000, 3, 165
240187.315789, 2025-11-11T21:13:21.712Z, 42.293288, -71.264368, 65.708000, 1.662000, 1.700000, 3, 165
240240.000000, 2025-11-11T21:13:21.754Z, 42.293289, -71.264366, 65.826000, 1.735000, 1.740000, 3, 165
240295.611111, 2025-11-11T21:13:21.809Z, 42.293290, -71.264365, 65.948000, 1.810000, 1.820000, 3, 165
240351.222222, 2025-11-11T21:13:21.865Z, 42.293292, -71.264363, 66.062000, 1.879000, 1.890000, 3, 165
240406.833333, 2025-11-11T21:13:21.920Z, 42.293293, -71.264362, 66.254000, 1.958000, 1.960000, 3, 165
240462.444444, 2025-11-11T21:13:21.976Z, 42.293294, -71.264360, 66.399000, 1.996000, 2.040000, 3, 165
240518.055556, 2025-11-11T21:13:22.032Z, 42.293294, -71.264359, 66.535000, 1.971000, 2.080000, 3, 165
240573.666667, 2025-11-11T21:13:22.087Z, 42.293295, -71.264357, 66.674000, 1.986000, 2.060000, 3, 165
240629.277778, 2025-11-11T21:13:22.143Z, 42.293295, -71.264355, 66.825000, 2.028000, 2.080000, 3, 165
240684.888889, 2025-11-11T21:13:22.198Z, 42.293295, -71.264354, 66.882000, 1.924000, 2.120000, 3, 165
240740.500000, 2025-11-11T21:13:22.254Z, 42.293296, -71.264352, 66.982000, 1.957000, 2.020000, 3, 165
240796.111111, 2025-11-11T21:13:22.310Z, 42.293297, -71.264350, 66.958000, 2.094000, 2.050000, 3, 165
240851.722222, 2025-11-11T21:13:22.365Z, 42.293297, -71.264348, 67.009000, 2.173000, 2.180000, 3, 165
240907.333333, 2025-11-11T21:13:22.421Z, 42.293298, -71.264347, 67.189000, 2.178000, 2.250000, 3, 165
240962.944444, 2025-11-11T21:13:22.476Z, 42.293298, -71.264345, 67.324000, 2.204000, 2.270000, 3, 165
241018.555556, 2025-11-11T21:13:22.532Z, 42.293299, -71.264343, 67.389000, 2.242000, 2.290000, 3, 165
241074.166667, 2025-11-11T21:13:22.588Z, 42.293300, -71.264342, 67.490000, 2.204000, 2.330000, 3, 165
241129.777778, 2025-11-11T21:13:22.643Z, 42.293301, -71.264340, 67.595000, 2.218000, 2.290000, 3, 165
241185.388889, 2025-11-11T21:13:22.699Z, 42.293302, -71.264338, 67.662000, 2.268000, 2.310000, 3, 165
241241.000000, 2025-11-11T21:13:22.744Z, 42.293303, -71.264337, 67.835000, 2.276000, 2.350000, 3, 183
241296.611111, 2025-11-11T21:13:22.799Z, 42.293303, -71.264336, 68.048000, 2.226000, 2.370000, 3, 183
241352.222222, 2025-11-11T21:13:22.855Z, 42.293303, -71.264335, 68.287000, 2.151000, 2.330000, 3, 183
241407.833333, 2025-11-11T21:13:22.910Z, 42.293304, -71.264334, 68.409000, 2.082000, 2.270000, 3, 183
241463.444444, 2025-11-11T21:13:22.966Z, 42.293304, -71.264333, 68.530000, 1.980000, 2.210000, 3, 183
241519.055556, 2025-11-11T21:13:23.022Z, 42.293304, -71.264332, 68.603000, 1.948000, 2.110000, 3, 183
241574.666667, 2025-11-11T21:13:23.077Z, 42.293304, -71.264330, 68.656000, 1.845000, 2.080000, 3, 183
241630.277778, 2025-11-11T21:13:23.133Z, 42.293305, -71.264329, 68.689000, 1.751000, 1.980000, 3, 183
241685.888889, 2025-11-11T21:13:23.188Z, 42.293304, -71.264327, 68.752000, 1.730000, 1.890000, 3, 183
241741.500000, 2025-11-11T21:13:23.244Z, 42.293305, -71.264326, 68.830000, 1.738000, 1.870000, 3, 183
241797.111111, 2025-11-11T21:13:23.300Z, 42.293306, -71.264324, 68.789000, 1.869000, 1.880000, 3, 183
241852.722222, 2025-11-11T21:13:23.355Z, 42.293307, -71.264324, 68.841000, 1.881000, 1.990000, 3, 183
241908.333333, 2025-11-11T21:13:23.411Z, 42.293309, -71.264323, 68.909000, 1.924000, 2.000000, 3, 183
241963.944444, 2025-11-11T21:13:23.466Z, 42.293310, -71.264322, 68.996000, 1.968000, 2.040000, 3, 183
242019.555556, 2025-11-11T21:13:23.522Z, 42.293311, -71.264321, 68.968000, 1.922000, 2.080000, 3, 183
242075.166667, 2025-11-11T21:13:23.578Z, 42.293312, -71.264320, 69.023000, 1.895000, 2.030000, 3, 183
242130.777778, 2025-11-11T21:13:23.633Z, 42.293313, -71.264319, 69.106000, 1.931000, 2.000000, 3, 183
242186.388889, 2025-11-11T21:13:23.689Z, 42.293314, -71.264316, 69.069000, 2.063000, 2.040000, 3, 183
242242.000000, 2025-11-11T21:13:23.789Z, 42.293314, -71.264314, 69.024000, 2.142000, 2.160000, 3, 165
242297.611111, 2025-11-11T21:13:23.844Z, 42.293314, -71.264312, 69.082000, 2.047000, 2.230000, 3, 165
242353.222222, 2025-11-11T21:13:23.900Z, 42.293313, -71.264311, 69.037000, 1.986000, 2.140000, 3, 165
242408.833333, 2025-11-11T21:13:23.955Z, 42.293313, -71.264309, 69.000000, 1.959000, 2.070000, 3, 165
242464.444444, 2025-11-11T21:13:24.011Z, 42.293313, -71.264307, 68.962000, 1.874000, 2.040000, 3, 165
242520.055556, 2025-11-11T21:13:24.067Z, 42.293312, -71.264305, 68.851000, 1.929000, 1.950000, 3, 165
242575.666667, 2025-11-11T21:13:24.122Z, 42.293312, -71.264304, 68.656000, 1.923000, 2.000000, 3, 165
242631.277778, 2025-11-11T21:13:24.178Z, 42.293311, -71.264303, 68.587000, 1.817000, 1.980000, 3, 165
242686.888889, 2025-11-11T21:13:24.233Z, 42.293311, -71.264301, 68.533000, 1.750000, 1.870000, 3, 165
242742.500000, 2025-11-11T21:13:24.289Z, 42.293310, -71.264300, 68.518000, 1.693000, 1.800000, 3, 165
242798.111111, 2025-11-11T21:13:24.345Z, 42.293310, -71.264298, 68.551000, 1.754000, 1.740000, 3, 165
242853.722222, 2025-11-11T21:13:24.400Z, 42.293309, -71.264297, 68.554000, 1.729000, 1.800000, 3, 165
242909.333333, 2025-11-11T21:13:24.456Z, 42.293309, -71.264296, 68.535000, 1.603000, 1.770000, 3, 165
242964.944444, 2025-11-11T21:13:24.511Z, 42.293309, -71.264294, 68.571000, 1.626000, 1.650000, 3, 165
243020.555556, 2025-11-11T21:13:24.567Z, 42.293309, -71.264293, 68.635000, 1.563000, 1.670000, 3, 165
243076.166667, 2025-11-11T21:13:24.623Z, 42.293309, -71.264291, 68.585000, 1.573000, 1.610000, 3, 165
243131.777778, 2025-11-11T21:13:24.678Z, 42.293309, -71.264289, 68.487000, 1.630000, 1.620000, 3, 165
243187.388889, 2025-11-11T21:13:24.734Z, 42.293309, -71.264287, 68.471000, 1.746000, 1.660000, 3, 165
243243.000000, 2025-11-11T21:13:24.779Z, 42.293309, -71.264285, 68.597000, 1.782000, 1.780000, 3, 165
243298.611111, 2025-11-11T21:13:24.834Z, 42.293309, -71.264283, 68.665000, 1.803000, 1.820000, 3, 165
243354.222222, 2025-11-11T21:13:24.890Z, 42.293308, -71.264281, 68.705000, 1.809000, 1.840000, 3, 165
243409.833333, 2025-11-11T21:13:24.945Z, 42.293308, -71.264280, 68.640000, 1.770000, 1.840000, 3, 165
243465.444444, 2025-11-11T21:13:25.001Z, 42.293308, -71.264279, 68.546000, 1.745000, 1.800000, 3, 165
243521.055556, 2025-11-11T21:13:25.057Z, 42.293308, -71.264277, 68.506000, 1.744000, 1.770000, 3, 165
243576.666667, 2025-11-11T21:13:25.112Z, 42.293309, -71.264276, 68.532000, 1.743000, 1.770000, 3, 165
243632.277778, 2025-11-11T21:13:25.168Z, 42.293309, -71.264275, 68.616000, 1.718000, 1.760000, 3, 165
243687.888889, 2025-11-11T21:13:25.223Z, 42.293309, -71.264273, 68.490000, 1.787000, 1.740000, 3, 165
243743.500000, 2025-11-11T21:13:25.279Z, 42.293309, -71.264272, 68.449000, 1.738000, 1.800000, 3, 165
243799.111111, 2025-11-11T21:13:25.335Z, 42.293310, -71.264272, 68.481000, 1.616000, 1.750000, 3, 165
243854.722222, 2025-11-11T21:13:25.390Z, 42.293311, -71.264272, 68.432000, 1.494000, 1.630000, 3, 165
243910.333333, 2025-11-11T21:13:25.446Z, 42.293312, -71.264270, 68.425000, 1.515000, 1.510000, 3, 165
243965.944444, 2025-11-11T21:13:25.501Z, 42.293313, -71.264269, 68.390000, 1.550000, 1.530000, 3, 165
244021.555556, 2025-11-11T21:13:25.557Z, 42.293314, -71.264268, 68.406000, 1.634000, 1.560000, 3, 165
244077.166667, 2025-11-11T21:13:25.613Z, 42.293314, -71.264266, 68.563000, 1.593000, 1.640000, 3, 165
244132.777778, 2025-11-11T21:13:25.668Z, 42.293315, -71.264264, 68.591000, 1.658000, 1.600000, 3, 165
244188.388889, 2025-11-11T21:13:25.724Z, 42.293315, -71.264263, 68.630000, 1.692000, 1.660000, 3, 165
244244.000000, 2025-11-11T21:13:25.769Z, 42.293315, -71.264261, 68.632000, 1.796000, 1.700000, 3, 186
244299.611111, 2025-11-11T21:13:25.824Z, 42.293315, -71.264259, 68.644000, 1.855000, 1.800000, 3, 186
244355.222222, 2025-11-11T21:13:25.880Z, 42.293316, -71.264257, 68.596000, 1.863000, 1.860000, 3, 186
244410.833333, 2025-11-11T21:13:25.935Z, 42.293316, -71.264256, 68.600000, 1.790000, 1.870000, 3, 186
244466.444444, 2025-11-11T21:13:25.991Z, 42.293316, -71.264255, 68.631000, 1.717000, 1.790000, 3, 186
244522.055556, 2025-11-11T21:13:26.047Z, 42.293315, -71.264253, 68.586000, 1.711000, 1.720000, 3, 186
244577.666667, 2025-11-11T21:13:26.102Z, 42.293315, -71.264251, 68.515000, 1.806000, 1.710000, 3, 186
244633.277778, 2025-11-11T21:13:26.158Z, 42.293315, -71.264249, 68.540000, 1.858000, 1.810000, 3, 186
244688.888889, 2025-11-11T21:13:26.213Z, 42.293316, -71.264247, 68.650000, 1.910000, 1.860000, 3, 186
244744.500000, 2025-11-11T21:13:26.269Z, 42.293316, -71.264245, 68.695000, 1.921000, 1.910000, 3, 186
244800.111111, 2025-11-11T21:13:26.325Z, 42.293316, -71.264244, 68.695000, 1.889000, 1.920000, 3, 186
244855.722222, 2025-11-11T21:13:26.380Z, 42.293316, -71.264241, 68.778000, 1.998000, 1.890000, 3, 186
244911.333333, 2025-11-11T21:13:26.436Z, 42.293317, -71.264239, 68.940000, 2.097000, 2.000000, 3, 186
244966.944444, 2025-11-11T21:13:26.491Z, 42.293317, -71.264236, 69.075000, 2.176000, 2.100000, 3, 186
245022.555556, 2025-11-11T21:13:26.547Z, 42.293318, -71.264234, 69.090000, 2.171000, 2.180000, 3, 186
245078.166667, 2025-11-11T21:13:26.603Z, 42.293318, -71.264232, 69.176000, 2.171000, 2.170000, 3, 186
245133.777778, 2025-11-11T21:13:26.658Z, 42.293318, -71.264230, 69.169000, 2.190000, 2.170000, 3, 186
245189.388889, 2025-11-11T21:13:26.714Z, 42.293317, -71.264229, 69.151000, 2.118000, 2.190000, 3, 186
245245.000000, 2025-11-11T21:13:26.814Z, 42.293317, -71.264227, 69.215000, 1.965000, 2.120000, 3, 187
245297.684211, 2025-11-11T21:13:26.866Z, 42.293317, -71.264226, 69.155000, 1.945000, 1.970000, 3, 187
245350.368421, 2025-11-11T21:13:26.919Z, 42.293316, -71.264223, 69.171000, 1.988000, 1.950000, 3, 187
245403.052632, 2025-11-11T21:13:26.972Z, 42.293315, -71.264221, 69.218000, 1.991000, 1.990000, 3, 187
245455.736842, 2025-11-11T21:13:27.024Z, 42.293315, -71.264219, 69.240000, 1.979000, 1.990000, 3, 187
245508.421053, 2025-11-11T21:13:27.077Z, 42.293314, -71.264217, 69.242000, 1.976000, 1.980000, 3, 187
245561.105263, 2025-11-11T21:13:27.130Z, 42.293314, -71.264215, 69.266000, 2.033000, 1.980000, 3, 187
245613.789474, 2025-11-11T21:13:27.182Z, 42.293313, -71.264212, 69.312000, 2.098000, 2.030000, 3, 187
245666.473684, 2025-11-11T21:13:27.235Z, 42.293314, -71.264210, 69.392000, 2.196000, 2.100000, 3, 187
245719.157895, 2025-11-11T21:13:27.288Z, 42.293314, -71.264208, 69.443000, 2.175000, 2.200000, 3, 187
245771.842105, 2025-11-11T21:13:27.340Z, 42.293315, -71.264206, 69.371000, 2.151000, 2.170000, 3, 187
245824.526316, 2025-11-11T21:13:27.393Z, 42.293315, -71.264204, 69.368000, 2.170000, 2.150000, 3, 187
245877.210526, 2025-11-11T21:13:27.446Z, 42.293315, -71.264202, 69.337000, 2.248000, 2.170000, 3, 187
245929.894737, 2025-11-11T21:13:27.498Z, 42.293314, -71.264199, 69.414000, 2.274000, 2.250000, 3, 187
245982.578947, 2025-11-11T21:13:27.551Z, 42.293313, -71.264197, 69.352000, 2.297000, 2.270000, 3, 187
246035.263158, 2025-11-11T21:13:27.604Z, 42.293312, -71.264194, 69.268000, 2.397000, 2.300000, 3, 187
246087.947368, 2025-11-11T21:13:27.656Z, 42.293310, -71.264191, 69.294000, 2.437000, 2.400000, 3, 187
246140.631579, 2025-11-11T21:13:27.709Z, 42.293308, -71.264189, 69.235000, 2.539000, 2.440000, 3, 187
246193.315789, 2025-11-11T21:13:27.762Z, 42.293306, -71.264186, 69.199000, 2.585000, 2.540000, 3, 187
246246.000000, 2025-11-11T21:13:27.749Z, 42.293307, -71.264184, 69.154000, 2.548000, 2.590000, 3, 168
246304.882353, 2025-11-11T21:13:27.807Z, 42.293307, -71.264183, 69.177000, 2.401000, 2.550000, 3, 168
246363.764706, 2025-11-11T21:13:27.866Z, 42.293307, -71.264182, 69.167000, 2.271000, 2.400000, 3, 168
246422.647059, 2025-11-11T21:13:27.925Z, 42.293308, -71.264180, 69.111000, 2.198000, 2.280000, 3, 168
246481.529412, 2025-11-11T21:13:27.984Z, 42.293309, -71.264179, 69.101000, 2.077000, 2.200000, 3, 168
246540.411765, 2025-11-11T21:13:28.043Z, 42.293309, -71.264178, 69.126000, 1.963000, 2.080000, 3, 168
246599.294118, 2025-11-11T21:13:28.102Z, 42.293309, -71.264177, 69.112000, 1.866000, 1.970000, 3, 168
246658.176471, 2025-11-11T21:13:28.161Z, 42.293310, -71.264176, 69.069000, 1.774000, 1.870000, 3, 168
246717.058824, 2025-11-11T21:13:28.220Z, 42.293309, -71.264175, 69.001000, 1.663000, 1.790000, 3, 168
246775.941176, 2025-11-11T21:13:28.278Z, 42.293309, -71.264173, 68.922000, 1.790000, 1.680000, 3, 168
246834.823529, 2025-11-11T21:13:28.337Z, 42.293308, -71.264171, 68.937000, 1.852000, 1.810000, 3, 168
246893.705882, 2025-11-11T21:13:28.396Z, 42.293307, -71.264169, 68.958000, 1.922000, 1.870000, 3, 168
246952.588235, 2025-11-11T21:13:28.455Z, 42.293307, -71.264166, 69.036000, 2.010000, 1.940000, 3, 168
247011.470588, 2025-11-11T21:13:28.514Z, 42.293307, -71.264164, 69.098000, 2.064000, 2.020000, 3, 168
247070.352941, 2025-11-11T21:13:28.573Z, 42.293308, -71.264162, 69.098000, 2.077000, 2.080000, 3, 168
247129.235294, 2025-11-11T21:13:28.632Z, 42.293309, -71.264160, 69.190000, 2.120000, 2.090000, 3, 168
247188.117647, 2025-11-11T21:13:28.691Z, 42.293309, -71.264159, 69.125000, 2.024000, 2.130000, 3, 168
247247.000000, 2025-11-11T21:13:28.794Z, 42.293309, -71.264157, 69.151000, 2.019000, 2.040000, 3, 168
247299.684211, 2025-11-11T21:13:28.846Z, 42.293309, -71.264155, 69.190000, 2.021000, 2.030000, 3, 168
247352.368421, 2025-11-11T21:13:28.899Z, 42.293310, -71.264153, 69.194000, 2.055000, 2.040000, 3, 168
247405.052632, 2025-11-11T21:13:28.952Z, 42.293310, -71.264152, 69.210000, 1.967000, 2.070000, 3, 168
247457.736842, 2025-11-11T21:13:29.004Z, 42.293311, -71.264151, 69.200000, 1.744000, 1.980000, 3, 168
247510.421053, 2025-11-11T21:13:29.057Z, 42.293310, -71.264150, 69.142000, 1.671000, 1.760000, 3, 168
247563.105263, 2025-11-11T21:13:29.110Z, 42.293310, -71.264149, 69.128000, 1.620000, 1.690000, 3, 168
247615.789474, 2025-11-11T21:13:29.162Z, 42.293309, -71.264148, 69.186000, 1.593000, 1.650000, 3, 168
247668.473684, 2025-11-11T21:13:29.215Z, 42.293309, -71.264146, 69.213000, 1.532000, 1.620000, 3, 168
247721.157895, 2025-11-11T21:13:29.268Z, 42.293309, -71.264145, 69.213000, 1.501000, 1.560000, 3, 168
247773.842105, 2025-11-11T21:13:29.320Z, 42.293308, -71.264143, 69.241000, 1.536000, 1.530000, 3, 168
247826.526316, 2025-11-11T21:13:29.373Z, 42.293307, -71.264141, 69.298000, 1.607000, 1.560000, 3, 168
247879.210526, 2025-11-11T21:13:29.426Z, 42.293307, -71.264139, 69.357000, 1.635000, 1.630000, 3, 168
247931.894737, 2025-11-11T21:13:29.478Z, 42.293307, -71.264138, 69.414000, 1.547000, 1.660000, 3, 168
247984.578947, 2025-11-11T21:13:29.531Z, 42.293307, -71.264136, 69.445000, 1.482000, 1.570000, 3, 168
248037.263158, 2025-11-11T21:13:29.584Z, 42.293308, -71.264135, 69.519000, 1.514000, 1.510000, 3, 168
248089.947368, 2025-11-11T21:13:29.636Z, 42.293309, -71.264133, 69.612000, 1.561000, 1.540000, 3, 168
248142.631579, 2025-11-11T21:13:29.689Z, 42.293309, -71.264131, 69.716000, 1.558000, 1.580000, 3, 168
248195.315789, 2025-11-11T21:13:29.742Z, 42.293309, -71.264128, 69.752000, 1.626000, 1.580000, 3, 168
248248.000000, 2025-11-11T21:13:29.729Z, 42.293310, -71.264127, 69.781000, 1.684000, 1.650000, 3, 168
248303.611111, 2025-11-11T21:13:29.784Z, 42.293311, -71.264125, 69.846000, 1.745000, 1.700000, 3, 168
248359.222222, 2025-11-11T21:13:29.840Z, 42.293311, -71.264123, 69.895000, 1.763000, 1.760000, 3, 168
248414.833333, 2025-11-11T21:13:29.895Z, 42.293311, -71.264121, 69.916000, 1.732000, 1.780000, 3, 168
248470.444444, 2025-11-11T21:13:29.951Z, 42.293311, -71.264119, 69.940000, 1.723000, 1.750000, 3, 168
248526.055556, 2025-11-11T21:13:30.007Z, 42.293311, -71.264117, 69.971000, 1.775000, 1.740000, 3, 168
248581.666667, 2025-11-11T21:13:30.062Z, 42.293312, -71.264115, 69.999000, 1.844000, 1.800000, 3, 168
248637.277778, 2025-11-11T21:13:30.118Z, 42.293312, -71.264113, 70.043000, 1.882000, 1.860000, 3, 168
248692.888889, 2025-11-11T21:13:30.173Z, 42.293312, -71.264111, 70.088000, 1.864000, 1.900000, 3, 168
248748.500000, 2025-11-11T21:13:30.229Z, 42.293312, -71.264108, 70.149000, 1.933000, 1.880000, 3, 168
248804.111111, 2025-11-11T21:13:30.285Z, 42.293312, -71.264106, 70.187000, 2.030000, 1.950000, 3, 168
248859.722222, 2025-11-11T21:13:30.340Z, 42.293312, -71.264103, 70.223000, 2.126000, 2.050000, 3, 168
248915.333333, 2025-11-11T21:13:30.396Z, 42.293312, -71.264101, 70.248000, 2.126000, 2.140000, 3, 168
248970.944444, 2025-11-11T21:13:30.451Z, 42.293312, -71.264099, 70.285000, 2.097000, 2.140000, 3, 168
249026.555556, 2025-11-11T21:13:30.507Z, 42.293312, -71.264097, 70.366000, 2.042000, 2.120000, 3, 168
249082.166667, 2025-11-11T21:13:30.563Z, 42.293312, -71.264095, 70.403000, 2.065000, 2.060000, 3, 168
249137.777778, 2025-11-11T21:13:30.618Z, 42.293313, -71.264093, 70.461000, 2.132000, 2.080000, 3, 168
249193.388889, 2025-11-11T21:13:30.674Z, 42.293312, -71.264090, 70.536000, 2.158000, 2.150000, 3, 168
249249.000000, 2025-11-11T21:13:30.774Z, 42.293312, -71.264088, 70.576000, 2.138000, 2.170000, 3, 187
249301.684211, 2025-11-11T21:13:30.826Z, 42.293313, -71.264087, 70.587000, 2.088000, 2.150000, 3, 187
249354.368421, 2025-11-11T21:13:30.879Z, 42.293313, -71.264085, 70.643000, 2.133000, 2.110000, 3, 187
249407.052632, 2025-11-11T21:13:30.932Z, 42.293313, -71.264082, 70.707000, 2.166000, 2.150000, 3, 187
249459.736842, 2025-11-11T21:13:30.984Z, 42.293313, -71.264080, 70.760000, 2.226000, 2.180000, 3, 187
249512.421053, 2025-11-11T21:13:31.037Z, 42.293312, -71.264077, 70.879000, 2.257000, 2.240000, 3, 187
249565.105263, 2025-11-11T21:13:31.090Z, 42.293312, -71.264075, 70.956000, 2.322000, 2.270000, 3, 187
249617.789474, 2025-11-11T21:13:31.142Z, 42.293312, -71.264073, 71.003000, 2.236000, 2.330000, 3, 187
249670.473684, 2025-11-11T21:13:31.195Z, 42.293311, -71.264072, 71.023000, 2.142000, 2.250000, 3, 187
249723.157895, 2025-11-11T21:13:31.248Z, 42.293311, -71.264070, 70.925000, 2.108000, 2.150000, 3, 187
249775.842105, 2025-11-11T21:13:31.300Z, 42.293310, -71.264069, 70.844000, 2.107000, 2.120000, 3, 187
249828.526316, 2025-11-11T21:13:31.353Z, 42.293311, -71.264068, 70.740000, 2.024000, 2.130000, 3, 187
249881.210526, 2025-11-11T21:13:31.406Z, 42.293311, -71.264066, 70.701000, 2.003000, 2.050000, 3, 187
249933.894737, 2025-11-11T21:13:31.458Z, 42.293310, -71.264063, 70.747000, 2.055000, 2.030000, 3, 187
249986.578947, 2025-11-11T21:13:31.511Z, 42.293310, -71.264061, 70.800000, 1.990000, 2.080000, 3, 187
250039.263158, 2025-11-11T21:13:31.564Z, 42.293310, -71.264059, 70.823000, 1.908000, 2.010000, 3, 187
250091.947368, 2025-11-11T21:13:31.616Z, 42.293309, -71.264057, 70.824000, 1.921000, 1.930000, 3, 187
250144.631579, 2025-11-11T21:13:31.669Z, 42.293309, -71.264054, 70.855000, 1.913000, 1.940000, 3, 187
250197.315789, 2025-11-11T21:13:31.722Z, 42.293309, -71.264052, 70.893000, 1.940000, 1.940000, 3, 187
250250.000000, 2025-11-11T21:13:31.764Z, 42.293308, -71.264050, 70.938000, 1.910000, 1.960000, 3, 184
250305.611111, 2025-11-11T21:13:31.819Z, 42.293308, -71.264048, 71.006000, 1.846000, 1.930000, 3, 184
250361.222222, 2025-11-11T21:13:31.875Z, 42.293308, -71.264046, 71.087000, 1.775000, 1.870000, 3, 184
250416.833333, 2025-11-11T21:13:31.930Z, 42.293307, -71.264044, 71.203000, 1.695000, 1.800000, 3, 184
250472.444444, 2025-11-11T21:13:31.986Z, 42.293308, -71.264042, 71.287000, 1.702000, 1.710000, 3, 184
250528.055556, 2025-11-11T21:13:32.042Z, 42.293307, -71.264040, 71.314000, 1.588000, 1.720000, 3, 184
250583.666667, 2025-11-11T21:13:32.097Z, 42.293306, -71.264038, 71.298000, 1.593000, 1.610000, 3, 184
250639.277778, 2025-11-11T21:13:32.153Z, 42.293306, -71.264036, 71.355000, 1.656000, 1.610000, 3, 184
250694.888889, 2025-11-11T21:13:32.208Z, 42.293305, -71.264033, 71.367000, 1.720000, 1.670000, 3, 184
250750.500000, 2025-11-11T21:13:32.264Z, 42.293305, -71.264032, 71.382000, 1.694000, 1.740000, 3, 184
250806.111111, 2025-11-11T21:13:32.320Z, 42.293305, -71.264030, 71.404000, 1.666000, 1.710000, 3, 184
250861.722222, 2025-11-11T21:13:32.375Z, 42.293304, -71.264028, 71.384000, 1.723000, 1.690000, 3, 184
250917.333333, 2025-11-11T21:13:32.431Z, 42.293304, -71.264026, 71.353000, 1.787000, 1.740000, 3, 184
250972.944444, 2025-11-11T21:13:32.486Z, 42.293304, -71.264025, 71.387000, 1.831000, 1.810000, 3, 184
251028.555556, 2025-11-11T21:13:32.542Z, 42.293305, -71.264023, 71.378000, 1.813000, 1.850000, 3, 184
251084.166667, 2025-11-11T21:13:32.598Z, 42.293304, -71.264021, 71.428000, 1.792000, 1.830000, 3, 184
251139.777778, 2025-11-11T21:13:32.653Z, 42.293304, -71.264019, 71.390000, 1.774000, 1.810000, 3, 184
251195.388889, 2025-11-11T21:13:32.709Z, 42.293304, -71.264018, 71.379000, 1.756000, 1.800000, 3, 184
251251.000000, 2025-11-11T21:13:32.754Z, 42.293305, -71.264016, 71.480000, 1.699000, 1.780000, 3, 184
251306.611111, 2025-11-11T21:13:32.809Z, 42.293305, -71.264014, 71.656000, 1.717000, 1.720000, 3, 184
251362.222222, 2025-11-11T21:13:32.865Z, 42.293305, -71.264012, 71.746000, 1.753000, 1.740000, 3, 184
251417.833333, 2025-11-11T21:13:32.920Z, 42.293304, -71.264009, 71.796000, 1.809000, 1.770000, 3, 184
251473.444444, 2025-11-11T21:13:32.976Z, 42.293304, -71.264008, 71.809000, 1.831000, 1.830000, 3, 184
251529.055556, 2025-11-11T21:13:33.032Z, 42.293304, -71.264005, 71.797000, 1.902000, 1.850000, 3, 184
251584.666667, 2025-11-11T21:13:33.087Z, 42.293303, -71.264004, 71.519000, 1.921000, 1.920000, 3, 184
251640.277778, 2025-11-11T21:13:33.143Z, 42.293303, -71.264002, 71.622000, 1.800000, 1.950000, 3, 184
251695.888889, 2025-11-11T21:13:33.198Z, 42.293303, -71.264000, 71.569000, 1.795000, 1.820000, 3, 184
251751.500000, 2025-11-11T21:13:33.254Z, 42.293303, -71.263998, 71.505000, 1.808000, 1.820000, 3, 184
251807.111111, 2025-11-11T21:13:33.310Z, 42.293303, -71.263996, 71.598000, 1.860000, 1.840000, 3, 184
251862.722222, 2025-11-11T21:13:33.365Z, 42.293303, -71.263994, 71.697000, 1.850000, 1.890000, 3, 184
251918.333333, 2025-11-11T21:13:33.421Z, 42.293304, -71.263992, 71.969000, 1.848000, 1.870000, 3, 184
251973.944444, 2025-11-11T21:13:33.476Z, 42.293304, -71.263990, 71.991000, 1.837000, 1.870000, 3, 184
252029.555556, 2025-11-11T21:13:33.532Z, 42.293304, -71.263988, 71.907000, 1.789000, 1.850000, 3, 184
252085.166667, 2025-11-11T21:13:33.588Z, 42.293304, -71.263986, 71.923000, 1.819000, 1.810000, 3, 184
252140.777778, 2025-11-11T21:13:33.643Z, 42.293303, -71.263984, 72.187000, 1.918000, 1.840000, 3, 184
252196.388889, 2025-11-11T21:13:33.699Z, 42.293303, -71.263982, 72.268000, 1.852000, 1.930000, 3, 184
252252.000000, 2025-11-11T21:13:33.799Z, 42.293303, -71.263981, 72.211000, 1.802000, 1.870000, 3, 184
252307.611111, 2025-11-11T21:13:33.854Z, 42.293303, -71.263979, 72.381000, 1.742000, 1.820000, 3, 184
252363.222222, 2025-11-11T21:13:33.910Z, 42.293303, -71.263976, 72.490000, 1.801000, 1.760000, 3, 184
252418.833333, 2025-11-11T21:13:33.965Z, 42.293303, -71.263974, 72.453000, 1.907000, 1.810000, 3, 184
252474.444444, 2025-11-11T21:13:34.021Z, 42.293303, -71.263973, 72.464000, 1.889000, 1.920000, 3, 184
252530.055556, 2025-11-11T21:13:34.077Z, 42.293302, -71.263971, 72.479000, 1.905000, 1.900000, 3, 184
252585.666667, 2025-11-11T21:13:34.132Z, 42.293302, -71.263969, 72.448000, 1.820000, 1.920000, 3, 184
252641.277778, 2025-11-11T21:13:34.188Z, 42.293302, -71.263968, 72.504000, 1.785000, 1.840000, 3, 184
252696.888889, 2025-11-11T21:13:34.243Z, 42.293302, -71.263966, 72.518000, 1.847000, 1.800000, 3, 184
252752.500000, 2025-11-11T21:13:34.299Z, 42.293302, -71.263964, 72.580000, 1.799000, 1.860000, 3, 184
252808.111111, 2025-11-11T21:13:34.355Z, 42.293302, -71.263962, 72.650000, 1.698000, 1.810000, 3, 184
252863.722222, 2025-11-11T21:13:34.410Z, 42.293302, -71.263961, 72.705000, 1.701000, 1.710000, 3, 184
252919.333333, 2025-11-11T21:13:34.466Z, 42.293302, -71.263959, 72.658000, 1.819000, 1.710000, 3, 184
252974.944444, 2025-11-11T21:13:34.521Z, 42.293302, -71.263957, 72.666000, 1.720000, 1.830000, 3, 184
253030.555556, 2025-11-11T21:13:34.577Z, 42.293301, -71.263956, 72.667000, 1.720000, 1.740000, 3, 184
253086.166667, 2025-11-11T21:13:34.633Z, 42.293302, -71.263953, 72.710000, 1.903000, 1.740000, 3, 184
253141.777778, 2025-11-11T21:13:34.688Z, 42.293302, -71.263952, 72.860000, 1.913000, 1.920000, 3, 184
253197.388889, 2025-11-11T21:13:34.744Z, 42.293302, -71.263950, 72.885000, 1.877000, 1.930000, 3, 184
253253.000000, 2025-11-11T21:13:34.789Z, 42.293302, -71.263948, 72.955000, 1.944000, 1.890000, 3, 184
253308.611111, 2025-11-11T21:13:34.844Z, 42.293301, -71.263947, 72.891000, 1.899000, 1.950000, 3, 184
253364.222222, 2025-11-11T21:13:34.900Z, 42.293300, -71.263946, 72.912000, 1.728000, 1.910000, 3, 184
253419.833333, 2025-11-11T21:13:34.955Z, 42.293300, -71.263944, 72.931000, 1.705000, 1.740000, 3, 184
253475.444444, 2025-11-11T21:13:35.011Z, 42.293299, -71.263942, 72.876000, 1.712000, 1.720000, 3, 184
253531.055556, 2025-11-11T21:13:35.067Z, 42.293299, -71.263941, 72.925000, 1.715000, 1.730000, 3, 184
253586.666667, 2025-11-11T21:13:35.122Z, 42.293298, -71.263939, 72.995000, 1.715000, 1.730000, 3, 184
253642.277778, 2025-11-11T21:13:35.178Z, 42.293299, -71.263938, 73.044000, 1.739000, 1.730000, 3, 184
253697.888889, 2025-11-11T21:13:35.233Z, 42.293299, -71.263936, 73.078000, 1.751000, 1.750000, 3, 184
253753.500000, 2025-11-11T21:13:35.289Z, 42.293299, -71.263935, 73.169000, 1.672000, 1.770000, 3, 184
253809.111111, 2025-11-11T21:13:35.345Z, 42.293298, -71.263933, 73.119000, 1.648000, 1.680000, 3, 184
253864.722222, 2025-11-11T21:13:35.400Z, 42.293298, -71.263932, 73.113000, 1.566000, 1.660000, 3, 184
253920.333333, 2025-11-11T21:13:35.456Z, 42.293297, -71.263931, 73.074000, 1.576000, 1.580000, 3, 184
253975.944444, 2025-11-11T21:13:35.511Z, 42.293297, -71.263930, 73.100000, 1.571000, 1.590000, 3, 184
254031.555556, 2025-11-11T21:13:35.567Z, 42.293297, -71.263928, 73.120000, 1.582000, 1.590000, 3, 184
254087.166667, 2025-11-11T21:13:35.623Z, 42.293297, -71.263926, 73.160000, 1.649000, 1.600000, 3, 184
254142.777778, 2025-11-11T21:13:35.678Z, 42.293297, -71.263925, 73.214000, 1.739000, 1.660000, 3, 184
254198.388889, 2025-11-11T21:13:35.734Z, 42.293296, -71.263923, 73.197000, 1.677000, 1.750000, 3, 184
254254.000000, 2025-11-11T21:13:35.779Z, 42.293296, -71.263923, 73.171000, 1.515000, 1.690000, 3, 184
254309.611111, 2025-11-11T21:13:35.834Z, 42.293296, -71.263922, 73.216000, 1.476000, 1.540000, 3, 184
254365.222222, 2025-11-11T21:13:35.890Z, 42.293296, -71.263920, 73.251000, 1.447000, 1.500000, 3, 184
254420.833333, 2025-11-11T21:13:35.945Z, 42.293296, -71.263919, 73.315000, 1.454000, 1.470000, 3, 184
254476.444444, 2025-11-11T21:13:36.001Z, 42.293297, -71.263919, 73.315000, 1.292000, 1.470000, 3, 184
254532.055556, 2025-11-11T21:13:36.057Z, 42.293297, -71.263917, 73.342000, 1.308000, 1.310000, 3, 184
254587.666667, 2025-11-11T21:13:36.112Z, 42.293297, -71.263915, 73.374000, 1.386000, 1.330000, 3, 184
254643.277778, 2025-11-11T21:13:36.168Z, 42.293296, -71.263914, 73.402000, 1.425000, 1.410000, 3, 184
254698.888889, 2025-11-11T21:13:36.223Z, 42.293296, -71.263912, 73.443000, 1.471000, 1.440000, 3, 184
254754.500000, 2025-11-11T21:13:36.279Z, 42.293295, -71.263910, 73.502000, 1.545000, 1.490000, 3, 184
254810.111111, 2025-11-11T21:13:36.335Z, 42.293295, -71.263909, 73.540000, 1.547000, 1.560000, 3, 184
254865.722222, 2025-11-11T21:13:36.390Z, 42.293295, -71.263908, 73.580000, 1.563000, 1.560000, 3, 184
254921.333333, 2025-11-11T21:13:36.446Z, 42.293295, -71.263906, 73.604000, 1.562000, 1.580000, 3, 184
254976.944444, 2025-11-11T21:13:36.501Z, 42.293294, -71.263905, 73.625000, 1.513000, 1.580000, 3, 184
255032.555556, 2025-11-11T21:13:36.557Z, 42.293294, -71.263904, 73.658000, 1.472000, 1.530000, 3, 184
255088.166667, 2025-11-11T21:13:36.613Z, 42.293293, -71.263904, 73.648000, 1.380000, 1.490000, 3, 184
255143.777778, 2025-11-11T21:13:36.668Z, 42.293292, -71.263903, 73.660000, 1.376000, 1.400000, 3, 184
255199.388889, 2025-11-11T21:13:36.724Z, 42.293292, -71.263901, 73.699000, 1.401000, 1.390000, 3, 184
255255.000000, 2025-11-11T21:13:36.769Z, 42.293292, -71.263900, 73.744000, 1.396000, 1.420000, 3, 184
255307.684211, 2025-11-11T21:13:36.821Z, 42.293292, -71.263899, 73.763000, 1.399000, 1.410000, 3, 184
255360.368421, 2025-11-11T21:13:36.874Z, 42.293292, -71.263897, 73.767000, 1.438000, 1.410000, 3, 184
255413.052632, 2025-11-11T21:13:36.927Z, 42.293291, -71.263895, 73.823000, 1.577000, 1.450000, 3, 184
255465.736842, 2025-11-11T21:13:36.979Z, 42.293291, -71.263894, 73.876000, 1.591000, 1.590000, 3, 184
255518.421053, 2025-11-11T21:13:37.032Z, 42.293290, -71.263893, 73.922000, 1.586000, 1.600000, 3, 184
255571.105263, 2025-11-11T21:13:37.085Z, 42.293289, -71.263891, 73.938000, 1.607000, 1.600000, 3, 184
255623.789474, 2025-11-11T21:13:37.137Z, 42.293288, -71.263889, 73.961000, 1.674000, 1.620000, 3, 184
255676.473684, 2025-11-11T21:13:37.190Z, 42.293289, -71.263888, 73.985000, 1.663000, 1.680000, 3, 184
255729.157895, 2025-11-11T21:13:37.243Z, 42.293289, -71.263886, 74.025000, 1.699000, 1.670000, 3, 184
255781.842105, 2025-11-11T21:13:37.295Z, 42.293289, -71.263885, 74.031000, 1.628000, 1.710000, 3, 184
255834.526316, 2025-11-11T21:13:37.348Z, 42.293288, -71.263884, 74.054000, 1.559000, 1.640000, 3, 184
255887.210526, 2025-11-11T21:13:37.401Z, 42.293288, -71.263883, 74.085000, 1.524000, 1.570000, 3, 184
255939.894737, 2025-11-11T21:13:37.453Z, 42.293288, -71.263882, 74.092000, 1.520000, 1.540000, 3, 184
255992.578947, 2025-11-11T21:13:37.506Z, 42.293287, -71.263881, 74.077000, 1.513000, 1.530000, 3, 184
256045.263158, 2025-11-11T21:13:37.559Z, 42.293286, -71.263880, 74.057000, 1.484000, 1.530000, 3, 184
256097.947368, 2025-11-11T21:13:37.611Z, 42.293286, -71.263879, 74.011000, 1.436000, 1.500000, 3, 184
256150.631579, 2025-11-11T21:13:37.664Z, 42.293286, -71.263878, 73.937000, 1.366000, 1.450000, 3, 184
256203.315789, 2025-11-11T21:13:37.717Z, 42.293286, -71.263876, 73.882000, 1.304000, 1.380000, 3, 184
256256.000000, 2025-11-11T21:13:37.759Z, 42.293285, -71.263876, 73.747000, 1.238000, 1.320000, 3, 184
256311.611111, 2025-11-11T21:13:37.814Z, 42.293284, -71.263875, 73.662000, 1.172000, 1.260000, 3, 184
256367.222222, 2025-11-11T21:13:37.870Z, 42.293284, -71.263875, 73.585000, 1.071000, 1.200000, 3, 184
256422.833333, 2025-11-11T21:13:37.925Z, 42.293284, -71.263874, 73.540000, 1.022000, 1.100000, 3, 184
256478.444444, 2025-11-11T21:13:37.981Z, 42.293283, -71.263873, 73.529000, 1.032000, 1.060000, 3, 184
256534.055556, 2025-11-11T21:13:38.037Z, 42.293283, -71.263872, 73.553000, 1.021000, 1.070000, 3, 184
256589.666667, 2025-11-11T21:13:38.092Z, 42.293282, -71.263871, 73.566000, 1.009000, 1.050000, 3, 184
256645.277778, 2025-11-11T21:13:38.148Z, 42.293282, -71.263870, 73.601000, 1.017000, 1.040000, 3, 184
256700.888889, 2025-11-11T21:13:38.203Z, 42.293281, -71.263869, 73.632000, 1.017000, 1.050000, 3, 184
256756.500000, 2025-11-11T21:13:38.259Z, 42.293280, -71.263867, 73.564000, 1.123000, 1.040000, 3, 184
256812.111111, 2025-11-11T21:13:38.315Z, 42.293279, -71.263865, 73.546000, 1.227000, 1.150000, 3, 184
256867.722222, 2025-11-11T21:13:38.370Z, 42.293279, -71.263864, 73.554000, 1.238000, 1.250000, 3, 184
256923.333333, 2025-11-11T21:13:38.426Z, 42.293278, -71.263864, 73.593000, 1.243000, 1.260000, 3, 184
256978.944444, 2025-11-11T21:13:38.481Z, 42.293276, -71.263863, 73.552000, 1.258000, 1.260000, 3, 184
257034.555556, 2025-11-11T21:13:38.537Z, 42.293274, -71.263862, 73.385000, 1.301000, 1.280000, 3, 184
257090.166667, 2025-11-11T21:13:38.593Z, 42.293273, -71.263860, 73.290000, 1.327000, 1.320000, 3, 184
257145.777778, 2025-11-11T21:13:38.648Z, 42.293272, -71.263859, 73.182000, 1.379000, 1.350000, 3, 184
257201.388889, 2025-11-11T21:13:38.704Z, 42.293271, -71.263857, 73.038000, 1.466000, 1.400000, 3, 184
257257.000000, 2025-11-11T21:13:38.749Z, 42.293269, -71.263856, 72.875000, 1.502000, 1.490000, 3, 184
257312.611111, 2025-11-11T21:13:38.804Z, 42.293268, -71.263855, 72.947000, 1.511000, 1.530000, 3, 184
257368.222222, 2025-11-11T21:13:38.860Z, 42.293267, -71.263853, 72.672000, 1.528000, 1.530000, 3, 184
257423.833333, 2025-11-11T21:13:38.915Z, 42.293266, -71.263850, 72.437000, 1.620000, 1.550000, 3, 184
257479.444444, 2025-11-11T21:13:38.971Z, 42.293264, -71.263850, 72.302000, 1.625000, 1.650000, 3, 184
257535.055556, 2025-11-11T21:13:39.027Z, 42.293262, -71.263849, 72.204000, 1.555000, 1.660000, 3, 184
257590.666667, 2025-11-11T21:13:39.082Z, 42.293262, -71.263848, 72.123000, 1.482000, 1.590000, 3, 184
257646.277778, 2025-11-11T21:13:39.138Z, 42.293261, -71.263847, 72.020000, 1.432000, 1.520000, 3, 184
257701.888889, 2025-11-11T21:13:39.193Z, 42.293259, -71.263846, 71.836000, 1.469000, 1.470000, 3, 184
257757.500000, 2025-11-11T21:13:39.249Z, 42.293258, -71.263846, 71.945000, 1.354000, 1.520000, 3, 184
257813.111111, 2025-11-11T21:13:39.305Z, 42.293257, -71.263845, 71.779000, 1.313000, 1.390000, 3, 184
257868.722222, 2025-11-11T21:13:39.360Z, 42.293256, -71.263844, 71.647000, 1.363000, 1.360000, 3, 184
257924.333333, 2025-11-11T21:13:39.416Z, 42.293255, -71.263844, 71.486000, 1.403000, 1.410000, 3, 184
257979.944444, 2025-11-11T21:13:39.471Z, 42.293255, -71.263843, 71.418000, 1.408000, 1.460000, 3, 184
258035.555556, 2025-11-11T21:13:39.527Z, 42.293254, -71.263842, 71.270000, 1.531000, 1.460000, 3, 184
258091.166667, 2025-11-11T21:13:39.583Z, 42.293253, -71.263841, 71.214000, 1.492000, 1.580000, 3, 184
258146.777778, 2025-11-11T21:13:39.638Z, 42.293252, -71.263840, 71.276000, 1.429000, 1.550000, 3, 184
258202.388889, 2025-11-11T21:13:39.694Z, 42.293250, -71.263840, 71.406000, 1.375000, 1.480000, 3, 184
258258.000000, 2025-11-11T21:13:39.739Z, 42.293249, -71.263838, 71.363000, 1.444000, 1.420000, 3, 168
258313.611111, 2025-11-11T21:13:39.794Z, 42.293248, -71.263836, 71.327000, 1.493000, 1.490000, 3, 168
258369.222222, 2025-11-11T21:13:39.850Z, 42.293247, -71.263836, 71.435000, 1.504000, 1.540000, 3, 168
258424.833333, 2025-11-11T21:13:39.905Z, 42.293246, -71.263835, 71.417000, 1.442000, 1.540000, 3, 168
258480.444444, 2025-11-11T21:13:39.961Z, 42.293246, -71.263834, 71.424000, 1.411000, 1.470000, 3, 168
258536.055556, 2025-11-11T21:13:40.017Z, 42.293245, -71.263833, 71.395000, 1.369000, 1.440000, 3, 168
258591.666667, 2025-11-11T21:13:40.072Z, 42.293245, -71.263831, 71.318000, 1.378000, 1.400000, 3, 168
258647.277778, 2025-11-11T21:13:40.128Z, 42.293244, -71.263830, 71.281000, 1.328000, 1.410000, 3, 168
258702.888889, 2025-11-11T21:13:40.183Z, 42.293243, -71.263829, 71.231000, 1.443000, 1.360000, 3, 168
258758.500000, 2025-11-11T21:13:40.239Z, 42.293242, -71.263828, 71.178000, 1.403000, 1.480000, 3, 168
258814.111111, 2025-11-11T21:13:40.295Z, 42.293241, -71.263827, 71.086000, 1.374000, 1.440000, 3, 168
258869.722222, 2025-11-11T21:13:40.350Z, 42.293241, -71.263826, 70.992000, 1.351000, 1.410000, 3, 168
258925.333333, 2025-11-11T21:13:40.406Z, 42.293240, -71.263825, 70.888000, 1.354000, 1.390000, 3, 168
258980.944444, 2025-11-11T21:13:40.461Z, 42.293239, -71.263824, 70.868000, 1.411000, 1.400000, 3, 168
259036.555556, 2025-11-11T21:13:40.517Z, 42.293238, -71.263823, 70.875000, 1.408000, 1.460000, 3, 168
259092.166667, 2025-11-11T21:13:40.573Z, 42.293237, -71.263821, 70.887000, 1.421000, 1.450000, 3, 168
259147.777778, 2025-11-11T21:13:40.628Z, 42.293236, -71.263819, 70.877000, 1.534000, 1.460000, 3, 168
259203.388889, 2025-11-11T21:13:40.684Z, 42.293235, -71.263818, 70.872000, 1.542000, 1.570000, 3, 168
259259.000000, 2025-11-11T21:13:40.784Z, 42.293234, -71.263817, 70.839000, 1.604000, 1.580000, 3, 168
259311.684211, 2025-11-11T21:13:40.836Z, 42.293233, -71.263816, 70.820000, 1.611000, 1.640000, 3, 168
259364.368421, 2025-11-11T21:13:40.889Z, 42.293232, -71.263815, 70.832000, 1.655000, 1.640000, 3, 168
259417.052632, 2025-11-11T21:13:40.942Z, 42.293230, -71.263814, 70.858000, 1.650000, 1.690000, 3, 168
259469.736842, 2025-11-11T21:13:40.994Z, 42.293229, -71.263813, 70.855000, 1.546000, 1.680000, 3, 168
259522.421053, 2025-11-11T21:13:41.047Z, 42.293228, -71.263812, 70.822000, 1.503000, 1.580000, 3, 168
259575.105263, 2025-11-11T21:13:41.100Z, 42.293227, -71.263810, 70.834000, 1.556000, 1.530000, 3, 168
259627.789474, 2025-11-11T21:13:41.152Z, 42.293225, -71.263809, 70.838000, 1.508000, 1.580000, 3, 168
259680.473684, 2025-11-11T21:13:41.205Z, 42.293223, -71.263808, 70.862000, 1.665000, 1.530000, 3, 168
259733.157895, 2025-11-11T21:13:41.258Z, 42.293222, -71.263807, 70.901000, 1.745000, 1.690000, 3, 168
259785.842105, 2025-11-11T21:13:41.310Z, 42.293221, -71.263807, 70.988000, 1.728000, 1.760000, 3, 168
259838.526316, 2025-11-11T21:13:41.363Z, 42.293219, -71.263806, 71.100000, 1.622000, 1.740000, 3, 168
259891.210526, 2025-11-11T21:13:41.416Z, 42.293219, -71.263805, 71.106000, 1.589000, 1.630000, 3, 168
259943.894737, 2025-11-11T21:13:41.468Z, 42.293217, -71.263803, 71.079000, 1.635000, 1.600000, 3, 168
259996.578947, 2025-11-11T21:13:41.521Z, 42.293216, -71.263802, 71.053000, 1.742000, 1.650000, 3, 168
260049.263158, 2025-11-11T21:13:41.574Z, 42.293214, -71.263802, 71.037000, 1.703000, 1.750000, 3, 168
260101.947368, 2025-11-11T21:13:41.626Z, 42.293213, -71.263801, 71.049000, 1.643000, 1.710000, 3, 168
260154.631579, 2025-11-11T21:13:41.679Z, 42.293213, -71.263800, 71.040000, 1.526000, 1.650000, 3, 168
260207.315789, 2025-11-11T21:13:41.732Z, 42.293211, -71.263798, 70.983000, 1.591000, 1.540000, 3, 168
260260.000000, 2025-11-11T21:13:41.774Z, 42.293211, -71.263797, 70.948000, 1.660000, 1.600000, 3, 168
260315.611111, 2025-11-11T21:13:41.829Z, 42.293210, -71.263796, 70.921000, 1.670000, 1.670000, 3, 168
260371.222222, 2025-11-11T21:13:41.885Z, 42.293209, -71.263795, 70.923000, 1.687000, 1.680000, 3, 168
260426.833333, 2025-11-11T21:13:41.940Z, 42.293208, -71.263794, 70.922000, 1.693000, 1.700000, 3, 168
260482.444444, 2025-11-11T21:13:41.996Z, 42.293207, -71.263792, 70.914000, 1.703000, 1.700000, 3, 168
260538.055556, 2025-11-11T21:13:42.052Z, 42.293206, -71.263792, 70.930000, 1.725000, 1.710000, 3, 168
260593.666667, 2025-11-11T21:13:42.107Z, 42.293205, -71.263791, 70.947000, 1.735000, 1.740000, 3, 168
260649.277778, 2025-11-11T21:13:42.163Z, 42.293204, -71.263789, 70.979000, 1.736000, 1.740000, 3, 168
260704.888889, 2025-11-11T21:13:42.218Z, 42.293203, -71.263788, 71.010000, 1.732000, 1.750000, 3, 168
260760.500000, 2025-11-11T21:13:42.274Z, 42.293203, -71.263786, 71.014000, 1.753000, 1.740000, 3, 168
260816.111111, 2025-11-11T21:13:42.330Z, 42.293202, -71.263784, 71.064000, 1.854000, 1.760000, 3, 168
260871.722222, 2025-11-11T21:13:42.385Z, 42.293201, -71.263782, 71.079000, 1.911000, 1.860000, 3, 168
260927.333333, 2025-11-11T21:13:42.441Z, 42.293201, -71.263779, 71.072000, 1.981000, 1.920000, 3, 168
260982.944444, 2025-11-11T21:13:42.496Z, 42.293201, -71.263776, 71.060000, 2.029000, 1.990000, 3, 168
261038.555556, 2025-11-11T21:13:42.552Z, 42.293202, -71.263773, 71.001000, 2.069000, 2.030000, 3, 168
261094.166667, 2025-11-11T21:13:42.608Z, 42.293202, -71.263768, 70.996000, 2.274000, 2.070000, 3, 168
261149.777778, 2025-11-11T21:13:42.663Z, 42.293202, -71.263765, 70.998000, 2.393000, 2.280000, 3, 168
261205.388889, 2025-11-11T21:13:42.719Z, 42.293202, -71.263763, 70.976000, 2.415000, 2.400000, 3, 168
261261.000000, 2025-11-11T21:13:42.764Z, 42.293201, -71.263761, 70.943000, 2.428000, 2.420000, 3, 168
261316.611111, 2025-11-11T21:13:42.819Z, 42.293200, -71.263760, 70.919000, 2.399000, 2.430000, 3, 168
261372.222222, 2025-11-11T21:13:42.875Z, 42.293199, -71.263758, 70.890000, 2.378000, 2.400000, 3, 168
261427.833333, 2025-11-11T21:13:42.930Z, 42.293199, -71.263756, 70.876000, 2.496000, 2.380000, 3, 168
261483.444444, 2025-11-11T21:13:42.986Z, 42.293197, -71.263754, 70.880000, 2.577000, 2.500000, 3, 168
261539.055556, 2025-11-11T21:13:43.042Z, 42.293195, -71.263752, 70.889000, 2.593000, 2.580000, 3, 168
261594.666667, 2025-11-11T21:13:43.097Z, 42.293194, -71.263751, 70.897000, 2.649000, 2.600000, 3, 168
261650.277778, 2025-11-11T21:13:43.153Z, 42.293191, -71.263749, 70.910000, 2.759000, 2.650000, 3, 168
261705.888889, 2025-11-11T21:13:43.208Z, 42.293189, -71.263747, 70.967000, 2.912000, 2.760000, 3, 168
261761.500000, 2025-11-11T21:13:43.264Z, 42.293185, -71.263744, 71.094000, 3.197000, 2.920000, 3, 168
261817.111111, 2025-11-11T21:13:43.320Z, 42.293181, -71.263742, 71.264000, 3.463000, 3.200000, 3, 168
261872.722222, 2025-11-11T21:13:43.375Z, 42.293179, -71.263739, 71.300000, 3.649000, 3.460000, 3, 168
261928.333333, 2025-11-11T21:13:43.431Z, 42.293177, -71.263737, 71.303000, 3.724000, 3.650000, 3, 168
261983.944444, 2025-11-11T21:13:43.486Z, 42.293175, -71.263735, 71.261000, 3.769000, 3.720000, 3, 168
262039.555556, 2025-11-11T21:13:43.542Z, 42.293173, -71.263732, 71.227000, 3.796000, 3.770000, 3, 168
262095.166667, 2025-11-11T21:13:43.598Z, 42.293172, -71.263730, 71.173000, 3.754000, 3.800000, 3, 168
262150.777778, 2025-11-11T21:13:43.653Z, 42.293170, -71.263729, 71.091000, 3.753000, 3.750000, 3, 168
262206.388889, 2025-11-11T21:13:43.709Z, 42.293168, -71.263728, 70.991000, 3.752000, 3.750000, 3, 168
262262.000000, 2025-11-11T21:13:43.809Z, 42.293166, -71.263725, 70.962000, 3.762000, 3.750000, 3, 171
262317.611111, 2025-11-11T21:13:43.864Z, 42.293163, -71.263725, 70.875000, 3.751000, 3.760000, 3, 171
262373.222222, 2025-11-11T21:13:43.920Z, 42.293161, -71.263724, 70.913000, 3.836000, 3.750000, 3, 171
262428.833333, 2025-11-11T21:13:43.975Z, 42.293157, -71.263722, 71.098000, 3.991000, 3.840000, 3, 171
262484.444444, 2025-11-11T21:13:44.031Z, 42.293156, -71.263721, 71.124000, 3.952000, 3.990000, 3, 171
262540.055556, 2025-11-11T21:13:44.087Z, 42.293154, -71.263719, 71.159000, 3.977000, 3.950000, 3, 171
262595.666667, 2025-11-11T21:13:44.142Z, 42.293151, -71.263717, 71.187000, 4.061000, 3.980000, 3, 171
262651.277778, 2025-11-11T21:13:44.198Z, 42.293149, -71.263715, 71.183000, 4.073000, 4.060000, 3, 171
262706.888889, 2025-11-11T21:13:44.253Z, 42.293147, -71.263713, 71.174000, 4.075000, 4.070000, 3, 171
262762.500000, 2025-11-11T21:13:44.309Z, 42.293146, -71.263711, 71.156000, 4.041000, 4.080000, 3, 171
262818.111111, 2025-11-11T21:13:44.365Z, 42.293144, -71.263709, 71.161000, 4.047000, 4.040000, 3, 171
262873.722222, 2025-11-11T21:13:44.420Z, 42.293142, -71.263706, 71.185000, 4.153000, 4.050000, 3, 171
262929.333333, 2025-11-11T21:13:44.476Z, 42.293139, -71.263704, 71.230000, 4.329000, 4.150000, 3, 171
262984.944444, 2025-11-11T21:13:44.531Z, 42.293136, -71.263702, 71.237000, 4.378000, 4.330000, 3, 171
263040.555556, 2025-11-11T21:13:44.587Z, 42.293133, -71.263699, 71.272000, 4.562000, 4.380000, 3, 171
263096.166667, 2025-11-11T21:13:44.643Z, 42.293131, -71.263696, 71.220000, 4.651000, 4.560000, 3, 171
263151.777778, 2025-11-11T21:13:44.698Z, 42.293128, -71.263694, 71.117000, 4.786000, 4.650000, 3, 171
263207.388889, 2025-11-11T21:13:44.754Z, 42.293125, -71.263691, 70.992000, 4.926000, 4.790000, 3, 171
263263.000000, 2025-11-11T21:13:44.799Z, 42.293123, -71.263688, 70.873000, 5.048000, 4.930000, 3, 179
263318.611111, 2025-11-11T21:13:44.854Z, 42.293120, -71.263686, 70.739000, 5.072000, 5.050000, 3, 179
263374.222222, 2025-11-11T21:13:44.910Z, 42.293118, -71.263684, 70.590000, 5.121000, 5.070000, 3, 179
263429.833333, 2025-11-11T21:13:44.965Z, 42.293115, -71.263682, 70.411000, 5.189000, 5.120000, 3, 179
263485.444444, 2025-11-11T21:13:45.021Z, 42.293114, -71.263681, 70.116000, 5.050000, 5.190000, 3, 179
263541.055556, 2025-11-11T21:13:45.077Z, 42.293112, -71.263679, 69.839000, 5.052000, 5.050000, 3, 179
263596.666667, 2025-11-11T21:13:45.132Z, 42.293111, -71.263676, 69.552000, 5.087000, 5.060000, 3, 179
263652.277778, 2025-11-11T21:13:45.188Z, 42.293109, -71.263673, 69.248000, 5.162000, 5.100000, 3, 179
263707.888889, 2025-11-11T21:13:45.243Z, 42.293106, -71.263671, 69.122000, 5.254000, 5.170000, 3, 179
263763.500000, 2025-11-11T21:13:45.299Z, 42.293104, -71.263668, 69.078000, 5.281000, 5.270000, 3, 179
263819.111111, 2025-11-11T21:13:45.355Z, 42.293101, -71.263666, 69.072000, 5.360000, 5.290000, 3, 179
263874.722222, 2025-11-11T21:13:45.410Z, 42.293099, -71.263663, 69.059000, 5.442000, 5.370000, 3, 179
263930.333333, 2025-11-11T21:13:45.466Z, 42.293096, -71.263661, 69.064000, 5.514000, 5.450000, 3, 179
263985.944444, 2025-11-11T21:13:45.521Z, 42.293093, -71.263658, 69.024000, 5.615000, 5.520000, 3, 179
264041.555556, 2025-11-11T21:13:45.577Z, 42.293090, -71.263655, 68.958000, 5.745000, 5.630000, 3, 179
264097.166667, 2025-11-11T21:13:45.633Z, 42.293087, -71.263652, 68.914000, 5.863000, 5.760000, 3, 179
264152.777778, 2025-11-11T21:13:45.688Z, 42.293084, -71.263649, 68.891000, 5.988000, 5.870000, 3, 179
264208.388889, 2025-11-11T21:13:45.744Z, 42.293081, -71.263646, 68.803000, 6.138000, 6.000000, 3, 179
264264.000000, 2025-11-11T21:13:45.789Z, 42.293078, -71.263644, 68.747000, 6.230000, 6.150000, 3, 175
264316.684211, 2025-11-11T21:13:45.841Z, 42.293075, -71.263641, 68.688000, 6.290000, 6.240000, 3, 175
264369.368421, 2025-11-11T21:13:45.894Z, 42.293072, -71.263639, 68.663000, 6.276000, 6.300000, 3, 175
264422.052632, 2025-11-11T21:13:45.947Z, 42.293070, -71.263636, 68.624000, 6.273000, 6.290000, 3, 175
264474.736842, 2025-11-11T21:13:45.999Z, 42.293067, -71.263633, 68.535000, 6.233000, 6.280000, 3, 175
264527.421053, 2025-11-11T21:13:46.052Z, 42.293064, -71.263631, 68.615000, 6.254000, 6.250000, 3, 175
264580.105263, 2025-11-11T21:13:46.105Z, 42.293062, -71.263628, 68.615000, 6.261000, 6.260000, 3, 175
264632.789474, 2025-11-11T21:13:46.157Z, 42.293060, -71.263624, 68.588000, 6.267000, 6.270000, 3, 175
264685.473684, 2025-11-11T21:13:46.210Z, 42.293057, -71.263621, 68.599000, 6.271000, 6.280000, 3, 175
264738.157895, 2025-11-11T21:13:46.263Z, 42.293055, -71.263618, 68.633000, 6.272000, 6.280000, 3, 175
264790.842105, 2025-11-11T21:13:46.315Z, 42.293051, -71.263616, 68.644000, 6.313000, 6.280000, 3, 175
264843.526316, 2025-11-11T21:13:46.368Z, 42.293048, -71.263614, 68.667000, 6.313000, 6.320000, 3, 175
264896.210526, 2025-11-11T21:13:46.421Z, 42.293045, -71.263612, 68.697000, 6.311000, 6.320000, 3, 175
264948.894737, 2025-11-11T21:13:46.473Z, 42.293042, -71.263611, 68.707000, 6.283000, 6.320000, 3, 175
265001.578947, 2025-11-11T21:13:46.526Z, 42.293038, -71.263610, 68.820000, 6.347000, 6.290000, 3, 175
265054.263158, 2025-11-11T21:13:46.579Z, 42.293035, -71.263608, 68.814000, 6.382000, 6.350000, 3, 175
265106.947368, 2025-11-11T21:13:46.631Z, 42.293032, -71.263606, 68.746000, 6.394000, 6.390000, 3, 175
265159.631579, 2025-11-11T21:13:46.684Z, 42.293030, -71.263602, 68.789000, 6.380000, 6.400000, 3, 175
265212.315789, 2025-11-11T21:13:46.737Z, 42.293027, -71.263600, 68.743000, 6.386000, 6.390000, 3, 175
265265.000000, 2025-11-11T21:13:46.779Z, 42.293024, -71.263597, 68.702000, 6.433000, 6.390000, 3, 175
265323.882353, 2025-11-11T21:13:46.837Z, 42.293022, -71.263594, 68.721000, 6.349000, 6.440000, 3, 175
265382.764706, 2025-11-11T21:13:46.896Z, 42.293020, -71.263591, 68.696000, 6.280000, 6.350000, 3, 175
265441.647059, 2025-11-11T21:13:46.955Z, 42.293017, -71.263588, 68.682000, 6.355000, 6.290000, 3, 175
265500.529412, 2025-11-11T21:13:47.014Z, 42.293014, -71.263586, 68.729000, 6.369000, 6.360000, 3, 175
265559.411765, 2025-11-11T21:13:47.073Z, 42.293011, -71.263584, 68.813000, 6.248000, 6.370000, 3, 175
265618.294118, 2025-11-11T21:13:47.132Z, 42.293009, -71.263582, 68.906000, 6.155000, 6.250000, 3, 175
265677.176471, 2025-11-11T21:13:47.191Z, 42.293006, -71.263580, 68.987000, 6.115000, 6.160000, 3, 175
265736.058824, 2025-11-11T21:13:47.250Z, 42.293004, -71.263576, 69.114000, 6.066000, 6.120000, 3, 175
265794.941176, 2025-11-11T21:13:47.308Z, 42.293002, -71.263575, 69.203000, 5.971000, 6.070000, 3, 175
265853.823529, 2025-11-11T21:13:47.367Z, 42.292999, -71.263572, 69.324000, 5.919000, 5.970000, 3, 175
265912.705882, 2025-11-11T21:13:47.426Z, 42.292997, -71.263569, 69.366000, 5.904000, 5.920000, 3, 175
265971.588235, 2025-11-11T21:13:47.485Z, 42.292994, -71.263567, 69.426000, 5.901000, 5.910000, 3, 175
266030.470588, 2025-11-11T21:13:47.544Z, 42.292991, -71.263564, 69.474000, 5.894000, 5.900000, 3, 175
266089.352941, 2025-11-11T21:13:47.603Z, 42.292989, -71.263561, 69.548000, 5.903000, 5.900000, 3, 175
266148.235294, 2025-11-11T21:13:47.662Z, 42.292986, -71.263558, 69.589000, 5.955000, 5.900000, 3, 175
266207.117647, 2025-11-11T21:13:47.721Z, 42.292983, -71.263555, 69.660000, 6.000000, 5.960000, 3, 175
266266.000000, 2025-11-11T21:13:47.769Z, 42.292980, -71.263552, 69.712000, 6.055000, 6.000000, 3, 175
266321.611111, 2025-11-11T21:13:47.824Z, 42.292977, -71.263549, 69.850000, 6.066000, 6.060000, 3, 175
266377.222222, 2025-11-11T21:13:47.880Z, 42.292974, -71.263547, 70.024000, 6.045000, 6.070000, 3, 175
266432.833333, 2025-11-11T21:13:47.935Z, 42.292972, -71.263544, 70.282000, 5.983000, 6.050000, 3, 175
266488.444444, 2025-11-11T21:13:47.991Z, 42.292967, -71.263543, 70.544000, 6.043000, 5.980000, 3, 175
266544.055556, 2025-11-11T21:13:48.047Z, 42.292964, -71.263540, 70.623000, 6.117000, 6.040000, 3, 175
266599.666667, 2025-11-11T21:13:48.102Z, 42.292961, -71.263537, 70.682000, 6.138000, 6.120000, 3, 175
266655.277778, 2025-11-11T21:13:48.158Z, 42.292958, -71.263535, 70.673000, 6.192000, 6.140000, 3, 175
266710.888889, 2025-11-11T21:13:48.213Z, 42.292955, -71.263531, 70.551000, 6.308000, 6.190000, 3, 175
266766.500000, 2025-11-11T21:13:48.269Z, 42.292952, -71.263528, 70.470000, 6.441000, 6.310000, 3, 175
266822.111111, 2025-11-11T21:13:48.325Z, 42.292948, -71.263526, 70.627000, 6.419000, 6.440000, 3, 175
266877.722222, 2025-11-11T21:13:48.380Z, 42.292945, -71.263524, 70.717000, 6.375000, 6.420000, 3, 175
266933.333333, 2025-11-11T21:13:48.436Z, 42.292943, -71.263520, 70.745000, 6.367000, 6.380000, 3, 175
266988.944444, 2025-11-11T21:13:48.491Z, 42.292940, -71.263517, 70.824000, 6.369000, 6.370000, 3, 175
267044.555556, 2025-11-11T21:13:48.547Z, 42.292937, -71.263514, 70.849000, 6.371000, 6.370000, 3, 175
267100.166667, 2025-11-11T21:13:48.603Z, 42.292935, -71.263512, 70.874000, 6.293000, 6.370000, 3, 175
267155.777778, 2025-11-11T21:13:48.658Z, 42.292932, -71.263510, 70.977000, 6.237000, 6.300000, 3, 175
267211.388889, 2025-11-11T21:13:48.714Z, 42.292929, -71.263507, 71.008000, 6.188000, 6.240000, 3, 175
267267.000000, 2025-11-11T21:13:48.814Z, 42.292927, -71.263504, 71.073000, 6.141000, 6.190000, 3, 166
267317.050000, 2025-11-11T21:13:48.864Z, 42.292925, -71.263502, 71.164000, 6.057000, 6.150000, 3, 166
267367.100000, 2025-11-11T21:13:48.914Z, 42.292923, -71.263499, 71.139000, 6.005000, 6.060000, 3, 166
267417.150000, 2025-11-11T21:13:48.964Z, 42.292920, -71.263497, 71.274000, 5.966000, 6.010000, 3, 166
267467.200000, 2025-11-11T21:13:49.014Z, 42.292917, -71.263494, 71.422000, 5.918000, 5.970000, 3, 166
267517.250000, 2025-11-11T21:13:49.064Z, 42.292915, -71.263492, 71.462000, 5.843000, 5.930000, 3, 166
267567.300000, 2025-11-11T21:13:49.114Z, 42.292912, -71.263490, 71.639000, 5.792000, 5.850000, 3, 166
267617.350000, 2025-11-11T21:13:49.164Z, 42.292909, -71.263489, 71.904000, 5.724000, 5.800000, 3, 166
267667.400000, 2025-11-11T21:13:49.214Z, 42.292906, -71.263486, 72.039000, 5.707000, 5.740000, 3, 166
267717.450000, 2025-11-11T21:13:49.264Z, 42.292904, -71.263483, 72.165000, 5.698000, 5.720000, 3, 166
267767.500000, 2025-11-11T21:13:49.314Z, 42.292901, -71.263481, 72.278000, 5.670000, 5.710000, 3, 166
267817.550000, 2025-11-11T21:13:49.364Z, 42.292898, -71.263478, 72.385000, 5.659000, 5.690000, 3, 166
267867.600000, 2025-11-11T21:13:49.414Z, 42.292896, -71.263475, 72.489000, 5.686000, 5.680000, 3, 166
267917.650000, 2025-11-11T21:13:49.464Z, 42.292894, -71.263473, 72.526000, 5.641000, 5.710000, 3, 166
267967.700000, 2025-11-11T21:13:49.514Z, 42.292892, -71.263470, 72.590000, 5.585000, 5.660000, 3, 166
268017.750000, 2025-11-11T21:13:49.564Z, 42.292890, -71.263468, 72.644000, 5.562000, 5.610000, 3, 166
268067.800000, 2025-11-11T21:13:49.614Z, 42.292888, -71.263465, 72.675000, 5.521000, 5.580000, 3, 166
268117.850000, 2025-11-11T21:13:49.664Z, 42.292885, -71.263463, 72.867000, 5.449000, 5.540000, 3, 166
268167.900000, 2025-11-11T21:13:49.714Z, 42.292883, -71.263461, 72.997000, 5.373000, 5.470000, 3, 166
268217.950000, 2025-11-11T21:13:49.764Z, 42.292880, -71.263460, 73.260000, 5.344000, 5.400000, 3, 166
268268.000000, 2025-11-11T21:13:49.804Z, 42.292877, -71.263459, 73.452000, 5.287000, 5.380000, 3, 166
268326.882353, 2025-11-11T21:13:49.862Z, 42.292875, -71.263457, 73.601000, 5.246000, 5.320000, 3, 166
268385.764706, 2025-11-11T21:13:49.921Z, 42.292873, -71.263455, 73.714000, 5.191000, 5.280000, 3, 166
268444.647059, 2025-11-11T21:13:49.980Z, 42.292870, -71.263453, 73.899000, 5.209000, 5.230000, 3, 166
268503.529412, 2025-11-11T21:13:50.039Z, 42.292867, -71.263451, 74.019000, 5.284000, 5.250000, 3, 166
268562.411765, 2025-11-11T21:13:50.098Z, 42.292864, -71.263449, 74.104000, 5.315000, 5.330000, 3, 166
268621.294118, 2025-11-11T21:13:50.157Z, 42.292861, -71.263447, 74.151000, 5.344000, 5.360000, 3, 166
268680.176471, 2025-11-11T21:13:50.216Z, 42.292859, -71.263446, 74.223000, 5.381000, 5.390000, 3, 166
268739.058824, 2025-11-11T21:13:50.275Z, 42.292856, -71.263444, 74.276000, 5.404000, 5.430000, 3, 166
268797.941176, 2025-11-11T21:13:50.333Z, 42.292853, -71.263441, 74.306000, 5.483000, 5.450000, 3, 166
268856.823529, 2025-11-11T21:13:50.392Z, 42.292851, -71.263438, 74.335000, 5.549000, 5.530000, 3, 166
268915.705882, 2025-11-11T21:13:50.451Z, 42.292848, -71.263436, 74.346000, 5.614000, 5.590000, 3, 166
268974.588235, 2025-11-11T21:13:50.510Z, 42.292845, -71.263432, 74.394000, 5.717000, 5.650000, 3, 166
269033.470588, 2025-11-11T21:13:50.569Z, 42.292842, -71.263430, 74.432000, 5.804000, 5.760000, 3, 166
269092.352941, 2025-11-11T21:13:50.628Z, 42.292839, -71.263426, 74.453000, 5.946000, 5.840000, 3, 166
269151.235294, 2025-11-11T21:13:50.687Z, 42.292836, -71.263423, 74.483000, 6.011000, 5.980000, 3, 166
269210.117647, 2025-11-11T21:13:50.746Z, 42.292833, -71.263420, 74.577000, 6.075000, 6.050000, 3, 166
269269.000000, 2025-11-11T21:13:50.794Z, 42.292830, -71.263418, 74.690000, 6.168000, 6.110000, 3, 166
269321.684211, 2025-11-11T21:13:50.846Z, 42.292826, -71.263415, 74.774000, 6.202000, 6.200000, 3, 166
269374.368421, 2025-11-11T21:13:50.899Z, 42.292823, -71.263412, 74.867000, 6.242000, 6.240000, 3, 166
269427.052632, 2025-11-11T21:13:50.952Z, 42.292821, -71.263409, 74.956000, 6.285000, 6.280000, 3, 166
269479.736842, 2025-11-11T21:13:51.004Z, 42.292818, -71.263407, 75.118000, 6.196000, 6.320000, 3, 166
269532.421053, 2025-11-11T21:13:51.057Z, 42.292816, -71.263404, 75.281000, 6.172000, 6.240000, 3, 166
269585.105263, 2025-11-11T21:13:51.110Z, 42.292813, -71.263402, 75.430000, 6.174000, 6.210000, 3, 166
269637.789474, 2025-11-11T21:13:51.162Z, 42.292810, -71.263399, 75.546000, 6.230000, 6.220000, 3, 166
269690.473684, 2025-11-11T21:13:51.215Z, 42.292806, -71.263397, 75.669000, 6.290000, 6.270000, 3, 166
269743.157895, 2025-11-11T21:13:51.268Z, 42.292802, -71.263394, 75.716000, 6.549000, 6.340000, 3, 166
269795.842105, 2025-11-11T21:13:51.320Z, 42.292798, -71.263391, 75.824000, 6.641000, 6.590000, 3, 166
269848.526316, 2025-11-11T21:13:51.373Z, 42.292794, -71.263388, 75.918000, 6.726000, 6.690000, 3, 166
269901.210526, 2025-11-11T21:13:51.426Z, 42.292791, -71.263386, 75.966000, 6.783000, 6.770000, 3, 166
269953.894737, 2025-11-11T21:13:51.478Z, 42.292788, -71.263384, 76.045000, 6.791000, 6.830000, 3, 166
270006.578947, 2025-11-11T21:13:51.531Z, 42.292784, -71.263381, 76.178000, 6.832000, 6.840000, 3, 166
270059.263158, 2025-11-11T21:13:51.584Z, 42.292781, -71.263378, 76.244000, 6.820000, 6.880000, 3, 166
270111.947368, 2025-11-11T21:13:51.636Z, 42.292779, -71.263375, 76.311000, 6.814000, 6.870000, 3, 166
270164.631579, 2025-11-11T21:13:51.689Z, 42.292776, -71.263372, 76.356000, 6.786000, 6.860000, 3, 166
270217.315789, 2025-11-11T21:13:51.742Z, 42.292773, -71.263370, 76.372000, 6.742000, 6.830000, 3, 166
270270.000000, 2025-11-11T21:13:51.784Z, 42.292771, -71.263368, 76.430000, 6.589000, 6.790000, 3, 189
270325.611111, 2025-11-11T21:13:51.839Z, 42.292768, -71.263365, 76.502000, 6.626000, 6.640000, 3, 189
270381.222222, 2025-11-11T21:13:51.895Z, 42.292765, -71.263362, 76.611000, 6.674000, 6.670000, 3, 189
270436.833333, 2025-11-11T21:13:51.950Z, 42.292761, -71.263360, 76.703000, 6.748000, 6.720000, 3, 189
270492.444444, 2025-11-11T21:13:52.006Z, 42.292758, -71.263357, 76.794000, 6.704000, 6.790000, 3, 189
270548.055556, 2025-11-11T21:13:52.062Z, 42.292756, -71.263354, 76.854000, 6.637000, 6.750000, 3, 189
270603.666667, 2025-11-11T21:13:52.117Z, 42.292756, -71.263352, 77.028000, 6.359000, 6.690000, 3, 189
270659.277778, 2025-11-11T21:13:52.173Z, 42.292754, -71.263349, 77.083000, 6.296000, 6.410000, 3, 189
270714.888889, 2025-11-11T21:13:52.228Z, 42.292751, -71.263346, 77.211000, 6.312000, 6.350000, 3, 189
270770.500000, 2025-11-11T21:13:52.284Z, 42.292748, -71.263343, 77.364000, 6.331000, 6.370000, 3, 189
270826.111111, 2025-11-11T21:13:52.340Z, 42.292744, -71.263340, 77.521000, 6.375000, 6.390000, 3, 189
270881.722222, 2025-11-11T21:13:52.395Z, 42.292741, -71.263338, 77.674000, 6.368000, 6.430000, 3, 189
270937.333333, 2025-11-11T21:13:52.451Z, 42.292739, -71.263335, 77.823000, 6.316000, 6.430000, 3, 189
270992.944444, 2025-11-11T21:13:52.506Z, 42.292736, -71.263333, 77.992000, 6.288000, 6.380000, 3, 189
271048.555556, 2025-11-11T21:13:52.562Z, 42.292734, -71.263331, 78.111000, 6.178000, 6.350000, 3, 189
271104.166667, 2025-11-11T21:13:52.618Z, 42.292732, -71.263329, 78.129000, 6.168000, 6.250000, 3, 189
271159.777778, 2025-11-11T21:13:52.673Z, 42.292729, -71.263327, 78.178000, 6.169000, 6.240000, 3, 189
271215.388889, 2025-11-11T21:13:52.729Z, 42.292726, -71.263324, 78.246000, 6.173000, 6.240000, 3, 189
271271.000000, 2025-11-11T21:13:52.774Z, 42.292722, -71.263322, 78.187000, 6.305000, 6.240000, 3, 189
271326.611111, 2025-11-11T21:13:52.829Z, 42.292720, -71.263319, 78.291000, 6.274000, 6.370000, 3, 189
271382.222222, 2025-11-11T21:13:52.885Z, 42.292718, -71.263316, 78.392000, 6.243000, 6.340000, 3, 189
271437.833333, 2025-11-11T21:13:52.940Z, 42.292715, -71.263314, 78.456000, 6.212000, 6.310000, 3, 189
271493.444444, 2025-11-11T21:13:52.996Z, 42.292712, -71.263312, 78.521000, 6.245000, 6.280000, 3, 189
271549.055556, 2025-11-11T21:13:53.052Z, 42.292709, -71.263311, 78.590000, 6.233000, 6.310000, 3, 189
271604.666667, 2025-11-11T21:13:53.107Z, 42.292706, -71.263309, 78.645000, 6.217000, 6.300000, 3, 189
271660.277778, 2025-11-11T21:13:53.163Z, 42.292704, -71.263306, 78.738000, 6.155000, 6.280000, 3, 189
271715.888889, 2025-11-11T21:13:53.218Z, 42.292701, -71.263304, 78.858000, 6.201000, 6.220000, 3, 189
271771.500000, 2025-11-11T21:13:53.274Z, 42.292698, -71.263301, 78.972000, 6.269000, 6.270000, 3, 189
271827.111111, 2025-11-11T21:13:53.330Z, 42.292693, -71.263299, 79.176000, 6.391000, 6.340000, 3, 189
271882.722222, 2025-11-11T21:13:53.385Z, 42.292690, -71.263296, 79.312000, 6.429000, 6.470000, 3, 189
271938.333333, 2025-11-11T21:13:53.441Z, 42.292687, -71.263294, 79.371000, 6.464000, 6.500000, 3, 189
271993.944444, 2025-11-11T21:13:53.496Z, 42.292684, -71.263291, 79.442000, 6.496000, 6.540000, 3, 189
272049.555556, 2025-11-11T21:13:53.552Z, 42.292681, -71.263289, 79.528000, 6.544000, 6.570000, 3, 189
272105.166667, 2025-11-11T21:13:53.608Z, 42.292677, -71.263288, 79.617000, 6.580000, 6.620000, 3, 189
272160.777778, 2025-11-11T21:13:53.663Z, 42.292674, -71.263286, 79.715000, 6.613000, 6.660000, 3, 189
272216.388889, 2025-11-11T21:13:53.719Z, 42.292670, -71.263284, 79.818000, 6.633000, 6.690000, 3, 189
272272.000000, 2025-11-11T21:13:53.764Z, 42.292667, -71.263283, 79.969000, 6.677000, 6.710000, 3, 189
272327.611111, 2025-11-11T21:13:53.819Z, 42.292663, -71.263282, 80.097000, 6.701000, 6.760000, 3, 189
272383.222222, 2025-11-11T21:13:53.875Z, 42.292660, -71.263281, 80.250000, 6.690000, 6.780000, 3, 189
272438.833333, 2025-11-11T21:13:53.930Z, 42.292656, -71.263279, 80.405000, 6.681000, 6.780000, 3, 189
272494.444444, 2025-11-11T21:13:53.986Z, 42.292654, -71.263278, 80.581000, 6.571000, 6.770000, 3, 189
272550.055556, 2025-11-11T21:13:54.042Z, 42.292651, -71.263275, 80.693000, 6.596000, 6.660000, 3, 189
272605.666667, 2025-11-11T21:13:54.097Z, 42.292647, -71.263273, 80.836000, 6.619000, 6.690000, 3, 189
272661.277778, 2025-11-11T21:13:54.153Z, 42.292644, -71.263271, 81.000000, 6.606000, 6.710000, 3, 189
272716.888889, 2025-11-11T21:13:54.208Z, 42.292641, -71.263270, 81.179000, 6.579000, 6.700000, 3, 189
272772.500000, 2025-11-11T21:13:54.264Z, 42.292638, -71.263268, 81.409000, 6.551000, 6.680000, 3, 189
272828.111111, 2025-11-11T21:13:54.320Z, 42.292635, -71.263265, 81.727000, 6.543000, 6.660000, 3, 189
272883.722222, 2025-11-11T21:13:54.375Z, 42.292631, -71.263262, 81.907000, 6.597000, 6.660000, 3, 189
272939.333333, 2025-11-11T21:13:54.431Z, 42.292626, -71.263259, 82.051000, 6.764000, 6.710000, 3, 189
272994.944444, 2025-11-11T21:13:54.486Z, 42.292622, -71.263256, 82.185000, 6.895000, 6.880000, 3, 189
273050.555556, 2025-11-11T21:13:54.542Z, 42.292618, -71.263253, 82.288000, 6.942000, 7.010000, 3, 189
273106.166667, 2025-11-11T21:13:54.598Z, 42.292614, -71.263249, 82.373000, 7.018000, 7.060000, 3, 189
273161.777778, 2025-11-11T21:13:54.653Z, 42.292611, -71.263246, 82.472000, 7.054000, 7.130000, 3, 189
273217.388889, 2025-11-11T21:13:54.709Z, 42.292608, -71.263244, 82.541000, 7.066000, 7.170000, 3, 189
273273.000000, 2025-11-11T21:13:54.809Z, 42.292604, -71.263241, 82.677000, 7.076000, 7.180000, 3, 166
273328.611111, 2025-11-11T21:13:54.864Z, 42.292601, -71.263238, 82.896000, 7.075000, 7.190000, 3, 166
273384.222222, 2025-11-11T21:13:54.920Z, 42.292598, -71.263235, 83.007000, 7.076000, 7.190000, 3, 166
273439.833333, 2025-11-11T21:13:54.975Z, 42.292595, -71.263232, 83.127000, 7.072000, 7.190000, 3, 166
273495.444444, 2025-11-11T21:13:55.031Z, 42.292592, -71.263229, 83.281000, 7.084000, 7.190000, 3, 166
273551.055556, 2025-11-11T21:13:55.087Z, 42.292589, -71.263226, 83.419000, 7.070000, 7.210000, 3, 166
273606.666667, 2025-11-11T21:13:55.142Z, 42.292586, -71.263223, 83.519000, 7.036000, 7.190000, 3, 166
273662.277778, 2025-11-11T21:13:55.198Z, 42.292583, -71.263221, 83.635000, 7.022000, 7.160000, 3, 166
273717.888889, 2025-11-11T21:13:55.253Z, 42.292580, -71.263218, 83.725000, 6.984000, 7.150000, 3, 166
273773.500000, 2025-11-11T21:13:55.309Z, 42.292578, -71.263216, 83.844000, 6.959000, 7.110000, 3, 166
273829.111111, 2025-11-11T21:13:55.365Z, 42.292575, -71.263214, 83.958000, 6.930000, 7.090000, 3, 166
273884.722222, 2025-11-11T21:13:55.420Z, 42.292572, -71.263212, 84.061000, 6.904000, 7.060000, 3, 166
273940.333333, 2025-11-11T21:13:55.476Z, 42.292569, -71.263210, 84.159000, 6.881000, 7.030000, 3, 166
273995.944444, 2025-11-11T21:13:55.531Z, 42.292565, -71.263208, 84.260000, 6.873000, 7.010000, 3, 166
274051.555556, 2025-11-11T21:13:55.587Z, 42.292562, -71.263205, 84.360000, 6.865000, 7.000000, 3, 166
274107.166667, 2025-11-11T21:13:55.643Z, 42.292559, -71.263203, 84.436000, 6.881000, 7.000000, 3, 166
274162.777778, 2025-11-11T21:13:55.698Z, 42.292556, -71.263200, 84.431000, 6.977000, 7.010000, 3, 166
274218.388889, 2025-11-11T21:13:55.754Z, 42.292552, -71.263197, 84.415000, 7.055000, 7.100000, 3, 166
274274.000000, 2025-11-11T21:13:55.799Z, 42.292549, -71.263194, 84.404000, 7.097000, 7.180000, 3, 166
274326.684211, 2025-11-11T21:13:55.851Z, 42.292546, -71.263191, 84.383000, 7.118000, 7.220000, 3, 166
274379.368421, 2025-11-11T21:13:55.904Z, 42.292543, -71.263188, 84.383000, 7.142000, 7.240000, 3, 166
274432.052632, 2025-11-11T21:13:55.957Z, 42.292540, -71.263185, 84.381000, 7.170000, 7.260000, 3, 166
274484.736842, 2025-11-11T21:13:56.009Z, 42.292537, -71.263182, 84.388000, 7.176000, 7.280000, 3, 166
274537.421053, 2025-11-11T21:13:56.062Z, 42.292534, -71.263178, 84.459000, 7.209000, 7.290000, 3, 166
274590.105263, 2025-11-11T21:13:56.115Z, 42.292531, -71.263176, 84.477000, 7.240000, 7.320000, 3, 166
274642.789474, 2025-11-11T21:13:56.167Z, 42.292527, -71.263174, 84.494000, 7.246000, 7.350000, 3, 166
274695.473684, 2025-11-11T21:13:56.220Z, 42.292524, -71.263171, 84.524000, 7.266000, 7.350000, 3, 166
274748.157895, 2025-11-11T21:13:56.273Z, 42.292521, -71.263167, 84.557000, 7.291000, 7.370000, 3, 166
274800.842105, 2025-11-11T21:13:56.325Z, 42.292518, -71.263164, 84.646000, 7.320000, 7.400000, 3, 166
274853.526316, 2025-11-11T21:13:56.378Z, 42.292515, -71.263160, 84.813000, 7.395000, 7.430000, 3, 166
274906.210526, 2025-11-11T21:13:56.431Z, 42.292512, -71.263157, 84.909000, 7.399000, 7.500000, 3, 166
274958.894737, 2025-11-11T21:13:56.483Z, 42.292509, -71.263154, 84.951000, 7.399000, 7.510000, 3, 166
275011.578947, 2025-11-11T21:13:56.536Z, 42.292506, -71.263150, 84.998000, 7.384000, 7.510000, 3, 166
275064.263158, 2025-11-11T21:13:56.589Z, 42.292504, -71.263147, 85.003000, 7.370000, 7.490000, 3, 166
275116.947368, 2025-11-11T21:13:56.641Z, 42.292501, -71.263144, 85.060000, 7.327000, 7.480000, 3, 166
275169.631579, 2025-11-11T21:13:56.694Z, 42.292499, -71.263141, 85.081000, 7.292000, 7.440000, 3, 166
275222.315789, 2025-11-11T21:13:56.747Z, 42.292496, -71.263137, 85.158000, 7.315000, 7.400000, 3, 166
275275.000000, 2025-11-11T21:13:56.789Z, 42.292493, -71.263133, 85.163000, 7.285000, 7.420000, 3, 166
275333.882353, 2025-11-11T21:13:56.847Z, 42.292491, -71.263130, 85.202000, 7.264000, 7.390000, 3, 166
275392.764706, 2025-11-11T21:13:56.906Z, 42.292488, -71.263127, 85.246000, 7.252000, 7.370000, 3, 166
275451.647059, 2025-11-11T21:13:56.965Z, 42.292486, -71.263123, 85.240000, 7.242000, 7.360000, 3, 166
275510.529412, 2025-11-11T21:13:57.024Z, 42.292483, -71.263121, 85.251000, 7.183000, 7.350000, 3, 166
275569.411765, 2025-11-11T21:13:57.083Z, 42.292480, -71.263118, 85.237000, 7.158000, 7.290000, 3, 166
275628.294118, 2025-11-11T21:13:57.142Z, 42.292477, -71.263115, 85.228000, 7.143000, 7.260000, 3, 166
275687.176471, 2025-11-11T21:13:57.201Z, 42.292474, -71.263113, 85.198000, 7.134000, 7.250000, 3, 166
275746.058824, 2025-11-11T21:13:57.260Z, 42.292471, -71.263111, 85.173000, 7.085000, 7.240000, 3, 166
275804.941176, 2025-11-11T21:13:57.318Z, 42.292468, -71.263109, 85.176000, 7.055000, 7.190000, 3, 166
275863.823529, 2025-11-11T21:13:57.377Z, 42.292464, -71.263106, 85.114000, 7.098000, 7.160000, 3, 166
275922.705882, 2025-11-11T21:13:57.436Z, 42.292459, -71.263102, 85.166000, 7.275000, 7.200000, 3, 166
275981.588235, 2025-11-11T21:13:57.495Z, 42.292456, -71.263099, 85.043000, 7.274000, 7.370000, 3, 166
276040.470588, 2025-11-11T21:13:57.554Z, 42.292453, -71.263096, 85.035000, 7.286000, 7.370000, 3, 166
276099.352941, 2025-11-11T21:13:57.613Z, 42.292450, -71.263093, 85.036000, 7.262000, 7.380000, 3, 166
276158.235294, 2025-11-11T21:13:57.672Z, 42.292447, -71.263090, 85.095000, 7.241000, 7.350000, 3, 166
276217.117647, 2025-11-11T21:13:57.731Z, 42.292444, -71.263087, 85.130000, 7.208000, 7.330000, 3, 166
276276.000000, 2025-11-11T21:13:57.779Z, 42.292442, -71.263085, 85.094000, 7.113000, 7.300000, 3, 189
276328.684211, 2025-11-11T21:13:57.831Z, 42.292439, -71.263082, 85.064000, 7.058000, 7.200000, 3, 189
276381.368421, 2025-11-11T21:13:57.884Z, 42.292437, -71.263080, 84.993000, 7.048000, 7.150000, 3, 189
276434.052632, 2025-11-11T21:13:57.937Z, 42.292434, -71.263077, 84.940000, 7.074000, 7.130000, 3, 189
276486.736842, 2025-11-11T21:13:57.989Z, 42.292431, -71.263075, 84.760000, 7.046000, 7.160000, 3, 189
276539.421053, 2025-11-11T21:13:58.042Z, 42.292429, -71.263074, 84.611000, 6.903000, 7.130000, 3, 189
276592.105263, 2025-11-11T21:13:58.095Z, 42.292427, -71.263073, 84.449000, 6.822000, 6.980000, 3, 189
276644.789474, 2025-11-11T21:13:58.147Z, 42.292425, -71.263071, 84.334000, 6.692000, 6.900000, 3, 189
276697.473684, 2025-11-11T21:13:58.200Z, 42.292423, -71.263070, 84.124000, 6.560000, 6.770000, 3, 189
276750.157895, 2025-11-11T21:13:58.253Z, 42.292420, -71.263068, 83.837000, 6.691000, 6.630000, 3, 189
276802.842105, 2025-11-11T21:13:58.305Z, 42.292419, -71.263065, 83.287000, 6.627000, 6.750000, 3, 189
276855.526316, 2025-11-11T21:13:58.358Z, 42.292417, -71.263064, 82.996000, 6.427000, 6.680000, 3, 189
276908.210526, 2025-11-11T21:13:58.411Z, 42.292415, -71.263063, 82.762000, 6.303000, 6.480000, 3, 189
276960.894737, 2025-11-11T21:13:58.463Z, 42.292414, -71.263061, 82.497000, 6.149000, 6.350000, 3, 189
277013.578947, 2025-11-11T21:13:58.516Z, 42.292412, -71.263059, 82.254000, 6.085000, 6.190000, 3, 189
277066.263158, 2025-11-11T21:13:58.569Z, 42.292411, -71.263058, 81.859000, 6.115000, 6.120000, 3, 189
277118.947368, 2025-11-11T21:13:58.621Z, 42.292408, -71.263055, 81.847000, 6.105000, 6.150000, 3, 189
277171.631579, 2025-11-11T21:13:58.674Z, 42.292405, -71.263053, 81.786000, 6.098000, 6.140000, 3, 189
277224.315789, 2025-11-11T21:13:58.727Z, 42.292403, -71.263050, 81.716000, 6.128000, 6.130000, 3, 189
277277.000000, 2025-11-11T21:13:58.824Z, 42.292400, -71.263048, 81.587000, 6.078000, 6.160000, 3, 189
277332.611111, 2025-11-11T21:13:58.879Z, 42.292398, -71.263045, 81.306000, 6.057000, 6.110000, 3, 189
277388.222222, 2025-11-11T21:13:58.935Z, 42.292396, -71.263043, 81.159000, 6.089000, 6.080000, 3, 189
277443.833333, 2025-11-11T21:13:58.990Z, 42.292394, -71.263041, 81.124000, 6.040000, 6.110000, 3, 189
277499.444444, 2025-11-11T21:13:59.046Z, 42.292392, -71.263039, 81.149000, 5.877000, 6.060000, 3, 189
277555.055556, 2025-11-11T21:13:59.102Z, 42.292390, -71.263037, 80.917000, 5.792000, 5.900000, 3, 189
277610.666667, 2025-11-11T21:13:59.157Z, 42.292388, -71.263036, 80.724000, 5.731000, 5.810000, 3, 189
277666.277778, 2025-11-11T21:13:59.213Z, 42.292386, -71.263035, 80.585000, 5.759000, 5.750000, 3, 189
277721.888889, 2025-11-11T21:13:59.268Z, 42.292383, -71.263033, 80.621000, 5.826000, 5.780000, 3, 189
277777.500000, 2025-11-11T21:13:59.324Z, 42.292381, -71.263032, 80.705000, 5.941000, 5.850000, 3, 189
277833.111111, 2025-11-11T21:13:59.380Z, 42.292377, -71.263030, 80.744000, 6.054000, 5.960000, 3, 189
277888.722222, 2025-11-11T21:13:59.435Z, 42.292375, -71.263029, 80.537000, 6.207000, 6.080000, 3, 189
277944.333333, 2025-11-11T21:13:59.491Z, 42.292372, -71.263028, 80.435000, 6.156000, 6.230000, 3, 189
277999.944444, 2025-11-11T21:13:59.546Z, 42.292370, -71.263027, 80.334000, 6.085000, 6.170000, 3, 189
278055.555556, 2025-11-11T21:13:59.602Z, 42.292369, -71.263027, 80.178000, 5.696000, 6.100000, 3, 189
278111.166667, 2025-11-11T21:13:59.658Z, 42.292368, -71.263027, 79.968000, 5.472000, 5.710000, 3, 189
278166.777778, 2025-11-11T21:13:59.713Z, 42.292367, -71.263027, 79.761000, 5.244000, 5.490000, 3, 189
278222.388889, 2025-11-11T21:13:59.769Z, 42.292366, -71.263028, 79.476000, 5.132000, 5.260000, 3, 189
278278.000000, 2025-11-11T21:13:59.814Z, 42.292364, -71.263027, 79.258000, 5.023000, 5.140000, 3, 189
278333.611111, 2025-11-11T21:13:59.869Z, 42.292364, -71.263028, 79.082000, 4.724000, 5.030000, 3, 189
278389.222222, 2025-11-11T21:13:59.925Z, 42.292363, -71.263029, 78.817000, 4.407000, 4.730000, 3, 189
278444.833333, 2025-11-11T21:13:59.980Z, 42.292362, -71.263029, 78.675000, 4.170000, 4.420000, 3, 189
278500.444444, 2025-11-11T21:14:00.036Z, 42.292360, -71.263028, 78.614000, 4.136000, 4.180000, 3, 189
278556.055556, 2025-11-11T21:14:00.092Z, 42.292358, -71.263026, 78.342000, 4.180000, 4.140000, 3, 189
278611.666667, 2025-11-11T21:14:00.147Z, 42.292356, -71.263024, 78.281000, 4.180000, 4.190000, 3, 189
278667.277778, 2025-11-11T21:14:00.203Z, 42.292354, -71.263022, 78.205000, 4.187000, 4.190000, 3, 189
278722.888889, 2025-11-11T21:14:00.258Z, 42.292352, -71.263020, 78.146000, 4.213000, 4.190000, 3, 189
278778.500000, 2025-11-11T21:14:00.314Z, 42.292350, -71.263018, 78.179000, 4.267000, 4.220000, 3, 189
278834.111111, 2025-11-11T21:14:00.370Z, 42.292347, -71.263016, 78.147000, 4.309000, 4.270000, 3, 189
278889.722222, 2025-11-11T21:14:00.425Z, 42.292345, -71.263014, 78.165000, 4.323000, 4.310000, 3, 189
278945.333333, 2025-11-11T21:14:00.481Z, 42.292343, -71.263012, 78.212000, 4.333000, 4.330000, 3, 189
279000.944444, 2025-11-11T21:14:00.536Z, 42.292341, -71.263009, 78.232000, 4.344000, 4.340000, 3, 189
279056.555556, 2025-11-11T21:14:00.592Z, 42.292339, -71.263008, 78.213000, 4.327000, 4.350000, 3, 189
279112.166667, 2025-11-11T21:14:00.648Z, 42.292338, -71.263007, 78.140000, 4.252000, 4.330000, 3, 189
279167.777778, 2025-11-11T21:14:00.703Z, 42.292337, -71.263007, 78.003000, 4.102000, 4.260000, 3, 189
279223.388889, 2025-11-11T21:14:00.759Z, 42.292335, -71.263005, 77.980000, 4.072000, 4.110000, 3, 189
279279.000000, 2025-11-11T21:14:00.804Z, 42.292334, -71.263003, 77.907000, 4.062000, 4.080000, 3, 189
279331.684211, 2025-11-11T21:14:00.856Z, 42.292332, -71.263002, 77.833000, 4.052000, 4.070000, 3, 189
279384.368421, 2025-11-11T21:14:00.909Z, 42.292331, -71.263000, 77.740000, 4.004000, 4.060000, 3, 189
279437.052632, 2025-11-11T21:14:00.962Z, 42.292329, -71.262998, 77.655000, 4.002000, 4.010000, 3, 189
279489.736842, 2025-11-11T21:14:01.014Z, 42.292328, -71.262997, 77.497000, 3.948000, 4.010000, 3, 189
279542.421053, 2025-11-11T21:14:01.067Z, 42.292326, -71.262996, 77.539000, 3.854000, 3.950000, 3, 189
279595.105263, 2025-11-11T21:14:01.120Z, 42.292324, -71.262995, 77.571000, 3.774000, 3.860000, 3, 189
279647.789474, 2025-11-11T21:14:01.172Z, 42.292322, -71.262993, 77.613000, 3.753000, 3.780000, 3, 189
279700.473684, 2025-11-11T21:14:01.225Z, 42.292320, -71.262992, 77.544000, 3.852000, 3.760000, 3, 189
279753.157895, 2025-11-11T21:14:01.278Z, 42.292318, -71.262991, 77.444000, 3.923000, 3.860000, 3, 189
279805.842105, 2025-11-11T21:14:01.330Z, 42.292316, -71.262989, 77.331000, 3.975000, 3.930000, 3, 189
279858.526316, 2025-11-11T21:14:01.383Z, 42.292315, -71.262988, 77.127000, 4.000000, 3.980000, 3, 189
279911.210526, 2025-11-11T21:14:01.436Z, 42.292314, -71.262988, 76.913000, 3.984000, 4.000000, 3, 189
279963.894737, 2025-11-11T21:14:01.488Z, 42.292312, -71.262987, 76.731000, 3.996000, 3.990000, 3, 189
280016.578947, 2025-11-11T21:14:01.541Z, 42.292311, -71.262985, 76.514000, 4.027000, 4.000000, 3, 189
280069.263158, 2025-11-11T21:14:01.594Z, 42.292309, -71.262984, 76.333000, 4.053000, 4.030000, 3, 189
280121.947368, 2025-11-11T21:14:01.646Z, 42.292308, -71.262983, 76.275000, 3.979000, 4.050000, 3, 189
280174.631579, 2025-11-11T21:14:01.699Z, 42.292307, -71.262981, 76.184000, 3.926000, 3.980000, 3, 189
280227.315789, 2025-11-11T21:14:01.752Z, 42.292307, -71.262979, 76.191000, 3.653000, 3.930000, 3, 189
280280.000000, 2025-11-11T21:14:01.794Z, 42.292306, -71.262976, 76.207000, 3.659000, 3.650000, 3, 189
280335.611111, 2025-11-11T21:14:01.849Z, 42.292305, -71.262974, 76.162000, 3.696000, 3.660000, 3, 189
280391.222222, 2025-11-11T21:14:01.905Z, 42.292303, -71.262971, 76.056000, 3.740000, 3.700000, 3, 189
280446.833333, 2025-11-11T21:14:01.960Z, 42.292301, -71.262968, 76.033000, 3.860000, 3.740000, 3, 189
280502.444444, 2025-11-11T21:14:02.016Z, 42.292301, -71.262965, 75.889000, 3.890000, 3.860000, 3, 189
280558.055556, 2025-11-11T21:14:02.072Z, 42.292300, -71.262963, 75.748000, 3.848000, 3.890000, 3, 189
280613.666667, 2025-11-11T21:14:02.127Z, 42.292300, -71.262961, 75.640000, 3.807000, 3.850000, 3, 189
280669.277778, 2025-11-11T21:14:02.183Z, 42.292299, -71.262959, 75.555000, 3.772000, 3.810000, 3, 189
280724.888889, 2025-11-11T21:14:02.238Z, 42.292299, -71.262956, 75.520000, 3.725000, 3.770000, 3, 189
280780.500000, 2025-11-11T21:14:02.294Z, 42.292299, -71.262953, 75.460000, 3.600000, 3.730000, 3, 189
280836.111111, 2025-11-11T21:14:02.350Z, 42.292298, -71.262951, 75.323000, 3.651000, 3.600000, 3, 189
280891.722222, 2025-11-11T21:14:02.405Z, 42.292298, -71.262949, 75.087000, 3.649000, 3.650000, 3, 189
280947.333333, 2025-11-11T21:14:02.461Z, 42.292298, -71.262947, 74.867000, 3.620000, 3.650000, 3, 189
281002.944444, 2025-11-11T21:14:02.516Z, 42.292299, -71.262945, 74.511000, 3.544000, 3.620000, 3, 189
281058.555556, 2025-11-11T21:14:02.572Z, 42.292299, -71.262943, 74.141000, 3.512000, 3.540000, 3, 189
281114.166667, 2025-11-11T21:14:02.628Z, 42.292300, -71.262941, 73.859000, 3.440000, 3.510000, 3, 189
281169.777778, 2025-11-11T21:14:02.683Z, 42.292301, -71.262938, 73.644000, 3.332000, 3.440000, 3, 189
281225.388889, 2025-11-11T21:14:02.739Z, 42.292303, -71.262935, 73.397000, 3.299000, 3.330000, 3, 189
281281.000000, 2025-11-11T21:14:02.784Z, 42.292302, -71.262931, 73.335000, 3.372000, 3.300000, 3, 166
281336.611111, 2025-11-11T21:14:02.839Z, 42.292302, -71.262928, 73.179000, 3.362000, 3.370000, 3, 166
281392.222222, 2025-11-11T21:14:02.895Z, 42.292302, -71.262925, 73.115000, 3.212000, 3.360000, 3, 166
281447.833333, 2025-11-11T21:14:02.950Z, 42.292302, -71.262922, 72.887000, 3.258000, 3.210000, 3, 166
281503.444444, 2025-11-11T21:14:03.006Z, 42.292303, -71.262920, 72.741000, 3.209000, 3.260000, 3, 166
281559.055556, 2025-11-11T21:14:03.062Z, 42.292305, -71.262918, 72.690000, 3.073000, 3.210000, 3, 166
281614.666667, 2025-11-11T21:14:03.117Z, 42.292306, -71.262915, 72.577000, 2.957000, 3.070000, 3, 166
281670.277778, 2025-11-11T21:14:03.173Z, 42.292307, -71.262913, 72.461000, 2.880000, 2.960000, 3, 166
281725.888889, 2025-11-11T21:14:03.228Z, 42.292308, -71.262911, 72.309000, 2.887000, 2.880000, 3, 166
281781.500000, 2025-11-11T21:14:03.284Z, 42.292310, -71.262909, 72.129000, 2.873000, 2.890000, 3, 166
281837.111111, 2025-11-11T21:14:03.340Z, 42.292311, -71.262907, 72.074000, 2.742000, 2.870000, 3, 166
281892.722222, 2025-11-11T21:14:03.395Z, 42.292312, -71.262905, 72.008000, 2.688000, 2.740000, 3, 166
281948.333333, 2025-11-11T21:14:03.451Z, 42.292313, -71.262902, 71.918000, 2.709000, 2.690000, 3, 166
282003.944444, 2025-11-11T21:14:03.506Z, 42.292314, -71.262900, 71.821000, 2.708000, 2.710000, 3, 166
282059.555556, 2025-11-11T21:14:03.562Z, 42.292315, -71.262897, 71.702000, 2.635000, 2.710000, 3, 166
282115.166667, 2025-11-11T21:14:03.618Z, 42.292315, -71.262895, 71.588000, 2.573000, 2.640000, 3, 166
282170.777778, 2025-11-11T21:14:03.673Z, 42.292316, -71.262893, 71.475000, 2.624000, 2.570000, 3, 166
282226.388889, 2025-11-11T21:14:03.729Z, 42.292317, -71.262891, 71.512000, 2.464000, 2.620000, 3, 166
282282.000000, 2025-11-11T21:14:03.774Z, 42.292322, -71.262889, 71.340000, 2.624000, 2.460000, 3, 189
282337.611111, 2025-11-11T21:14:03.829Z, 42.292324, -71.262886, 71.130000, 2.728000, 2.620000, 3, 189
282393.222222, 2025-11-11T21:14:03.885Z, 42.292325, -71.262884, 70.987000, 2.749000, 2.730000, 3, 189
282448.833333, 2025-11-11T21:14:03.940Z, 42.292325, -71.262882, 70.831000, 2.745000, 2.750000, 3, 189
282504.444444, 2025-11-11T21:14:03.996Z, 42.292326, -71.262879, 70.718000, 2.735000, 2.750000, 3, 189
282560.055556, 2025-11-11T21:14:04.052Z, 42.292327, -71.262877, 70.553000, 2.839000, 2.740000, 3, 189
282615.666667, 2025-11-11T21:14:04.107Z, 42.292327, -71.262875, 70.377000, 2.749000, 2.840000, 3, 189
282671.277778, 2025-11-11T21:14:04.163Z, 42.292328, -71.262873, 70.205000, 2.705000, 2.750000, 3, 189
282726.888889, 2025-11-11T21:14:04.218Z, 42.292329, -71.262871, 70.107000, 2.789000, 2.710000, 3, 189
282782.500000, 2025-11-11T21:14:04.274Z, 42.292330, -71.262869, 69.984000, 2.797000, 2.790000, 3, 189
282838.111111, 2025-11-11T21:14:04.330Z, 42.292330, -71.262867, 69.868000, 2.689000, 2.800000, 3, 189
282893.722222, 2025-11-11T21:14:04.385Z, 42.292331, -71.262865, 69.782000, 2.775000, 2.690000, 3, 189
282949.333333, 2025-11-11T21:14:04.441Z, 42.292332, -71.262862, 69.706000, 2.809000, 2.780000, 3, 189
283004.944444, 2025-11-11T21:14:04.496Z, 42.292332, -71.262861, 69.637000, 2.771000, 2.810000, 3, 189
283060.555556, 2025-11-11T21:14:04.552Z, 42.292333, -71.262858, 69.629000, 2.863000, 2.770000, 3, 189
283116.166667, 2025-11-11T21:14:04.608Z, 42.292333, -71.262855, 69.646000, 2.829000, 2.860000, 3, 189
283171.777778, 2025-11-11T21:14:04.663Z, 42.292334, -71.262853, 69.491000, 2.765000, 2.830000, 3, 189
283227.388889, 2025-11-11T21:14:04.719Z, 42.292334, -71.262851, 69.349000, 2.701000, 2.770000, 3, 189
283283.000000, 2025-11-11T21:14:04.819Z, 42.292335, -71.262849, 69.198000, 2.712000, 2.700000, 3, 166
283338.611111, 2025-11-11T21:14:04.874Z, 42.292335, -71.262846, 69.188000, 2.551000, 2.710000, 3, 166
283394.222222, 2025-11-11T21:14:04.930Z, 42.292335, -71.262845, 69.150000, 2.395000, 2.550000, 3, 166
283449.833333, 2025-11-11T21:14:04.985Z, 42.292336, -71.262843, 69.050000, 2.331000, 2.400000, 3, 166
283505.444444, 2025-11-11T21:14:05.041Z, 42.292337, -71.262841, 68.943000, 2.311000, 2.330000, 3, 166
283561.055556, 2025-11-11T21:14:05.097Z, 42.292337, -71.262840, 68.915000, 2.340000, 2.310000, 3, 166
283616.666667, 2025-11-11T21:14:05.152Z, 42.292338, -71.262838, 68.818000, 2.498000, 2.340000, 3, 166
283672.277778, 2025-11-11T21:14:05.208Z, 42.292339, -71.262837, 68.668000, 2.502000, 2.500000, 3, 166
283727.888889, 2025-11-11T21:14:05.263Z, 42.292340, -71.262835, 68.511000, 2.540000, 2.500000, 3, 166
283783.500000, 2025-11-11T21:14:05.319Z, 42.292340, -71.262833, 68.394000, 2.503000, 2.540000, 3, 166
283839.111111, 2025-11-11T21:14:05.375Z, 42.292341, -71.262832, 68.249000, 2.364000, 2.500000, 3, 166
283894.722222, 2025-11-11T21:14:05.430Z, 42.292341, -71.262831, 68.169000, 2.351000, 2.360000, 3, 166
283950.333333, 2025-11-11T21:14:05.486Z, 42.292342, -71.262829, 68.094000, 2.370000, 2.350000, 3, 166
284005.944444, 2025-11-11T21:14:05.541Z, 42.292342, -71.262828, 68.080000, 2.429000, 2.370000, 3, 166
284061.555556, 2025-11-11T21:14:05.597Z, 42.292343, -71.262826, 68.009000, 2.443000, 2.430000, 3, 166
284117.166667, 2025-11-11T21:14:05.653Z, 42.292343, -71.262824, 67.879000, 2.444000, 2.440000, 3, 166
284172.777778, 2025-11-11T21:14:05.708Z, 42.292344, -71.262822, 67.846000, 2.479000, 2.440000, 3, 166
284228.388889, 2025-11-11T21:14:05.764Z, 42.292343, -71.262818, 68.031000, 2.459000, 2.480000, 3, 166
284284.000000, 2025-11-11T21:14:05.809Z, 42.292342, -71.262814, 68.170000, 2.473000, 2.460000, 3, 166
284339.611111, 2025-11-11T21:14:05.864Z, 42.292342, -71.262812, 68.088000, 2.455000, 2.470000, 3, 166
284395.222222, 2025-11-11T21:14:05.920Z, 42.292342, -71.262809, 68.114000, 2.495000, 2.460000, 3, 166
284450.833333, 2025-11-11T21:14:05.975Z, 42.292343, -71.262808, 67.952000, 2.428000, 2.500000, 3, 166
284506.444444, 2025-11-11T21:14:06.031Z, 42.292343, -71.262805, 68.026000, 2.361000, 2.430000, 3, 166
284562.055556, 2025-11-11T21:14:06.087Z, 42.292344, -71.262804, 67.653000, 2.427000, 2.360000, 3, 166
284617.666667, 2025-11-11T21:14:06.142Z, 42.292344, -71.262803, 67.463000, 2.469000, 2.430000, 3, 166
284673.277778, 2025-11-11T21:14:06.198Z, 42.292345, -71.262801, 67.376000, 2.454000, 2.470000, 3, 166
284728.888889, 2025-11-11T21:14:06.253Z, 42.292345, -71.262798, 67.356000, 2.451000, 2.450000, 3, 166
284784.500000, 2025-11-11T21:14:06.309Z, 42.292345, -71.262796, 67.320000, 2.416000, 2.450000, 3, 166
284840.111111, 2025-11-11T21:14:06.365Z, 42.292345, -71.262794, 67.286000, 2.444000, 2.420000, 3, 166
284895.722222, 2025-11-11T21:14:06.420Z, 42.292345, -71.262791, 67.313000, 2.400000, 2.440000, 3, 166
284951.333333, 2025-11-11T21:14:06.476Z, 42.292345, -71.262788, 67.341000, 2.399000, 2.400000, 3, 166
285006.944444, 2025-11-11T21:14:06.531Z, 42.292344, -71.262784, 67.423000, 2.503000, 2.400000, 3, 166
285062.555556, 2025-11-11T21:14:06.587Z, 42.292345, -71.262782, 67.328000, 2.531000, 2.500000, 3, 166
285118.166667, 2025-11-11T21:14:06.643Z, 42.292345, -71.262779, 67.397000, 2.582000, 2.530000, 3, 166
285173.777778, 2025-11-11T21:14:06.698Z, 42.292345, -71.262777, 67.423000, 2.581000, 2.580000, 3, 166
285229.388889, 2025-11-11T21:14:06.754Z, 42.292346, -71.262775, 67.378000, 2.613000, 2.580000, 3, 166
285285.000000, 2025-11-11T21:14:06.854Z, 42.292346, -71.262773, 67.396000, 2.497000, 2.610000, 3, 166
285337.684211, 2025-11-11T21:14:06.906Z, 42.292346, -71.262770, 67.394000, 2.526000, 2.500000, 3, 166
285390.368421, 2025-11-11T21:14:06.959Z, 42.292346, -71.262768, 67.322000, 2.532000, 2.530000, 3, 166
285443.052632, 2025-11-11T21:14:07.012Z, 42.292346, -71.262766, 67.268000, 2.624000, 2.530000, 3, 166
285495.736842, 2025-11-11T21:14:07.064Z, 42.292347, -71.262764, 67.158000, 2.704000, 2.620000, 3, 166
285548.421053, 2025-11-11T21:14:07.117Z, 42.292347, -71.262763, 67.052000, 2.591000, 2.700000, 3, 166
285601.105263, 2025-11-11T21:14:07.170Z, 42.292348, -71.262761, 66.979000, 2.546000, 2.590000, 3, 166
285653.789474, 2025-11-11T21:14:07.222Z, 42.292348, -71.262758, 66.963000, 2.544000, 2.550000, 3, 166
285706.473684, 2025-11-11T21:14:07.275Z, 42.292349, -71.262756, 66.883000, 2.614000, 2.540000, 3, 166
285759.157895, 2025-11-11T21:14:07.328Z, 42.292349, -71.262754, 66.767000, 2.689000, 2.610000, 3, 166
285811.842105, 2025-11-11T21:14:07.380Z, 42.292350, -71.262752, 66.719000, 2.769000, 2.690000, 3, 166
285864.526316, 2025-11-11T21:14:07.433Z, 42.292350, -71.262750, 66.695000, 2.620000, 2.770000, 3, 166
285917.210526, 2025-11-11T21:14:07.486Z, 42.292350, -71.262748, 66.668000, 2.530000, 2.620000, 3, 166
285969.894737, 2025-11-11T21:14:07.538Z, 42.292350, -71.262745, 66.667000, 2.569000, 2.530000, 3, 166
286022.578947, 2025-11-11T21:14:07.591Z, 42.292351, -71.262744, 66.533000, 2.598000, 2.570000, 3, 166
286075.263158, 2025-11-11T21:14:07.644Z, 42.292352, -71.262741, 66.466000, 2.666000, 2.600000, 3, 166
286127.947368, 2025-11-11T21:14:07.696Z, 42.292352, -71.262740, 66.275000, 2.607000, 2.670000, 3, 166
286180.631579, 2025-11-11T21:14:07.749Z, 42.292353, -71.262738, 66.169000, 2.518000, 2.610000, 3, 166
286233.315789, 2025-11-11T21:14:07.802Z, 42.292353, -71.262736, 66.080000, 2.587000, 2.520000, 3, 166
286286.000000, 2025-11-11T21:14:07.789Z, 42.292354, -71.262733, 66.118000, 2.588000, 2.590000, 3, 166
286341.611111, 2025-11-11T21:14:07.844Z, 42.292354, -71.262731, 66.091000, 2.638000, 2.590000, 3, 166
286397.222222, 2025-11-11T21:14:07.900Z, 42.292355, -71.262729, 66.026000, 2.708000, 2.640000, 3, 166
286452.833333, 2025-11-11T21:14:07.955Z, 42.292355, -71.262726, 65.940000, 2.739000, 2.710000, 3, 166
286508.444444, 2025-11-11T21:14:08.011Z, 42.292356, -71.262724, 65.844000, 2.674000, 2.740000, 3, 166
286564.055556, 2025-11-11T21:14:08.067Z, 42.292356, -71.262722, 65.788000, 2.621000, 2.670000, 3, 166
286619.666667, 2025-11-11T21:14:08.122Z, 42.292357, -71.262720, 65.804000, 2.532000, 2.620000, 3, 166
286675.277778, 2025-11-11T21:14:08.178Z, 42.292357, -71.262718, 65.850000, 2.593000, 2.530000, 3, 166
286730.888889, 2025-11-11T21:14:08.233Z, 42.292358, -71.262715, 65.807000, 2.659000, 2.590000, 3, 166
286786.500000, 2025-11-11T21:14:08.289Z, 42.292358, -71.262713, 65.683000, 2.757000, 2.660000, 3, 166
286842.111111, 2025-11-11T21:14:08.345Z, 42.292359, -71.262711, 65.603000, 2.800000, 2.760000, 3, 166
286897.722222, 2025-11-11T21:14:08.400Z, 42.292360, -71.262709, 65.582000, 2.817000, 2.800000, 3, 166
286953.333333, 2025-11-11T21:14:08.456Z, 42.292361, -71.262707, 65.506000, 2.822000, 2.820000, 3, 166
287008.944444, 2025-11-11T21:14:08.511Z, 42.292361, -71.262704, 65.486000, 2.957000, 2.820000, 3, 166
287064.555556, 2025-11-11T21:14:08.567Z, 42.292362, -71.262702, 65.410000, 2.936000, 2.960000, 3, 166
287120.166667, 2025-11-11T21:14:08.623Z, 42.292363, -71.262700, 65.392000, 2.867000, 2.940000, 3, 166
287175.777778, 2025-11-11T21:14:08.678Z, 42.292363, -71.262698, 65.373000, 2.758000, 2.870000, 3, 166
287231.388889, 2025-11-11T21:14:08.734Z, 42.292363, -71.262696, 65.395000, 2.687000, 2.760000, 3, 166
287287.000000, 2025-11-11T21:14:08.779Z, 42.292364, -71.262694, 65.412000, 2.592000, 2.690000, 3, 166
287342.611111, 2025-11-11T21:14:08.834Z, 42.292364, -71.262692, 65.398000, 2.450000, 2.590000, 3, 166
287398.222222, 2025-11-11T21:14:08.890Z, 42.292364, -71.262690, 65.359000, 2.361000, 2.450000, 3, 166
287453.833333, 2025-11-11T21:14:08.945Z, 42.292365, -71.262689, 65.286000, 2.365000, 2.360000, 3, 166
287509.444444, 2025-11-11T21:14:09.001Z, 42.292365, -71.262687, 65.300000, 2.316000, 2.370000, 3, 166
287565.055556, 2025-11-11T21:14:09.057Z, 42.292365, -71.262685, 65.228000, 2.332000, 2.320000, 3, 166
287620.666667, 2025-11-11T21:14:09.112Z, 42.292365, -71.262683, 65.285000, 2.232000, 2.330000, 3, 166
287676.277778, 2025-11-11T21:14:09.168Z, 42.292366, -71.262681, 65.177000, 2.297000, 2.230000, 3, 166
287731.888889, 2025-11-11T21:14:09.223Z, 42.292367, -71.262679, 65.204000, 2.392000, 2.300000, 3, 166
287787.500000, 2025-11-11T21:14:09.279Z, 42.292368, -71.262678, 65.131000, 2.315000, 2.390000, 3, 166
287843.111111, 2025-11-11T21:14:09.335Z, 42.292369, -71.262676, 65.084000, 2.330000, 2.320000, 3, 166
287898.722222, 2025-11-11T21:14:09.390Z, 42.292369, -71.262674, 65.089000, 2.329000, 2.330000, 3, 166
287954.333333, 2025-11-11T21:14:09.446Z, 42.292370, -71.262673, 64.999000, 2.218000, 2.330000, 3, 166
288009.944444, 2025-11-11T21:14:09.501Z, 42.292370, -71.262671, 64.959000, 2.317000, 2.220000, 3, 166
288065.555556, 2025-11-11T21:14:09.557Z, 42.292371, -71.262669, 64.909000, 2.359000, 2.320000, 3, 166
288121.166667, 2025-11-11T21:14:09.613Z, 42.292372, -71.262667, 64.895000, 2.509000, 2.360000, 3, 166
288176.777778, 2025-11-11T21:14:09.668Z, 42.292373, -71.262665, 64.916000, 2.602000, 2.510000, 3, 166
288232.388889, 2025-11-11T21:14:09.724Z, 42.292373, -71.262664, 64.874000, 2.586000, 2.600000, 3, 166
288288.000000, 2025-11-11T21:14:09.824Z, 42.292374, -71.262662, 64.826000, 2.528000, 2.590000, 3, 166
288343.611111, 2025-11-11T21:14:09.879Z, 42.292374, -71.262660, 64.791000, 2.598000, 2.530000, 3, 166
288399.222222, 2025-11-11T21:14:09.935Z, 42.292375, -71.262659, 64.790000, 2.547000, 2.600000, 3, 166
288454.833333, 2025-11-11T21:14:09.990Z, 42.292376, -71.262657, 64.839000, 2.613000, 2.550000, 3, 166
288510.444444, 2025-11-11T21:14:10.046Z, 42.292376, -71.262655, 64.785000, 2.541000, 2.610000, 3, 166
288566.055556, 2025-11-11T21:14:10.102Z, 42.292377, -71.262654, 64.753000, 2.463000, 2.540000, 3, 166
288621.666667, 2025-11-11T21:14:10.157Z, 42.292377, -71.262652, 64.713000, 2.453000, 2.460000, 3, 166
288677.277778, 2025-11-11T21:14:10.213Z, 42.292378, -71.262651, 64.652000, 2.479000, 2.450000, 3, 166
288732.888889, 2025-11-11T21:14:10.268Z, 42.292378, -71.262649, 64.623000, 2.491000, 2.480000, 3, 166
288788.500000, 2025-11-11T21:14:10.324Z, 42.292379, -71.262647, 64.590000, 2.540000, 2.490000, 3, 166
288844.111111, 2025-11-11T21:14:10.380Z, 42.292379, -71.262645, 64.590000, 2.586000, 2.540000, 3, 166
288899.722222, 2025-11-11T21:14:10.435Z, 42.292380, -71.262643, 64.610000, 2.595000, 2.590000, 3, 166
288955.333333, 2025-11-11T21:14:10.491Z, 42.292381, -71.262642, 64.613000, 2.596000, 2.600000, 3, 166
289010.944444, 2025-11-11T21:14:10.546Z, 42.292381, -71.262640, 64.580000, 2.631000, 2.600000, 3, 166
289066.555556, 2025-11-11T21:14:10.602Z, 42.292382, -71.262638, 64.552000, 2.548000, 2.630000, 3, 166
289122.166667, 2025-11-11T21:14:10.658Z, 42.292382, -71.262636, 64.579000, 2.461000, 2.550000, 3, 166
289177.777778, 2025-11-11T21:14:10.713Z, 42.292383, -71.262635, 64.569000, 2.508000, 2.460000, 3, 166
289233.388889, 2025-11-11T21:14:10.769Z, 42.292384, -71.262633, 64.534000, 2.594000, 2.510000, 3, 166
289289.000000, 2025-11-11T21:14:10.814Z, 42.292385, -71.262631, 64.503000, 2.617000, 2.600000, 3, 170
289341.684211, 2025-11-11T21:14:10.866Z, 42.292385, -71.262629, 64.462000, 2.624000, 2.620000, 3, 170
289394.368421, 2025-11-11T21:14:10.919Z, 42.292386, -71.262627, 64.426000, 2.615000, 2.620000, 3, 170
289447.052632, 2025-11-11T21:14:10.972Z, 42.292387, -71.262626, 64.402000, 2.547000, 2.620000, 3, 170
289499.736842, 2025-11-11T21:14:11.024Z, 42.292388, -71.262625, 64.397000, 2.512000, 2.550000, 3, 170
289552.421053, 2025-11-11T21:14:11.077Z, 42.292389, -71.262624, 64.385000, 2.455000, 2.510000, 3, 170
289605.105263, 2025-11-11T21:14:11.130Z, 42.292389, -71.262622, 64.372000, 2.522000, 2.460000, 3, 170
289657.789474, 2025-11-11T21:14:11.182Z, 42.292390, -71.262620, 64.336000, 2.604000, 2.520000, 3, 170
289710.473684, 2025-11-11T21:14:11.235Z, 42.292390, -71.262617, 64.372000, 2.509000, 2.600000, 3, 170
289763.157895, 2025-11-11T21:14:11.288Z, 42.292391, -71.262615, 64.338000, 2.459000, 2.510000, 3, 170
289815.842105, 2025-11-11T21:14:11.340Z, 42.292391, -71.262614, 64.313000, 2.455000, 2.460000, 3, 170
289868.526316, 2025-11-11T21:14:11.393Z, 42.292392, -71.262612, 64.300000, 2.456000, 2.460000, 3, 170
289921.210526, 2025-11-11T21:14:11.446Z, 42.292392, -71.262610, 64.281000, 2.424000, 2.460000, 3, 170
289973.894737, 2025-11-11T21:14:11.498Z, 42.292392, -71.262608, 64.260000, 2.472000, 2.420000, 3, 170
290026.578947, 2025-11-11T21:14:11.551Z, 42.292393, -71.262607, 64.255000, 2.367000, 2.470000, 3, 170
290079.263158, 2025-11-11T21:14:11.604Z, 42.292393, -71.262605, 64.278000, 2.284000, 2.370000, 3, 170
290131.947368, 2025-11-11T21:14:11.656Z, 42.292393, -71.262603, 64.276000, 2.249000, 2.280000, 3, 170
290184.631579, 2025-11-11T21:14:11.709Z, 42.292394, -71.262602, 64.312000, 2.338000, 2.250000, 3, 170
290237.315789, 2025-11-11T21:14:11.762Z, 42.292395, -71.262600, 64.329000, 2.424000, 2.340000, 3, 170
290290.000000, 2025-11-11T21:14:11.804Z, 42.292395, -71.262598, 64.341000, 2.415000, 2.420000, 3, 170
290345.611111, 2025-11-11T21:14:11.859Z, 42.292396, -71.262597, 64.355000, 2.244000, 2.420000, 3, 170
290401.222222, 2025-11-11T21:14:11.915Z, 42.292397, -71.262595, 64.350000, 2.191000, 2.240000, 3, 170
290456.833333, 2025-11-11T21:14:11.970Z, 42.292397, -71.262594, 64.338000, 2.293000, 2.190000, 3, 170
290512.444444, 2025-11-11T21:14:12.026Z, 42.292398, -71.262592, 64.340000, 2.429000, 2.290000, 3, 170
290568.055556, 2025-11-11T21:14:12.082Z, 42.292400, -71.262590, 64.347000, 2.560000, 2.430000, 3, 170
290623.666667, 2025-11-11T21:14:12.137Z, 42.292401, -71.262589, 64.341000, 2.527000, 2.560000, 3, 170
290679.277778, 2025-11-11T21:14:12.193Z, 42.292402, -71.262587, 64.367000, 2.628000, 2.530000, 3, 170
290734.888889, 2025-11-11T21:14:12.248Z, 42.292403, -71.262585, 64.379000, 2.714000, 2.630000, 3, 170
290790.500000, 2025-11-11T21:14:12.304Z, 42.292403, -71.262584, 64.339000, 2.506000, 2.710000, 3, 170
290846.111111, 2025-11-11T21:14:12.360Z, 42.292404, -71.262582, 64.336000, 2.718000, 2.510000, 3, 170
290901.722222, 2025-11-11T21:14:12.415Z, 42.292405, -71.262580, 64.315000, 2.827000, 2.720000, 3, 170
290957.333333, 2025-11-11T21:14:12.471Z, 42.292406, -71.262579, 64.299000, 2.751000, 2.830000, 3, 170
291012.944444, 2025-11-11T21:14:12.526Z, 42.292407, -71.262578, 64.268000, 2.805000, 2.750000, 3, 170
291068.555556, 2025-11-11T21:14:12.582Z, 42.292408, -71.262576, 64.248000, 2.822000, 2.810000, 3, 170
291124.166667, 2025-11-11T21:14:12.638Z, 42.292409, -71.262575, 64.244000, 2.791000, 2.820000, 3, 170
291179.777778, 2025-11-11T21:14:12.693Z, 42.292409, -71.262574, 64.245000, 2.745000, 2.790000, 3, 170
291235.388889, 2025-11-11T21:14:12.749Z, 42.292410, -71.262572, 64.249000, 2.749000, 2.750000, 3, 170
291291.000000, 2025-11-11T21:14:12.794Z, 42.292411, -71.262570, 64.222000, 2.773000, 2.750000, 3, 170
291346.611111, 2025-11-11T21:14:12.849Z, 42.292412, -71.262569, 64.191000, 2.806000, 2.770000, 3, 170
291402.222222, 2025-11-11T21:14:12.905Z, 42.292413, -71.262567, 64.171000, 2.926000, 2.810000, 3, 170
291457.833333, 2025-11-11T21:14:12.960Z, 42.292414, -71.262565, 64.148000, 2.882000, 2.930000, 3, 170
291513.444444, 2025-11-11T21:14:13.016Z, 42.292414, -71.262564, 64.141000, 2.797000, 2.880000, 3, 170
291569.055556, 2025-11-11T21:14:13.072Z, 42.292415, -71.262563, 64.133000, 2.706000, 2.800000, 3, 170
291624.666667, 2025-11-11T21:14:13.127Z, 42.292416, -71.262561, 64.119000, 2.727000, 2.710000, 3, 170
291680.277778, 2025-11-11T21:14:13.183Z, 42.292416, -71.262559, 64.104000, 2.755000, 2.730000, 3, 170
291735.888889, 2025-11-11T21:14:13.238Z, 42.292417, -71.262558, 64.108000, 2.779000, 2.760000, 3, 170
291791.500000, 2025-11-11T21:14:13.294Z, 42.292418, -71.262556, 64.096000, 2.722000, 2.780000, 3, 170
291847.111111, 2025-11-11T21:14:13.350Z, 42.292418, -71.262555, 64.075000, 2.687000, 2.720000, 3, 170
291902.722222, 2025-11-11T21:14:13.405Z, 42.292419, -71.262553, 64.043000, 2.727000, 2.690000, 3, 170
291958.333333, 2025-11-11T21:14:13.461Z, 42.292420, -71.262552, 64.013000, 2.790000, 2.730000, 3, 170
292013.944444, 2025-11-11T21:14:13.516Z, 42.292421, -71.262551, 64.003000, 2.721000, 2.790000, 3, 170
292069.555556, 2025-11-11T21:14:13.572Z, 42.292422, -71.262549, 64.009000, 2.694000, 2.720000, 3, 170
292125.166667, 2025-11-11T21:14:13.628Z, 42.292423, -71.262548, 64.026000, 2.669000, 2.690000, 3, 170
292180.777778, 2025-11-11T21:14:13.683Z, 42.292423, -71.262547, 64.037000, 2.606000, 2.670000, 3, 170
292236.388889, 2025-11-11T21:14:13.739Z, 42.292424, -71.262545, 64.029000, 2.672000, 2.610000, 3, 170
292292.000000, 2025-11-11T21:14:13.839Z, 42.292425, -71.262544, 63.996000, 2.629000, 2.670000, 3, 170
292347.611111, 2025-11-11T21:14:13.894Z, 42.292426, -71.262542, 63.998000, 2.598000, 2.630000, 3, 170
292403.222222, 2025-11-11T21:14:13.950Z, 42.292426, -71.262541, 64.030000, 2.586000, 2.600000, 3, 170
292458.833333, 2025-11-11T21:14:14.005Z, 42.292427, -71.262540, 64.011000, 2.605000, 2.590000, 3, 170
292514.444444, 2025-11-11T21:14:14.061Z, 42.292427, -71.262538, 64.020000, 2.580000, 2.610000, 3, 170
292570.055556, 2025-11-11T21:14:14.117Z, 42.292428, -71.262537, 64.017000, 2.610000, 2.580000, 3, 170
292625.666667, 2025-11-11T21:14:14.172Z, 42.292429, -71.262535, 64.032000, 2.583000, 2.610000, 3, 170
292681.277778, 2025-11-11T21:14:14.228Z, 42.292429, -71.262534, 64.014000, 2.494000, 2.580000, 3, 170
292736.888889, 2025-11-11T21:14:14.283Z, 42.292430, -71.262533, 63.999000, 2.438000, 2.490000, 3, 170
292792.500000, 2025-11-11T21:14:14.339Z, 42.292431, -71.262531, 63.980000, 2.514000, 2.440000, 3, 170
292848.111111, 2025-11-11T21:14:14.395Z, 42.292432, -71.262530, 63.994000, 2.697000, 2.510000, 3, 170
292903.722222, 2025-11-11T21:14:14.450Z, 42.292432, -71.262529, 64.052000, 2.558000, 2.700000, 3, 170
292959.333333, 2025-11-11T21:14:14.506Z, 42.292433, -71.262528, 63.993000, 2.444000, 2.560000, 3, 170
293014.944444, 2025-11-11T21:14:14.561Z, 42.292434, -71.262526, 63.995000, 2.497000, 2.450000, 3, 170
293070.555556, 2025-11-11T21:14:14.617Z, 42.292434, -71.262525, 63.954000, 2.463000, 2.500000, 3, 170
293126.166667, 2025-11-11T21:14:14.673Z, 42.292435, -71.262524, 64.020000, 2.425000, 2.470000, 3, 170
293181.777778, 2025-11-11T21:14:14.728Z, 42.292436, -71.262522, 64.004000, 2.496000, 2.430000, 3, 170
293237.388889, 2025-11-11T21:14:14.784Z, 42.292436, -71.262521, 64.000000, 2.546000, 2.500000, 3, 170
293293.000000, 2025-11-11T21:14:14.829Z, 42.292437, -71.262519, 63.917000, 2.482000, 2.550000, 3, 170
293348.611111, 2025-11-11T21:14:14.884Z, 42.292438, -71.262518, 63.759000, 2.510000, 2.480000, 3, 170
293404.222222, 2025-11-11T21:14:14.940Z, 42.292439, -71.262517, 63.688000, 2.431000, 2.510000, 3, 170
293459.833333, 2025-11-11T21:14:14.995Z, 42.292439, -71.262516, 63.734000, 2.452000, 2.430000, 3, 170
293515.444444, 2025-11-11T21:14:15.051Z, 42.292440, -71.262514, 63.749000, 2.560000, 2.450000, 3, 170
293571.055556, 2025-11-11T21:14:15.107Z, 42.292441, -71.262513, 63.809000, 2.569000, 2.560000, 3, 170
293626.666667, 2025-11-11T21:14:15.162Z, 42.292441, -71.262512, 63.843000, 2.517000, 2.570000, 3, 170
293682.277778, 2025-11-11T21:14:15.218Z, 42.292442, -71.262510, 63.776000, 2.473000, 2.520000, 3, 170
293737.888889, 2025-11-11T21:14:15.273Z, 42.292443, -71.262509, 63.702000, 2.488000, 2.470000, 3, 170
293793.500000, 2025-11-11T21:14:15.329Z, 42.292443, -71.262508, 63.648000, 2.497000, 2.490000, 3, 170
293849.111111, 2025-11-11T21:14:15.385Z, 42.292445, -71.262506, 63.643000, 2.599000, 2.500000, 3, 170
293904.722222, 2025-11-11T21:14:15.440Z, 42.292445, -71.262505, 63.648000, 2.534000, 2.600000, 3, 170
293960.333333, 2025-11-11T21:14:15.496Z, 42.292445, -71.262503, 63.597000, 2.617000, 2.540000, 3, 170
294015.944444, 2025-11-11T21:14:15.551Z, 42.292446, -71.262502, 63.563000, 2.534000, 2.620000, 3, 170
294071.555556, 2025-11-11T21:14:15.607Z, 42.292446, -71.262501, 63.637000, 2.468000, 2.530000, 3, 170
294127.166667, 2025-11-11T21:14:15.663Z, 42.292447, -71.262499, 63.686000, 2.513000, 2.470000, 3, 170
294182.777778, 2025-11-11T21:14:15.718Z, 42.292448, -71.262498, 63.747000, 2.599000, 2.510000, 3, 170
294238.388889, 2025-11-11T21:14:15.774Z, 42.292448, -71.262496, 63.713000, 2.625000, 2.600000, 3, 170
294294.000000, 2025-11-11T21:14:15.819Z, 42.292449, -71.262495, 63.603000, 2.772000, 2.630000, 3, 170
294346.684211, 2025-11-11T21:14:15.871Z, 42.292450, -71.262494, 63.577000, 2.641000, 2.770000, 3, 170
294399.368421, 2025-11-11T21:14:15.924Z, 42.292451, -71.262493, 63.585000, 2.456000, 2.640000, 3, 170
294452.052632, 2025-11-11T21:14:15.977Z, 42.292451, -71.262492, 63.636000, 2.414000, 2.460000, 3, 170
294504.736842, 2025-11-11T21:14:16.029Z, 42.292452, -71.262491, 63.667000, 2.303000, 2.420000, 3, 170
294557.421053, 2025-11-11T21:14:16.082Z, 42.292453, -71.262490, 63.696000, 2.356000, 2.310000, 3, 170
294610.105263, 2025-11-11T21:14:16.135Z, 42.292453, -71.262489, 63.730000, 2.380000, 2.360000, 3, 170
294662.789474, 2025-11-11T21:14:16.187Z, 42.292454, -71.262488, 63.745000, 2.169000, 2.390000, 3, 170
294715.473684, 2025-11-11T21:14:16.240Z, 42.292454, -71.262487, 63.718000, 2.130000, 2.180000, 3, 170
294768.157895, 2025-11-11T21:14:16.293Z, 42.292455, -71.262485, 63.744000, 2.239000, 2.140000, 3, 170
294820.842105, 2025-11-11T21:14:16.345Z, 42.292455, -71.262484, 63.814000, 2.319000, 2.250000, 3, 170
294873.526316, 2025-11-11T21:14:16.398Z, 42.292456, -71.262483, 63.811000, 2.348000, 2.330000, 3, 170
294926.210526, 2025-11-11T21:14:16.451Z, 42.292457, -71.262481, 63.812000, 2.365000, 2.350000, 3, 170
294978.894737, 2025-11-11T21:14:16.503Z, 42.292457, -71.262480, 63.798000, 2.362000, 2.370000, 3, 170
295031.578947, 2025-11-11T21:14:16.556Z, 42.292458, -71.262479, 63.847000, 2.183000, 2.370000, 3, 170
295084.263158, 2025-11-11T21:14:16.609Z, 42.292459, -71.262478, 63.840000, 2.248000, 2.190000, 3, 170
295136.947368, 2025-11-11T21:14:16.661Z, 42.292459, -71.262477, 63.852000, 2.249000, 2.260000, 3, 170
295189.631579, 2025-11-11T21:14:16.714Z, 42.292460, -71.262476, 63.833000, 2.270000, 2.260000, 3, 170
295242.315789, 2025-11-11T21:14:16.767Z, 42.292461, -71.262475, 63.809000, 2.187000, 2.280000, 3, 170
295295.000000, 2025-11-11T21:14:16.864Z, 42.292461, -71.262474, 63.813000, 2.192000, 2.190000, 3, 170
295350.611111, 2025-11-11T21:14:16.919Z, 42.292462, -71.262472, 63.787000, 2.260000, 2.200000, 3, 170
295406.222222, 2025-11-11T21:14:16.975Z, 42.292463, -71.262471, 63.794000, 2.288000, 2.270000, 3, 170
295461.833333, 2025-11-11T21:14:17.030Z, 42.292464, -71.262470, 63.798000, 2.259000, 2.300000, 3, 170
295517.444444, 2025-11-11T21:14:17.086Z, 42.292465, -71.262469, 63.781000, 2.206000, 2.270000, 3, 170
295573.055556, 2025-11-11T21:14:17.142Z, 42.292466, -71.262468, 63.768000, 2.132000, 2.210000, 3, 170
295628.666667, 2025-11-11T21:14:17.197Z, 42.292467, -71.262467, 63.767000, 2.114000, 2.140000, 3, 170
295684.277778, 2025-11-11T21:14:17.253Z, 42.292467, -71.262466, 63.767000, 2.136000, 2.120000, 3, 170
295739.888889, 2025-11-11T21:14:17.308Z, 42.292468, -71.262465, 63.781000, 2.036000, 2.140000, 3, 170
295795.500000, 2025-11-11T21:14:17.364Z, 42.292468, -71.262464, 63.822000, 1.924000, 2.040000, 3, 170
295851.111111, 2025-11-11T21:14:17.420Z, 42.292469, -71.262463, 63.799000, 1.930000, 1.930000, 3, 170
295906.722222, 2025-11-11T21:14:17.475Z, 42.292469, -71.262463, 63.801000, 1.765000, 1.940000, 3, 170
295962.333333, 2025-11-11T21:14:17.531Z, 42.292469, -71.262462, 63.819000, 1.715000, 1.770000, 3, 170
296017.944444, 2025-11-11T21:14:17.586Z, 42.292470, -71.262462, 63.798000, 1.650000, 1.730000, 3, 170
296073.555556, 2025-11-11T21:14:17.642Z, 42.292470, -71.262461, 63.757000, 1.607000, 1.660000, 3, 170
296129.166667, 2025-11-11T21:14:17.698Z, 42.292471, -71.262460, 63.728000, 1.581000, 1.620000, 3, 170
296184.777778, 2025-11-11T21:14:17.753Z, 42.292471, -71.262459, 63.707000, 1.531000, 1.590000, 3, 170
296240.388889, 2025-11-11T21:14:17.809Z, 42.292471, -71.262458, 63.702000, 1.487000, 1.540000, 3, 170
296296.000000, 2025-11-11T21:14:17.799Z, 42.292471, -71.262458, 63.662000, 1.383000, 1.490000, 3, 170
296351.611111, 2025-11-11T21:14:17.854Z, 42.292471, -71.262457, 63.632000, 1.302000, 1.390000, 3, 170
296407.222222, 2025-11-11T21:14:17.910Z, 42.292471, -71.262456, 63.633000, 1.304000, 1.310000, 3, 170
296462.833333, 2025-11-11T21:14:17.965Z, 42.292471, -71.262455, 63.619000, 1.255000, 1.310000, 3, 170
296518.444444, 2025-11-11T21:14:18.021Z, 42.292471, -71.262455, 63.607000, 1.209000, 1.260000, 3, 170
296574.055556, 2025-11-11T21:14:18.077Z, 42.292471, -71.262454, 63.598000, 1.189000, 1.210000, 3, 170
296629.666667, 2025-11-11T21:14:18.132Z, 42.292471, -71.262453, 63.592000, 1.165000, 1.190000, 3, 170
296685.277778, 2025-11-11T21:14:18.188Z, 42.292470, -71.262452, 63.587000, 1.170000, 1.170000, 3, 170
296740.888889, 2025-11-11T21:14:18.243Z, 42.292469, -71.262452, 63.597000, 1.107000, 1.170000, 3, 170
296796.500000, 2025-11-11T21:14:18.299Z, 42.292469, -71.262451, 63.615000, 1.133000, 1.110000, 3, 170
296852.111111, 2025-11-11T21:14:18.355Z, 42.292470, -71.262450, 63.625000, 1.097000, 1.140000, 3, 170
296907.722222, 2025-11-11T21:14:18.410Z, 42.292470, -71.262449, 63.633000, 1.099000, 1.100000, 3, 170
296963.333333, 2025-11-11T21:14:18.466Z, 42.292470, -71.262448, 63.641000, 1.101000, 1.100000, 3, 170
297018.944444, 2025-11-11T21:14:18.521Z, 42.292470, -71.262447, 63.647000, 1.089000, 1.110000, 3, 170
297074.555556, 2025-11-11T21:14:18.577Z, 42.292471, -71.262446, 63.671000, 1.117000, 1.090000, 3, 170
297130.166667, 2025-11-11T21:14:18.633Z, 42.292471, -71.262446, 63.668000, 1.123000, 1.120000, 3, 170
297185.777778, 2025-11-11T21:14:18.688Z, 42.292471, -71.262445, 63.647000, 1.106000, 1.130000, 3, 170
297241.388889, 2025-11-11T21:14:18.744Z, 42.292471, -71.262444, 63.641000, 1.129000, 1.110000, 3, 170
297297.000000, 2025-11-11T21:14:18.844Z, 42.292471, -71.262443, 63.612000, 1.136000, 1.130000, 3, 166
297346.750000, 2025-11-11T21:14:18.893Z, 42.292471, -71.262443, 63.611000, 1.156000, 1.140000, 3, 166
297396.500000, 2025-11-11T21:14:18.943Z, 42.292471, -71.262442, 63.608000, 1.098000, 1.160000, 3, 166
297446.250000, 2025-11-11T21:14:18.993Z, 42.292471, -71.262442, 63.600000, 1.077000, 1.100000, 3, 166
